06U91A0460,X0221,MATHEMATICS - III,0,-1,0
06U91A0460,X0421,PROBABILITY THEORY & STO. PROCESSES,0,-1,0
06U91A0460,X0422,ENVIRONMENTAL STUDIES,0,-1,0
06U91A0460,X0423,SIGNALS & SYSTEMS,0,-1,0
06U91A0460,X0424,ELECTRICAL TEHCNOLOGY,0,-1,0
06U91A0460,X0425,ELECTRONICS CIRCUIT ANALYSIS,0,-1,0
08541A0218,W0221,ELECTRICAL MACHINES - I,15,16,0
08541A0218,X0221,MATHEMATICS - III,17,11,0
08541A0218,X0223,PULSE & DIGITAL CIRCUITS,14,6,0
08541A0218,X0224,SWITCHING THOERY & LOGIC DESIGN,15,6,0
08541A0218,X0225,ELECTROMAGNETIC FIELDS,13,1,0
08541A0340,X0322,OBJECT ORIENTED PROGRAMMING,7,0,0
08541A0340,X0323,MECHANICS OF SOLIDS,2,0,0
08541A1217,X1221,ADV. DATA STRUCTURES & ALGORITHMS,3,-1,0
09541A0221,X0223,PULSE & DIGITAL CIRCUITS,8,-1,0
09541A0322,X0322,OBJECT ORIENTED PROGRAMMING,8,0,0
09541A0542,X0521,PROBABILITY & STATISTICS,9,48,4
09545A0403,X0421,PROBABILITY THEORY & STO. PROCESSES,11,6,0
09545A0403,X0423,SIGNALS & SYSTEMS,12,15,0
10541A0244,R21024,ELECTRO MAGNETIC FIELD,6,11,0
10541A0244,R21026,ELECTRONIC DEVICES AND CIRCUITS,7,17,0
10541A0322,R21032,THERMODYNAMICS,14,7,0
10541A0346,R21013,ELECTRICAL AND ELECTRONICS ENGINEERING,8,32,4
10541A0482,R21041,ELECTRICAL TECHNOLOGY,7,16,0
10541A0482,R21044,SIGNALS & SYSTEMS,19,18,0
10541A0485,R21026,ELECTRONIC DEVICES AND CIRCUITS,9,16,0
10541A0485,R21044,SIGNALS & SYSTEMS,7,4,0
11481A05D3,R21026,ELECTRONIC DEVICES AND CIRCUITS,11,-1,0
11481A05D3,R21051,DATA STRUCTURES,17,-1,0
11481A05D3,R21054,DIGITAL LOGIC DESIGN,21,-1,0
11541A0212,R21022,MANAGERIAL ECONOMICS AND FINANCIAL ANALYSIS,4,37,4
11541A0212,R21025,ELECTRICAL MACHINES-I,8,2,0
11541A0212,R21026,ELECTRONIC DEVICES AND CIRCUITS,8,10,0
11541A0311,R21022,MANAGERIAL ECONOMICS AND FINANCIAL ANALYSIS,11,33,4
11541A0432,R21042,NETWORK ANALYSIS,14,16,0
11541A0432,R21043,PROBABILITY THEORY & STOCHASTIC PROCESSES,16,0,0
11541A0465,R21026,ELECTRONIC DEVICES AND CIRCUITS,18,8,0
11541A0465,R21042,NETWORK ANALYSIS,14,16,0
11541A0518,R21022,MANAGERIAL ECONOMICS AND FINANCIAL ANALYSIS,6,42,4
11541A0518,R21026,ELECTRONIC DEVICES AND CIRCUITS,8,-1,0
11541A0518,R21052,PROBABILITY & STATISTICS,16,-1,0
11541A0518,R21054,DIGITAL LOGIC DESIGN,2,-1,0
11541A0521,R21052,PROBABILITY & STATISTICS,16,0,0
11541A0521,R21054,DIGITAL LOGIC DESIGN,5,2,0
11541A0529,R21053,MATHEMATICAL FOUN. OF COMP.  SCI. AND ENGG.,11,7,0
11541A0529,R21054,DIGITAL LOGIC DESIGN,6,17,0
12541A0204,R21023,ELECTRICAL CIRCUIT ANALYSIS-I,12,30,4
12541A0204,R21026,ELECTRONIC DEVICES AND CIRCUITS,5,13,0
12541A0205,R21021,FLUID MECHANICS & HYDRAULIC MACHINES,13,9,0
12541A0205,R21023,ELECTRICAL CIRCUIT ANALYSIS-I,19,30,4
12541A0205,R21025,ELECTRICAL MACHINES-I,16,9,0
12541A0304,R21013,ELECTRICAL AND ELECTRONICS ENGINEERING,10,20,0
12541A0304,R21021,FLUID MECHANICS & HYDRAULIC MACHINES,10,32,4
12541A0304,R21022,MANAGERIAL ECONOMICS AND FINANCIAL ANALYSIS,17,33,4
12541A0304,R21032,THERMODYNAMICS,18,1,0
12541A0310,R21013,ELECTRICAL AND ELECTRONICS ENGINEERING,6,-1,0
12541A0310,R21031,ENGINEERING MECHANICS,4,0,0
12541A0318,R21013,ELECTRICAL AND ELECTRONICS ENGINEERING,11,14,0
12541A0318,R21021,FLUID MECHANICS & HYDRAULIC MACHINES,17,9,0
12541A0319,R21021,FLUID MECHANICS & HYDRAULIC MACHINES,12,20,0
12541A0405,R21026,ELECTRONIC DEVICES AND CIRCUITS,15,14,0
12541A0405,R21041,ELECTRICAL TECHNOLOGY,19,10,0
12541A0405,R21044,SIGNALS & SYSTEMS,11,19,0
12541A0408,R21022,MANAGERIAL ECONOMICS AND FINANCIAL ANALYSIS,12,13,0
12541A0410,R21026,ELECTRONIC DEVICES AND CIRCUITS,10,12,0
12541A0410,R21041,ELECTRICAL TECHNOLOGY,13,11,0
12541A0410,R21042,NETWORK ANALYSIS,14,0,0
12541A0410,R21043,PROBABILITY THEORY & STOCHASTIC PROCESSES,13,3,0
12541A0410,R21044,SIGNALS & SYSTEMS,8,23,0
12541A0416,R21022,MANAGERIAL ECONOMICS AND FINANCIAL ANALYSIS,5,20,0
12541A0416,R21042,NETWORK ANALYSIS,13,4,0
12541A0416,R21043,PROBABILITY THEORY & STOCHASTIC PROCESSES,14,10,0
12541A0416,R21044,SIGNALS & SYSTEMS,15,37,4
12541A0417,R21026,ELECTRONIC DEVICES AND CIRCUITS,13,-1,0
12541A0417,R21044,SIGNALS & SYSTEMS,8,-1,0
12541A0418,R21022,MANAGERIAL ECONOMICS AND FINANCIAL ANALYSIS,11,40,4
12541A0418,R21026,ELECTRONIC DEVICES AND CIRCUITS,11,9,0
12541A0418,R21041,ELECTRICAL TECHNOLOGY,14,26,4
12541A0418,R21042,NETWORK ANALYSIS,10,0,0
12541A0418,R21043,PROBABILITY THEORY & STOCHASTIC PROCESSES,13,-1,0
12541A0426,R21026,ELECTRONIC DEVICES AND CIRCUITS,13,16,0
12541A0426,R21041,ELECTRICAL TECHNOLOGY,16,35,4
12541A0426,R21043,PROBABILITY THEORY & STOCHASTIC PROCESSES,19,0,0
12541A0442,R21022,MANAGERIAL ECONOMICS AND FINANCIAL ANALYSIS,13,-1,0
12541A0442,R21026,ELECTRONIC DEVICES AND CIRCUITS,16,-1,0
12541A0442,R21041,ELECTRICAL TECHNOLOGY,16,-1,0
12541A0442,R21042,NETWORK ANALYSIS,17,-1,0
12541A0442,R21043,PROBABILITY THEORY & STOCHASTIC PROCESSES,15,-1,0
12541A0442,R21044,SIGNALS & SYSTEMS,13,-1,0
13541A0308,RT21033,THERMODYNAMICS,15,10,0
13541A0312,RT21033,THERMODYNAMICS,16,7,0
13541A0315,RT21032,MECHANICS OF SOLIDS,18,3,0
13541A0315,RT21033,THERMODYNAMICS,20,0,0
13541A0318,RT21032,MECHANICS OF SOLIDS,17,3,0
13541A0322,RT21032,MECHANICS OF SOLIDS,17,0,0
13541A0329,RT21032,MECHANICS OF SOLIDS,14,0,0
13541A0329,RT21033,THERMODYNAMICS,17,-1,0
13541A0336,RT21031,METALLURGY & MATERIALS SCIENCE,12,7,0
13541A0336,RT21032,MECHANICS OF SOLIDS,16,2,0
13541A0336,RT21033,THERMODYNAMICS,13,6,0
13541A0336,RT21034,MANAGERIAL ECONOMICS & FINANCIAL ANALYSIS,22,8,0
13541A0339,RT21033,THERMODYNAMICS,14,17,0
13541A0403,RT21041,ELECTRONIC DEVICES AND CIRCUITS,14,31,3
13541A0403,RT21044,SIGNALS AND SYSTEMS,19,5,0
13541A0411,RT21041,ELECTRONIC DEVICES AND CIRCUITS,17,16,0
13541A0411,RT21044,SIGNALS AND SYSTEMS,22,17,0
13541A0420,RT21044,SIGNALS AND SYSTEMS,17,25,3
13541A0421,RT21044,SIGNALS AND SYSTEMS,16,17,0
13541A0421,RT21045,ELECTRICAL TECHNOLOGY,19,25,3
13541A0423,RT21044,SIGNALS AND SYSTEMS,18,8,0
13541A0429,RT21044,SIGNALS AND SYSTEMS,23,15,0
13541A0429,RT21045,ELECTRICAL TECHNOLOGY,19,33,3
13541A0502,RT21034,MANAGERIAL ECONOMICS & FINANCIAL ANALYSIS,16,8,0
13541A0502,RT21042,DATA STRUCTURES,17,0,0
13541A0502,RT21051,OBJECT ORIENTED PROGRAMMING THROUGH C++,21,0,0
13541A0502,RT21052,MATHEMATICAL FOUNDATIONS OF COMLUTER SCIENC,18,0,0
13541A0502,RT21053,DIGITAL LOGIC DESIGN,19,0,0
13541A0508,RT21052,MATHEMATICAL FOUNDATIONS OF COMLUTER SCIENC,19,-1,0
13545A0403,R21042,NETWORK ANALYSIS,14,17,0
13545A0403,R21043,PROBABILITY THEORY & STOCHASTIC PROCESSES,19,4,0
13545A0411,R21043,PROBABILITY THEORY & STOCHASTIC PROCESSES,18,9,0
14541A0205,RT21022,THERMAL AND HYDRO LRIME MOVERS,17,6,0
14541A0205,RT21023,BASIC ELECTRONICS AND DEVICES,24,33,3
14541A0205,RT21024,COMPLEX VARIABLES AND STATISTICAL METHODS,17,12,0
14541A0210,RT21024,COMPLEX VARIABLES AND STATISTICAL METHODS,18,7,0
14541A0210,RT21026,ELECTRICAL MACHINES-I,19,2,0
14541A0211,RT21021,ELECTRICAL CIRCUIT ANALYSIS-II,23,41,3
14541A0214,RT21021,ELECTRICAL CIRCUIT ANALYSIS-II,16,4,0
14541A0214,RT21023,BASIC ELECTRONICS AND DEVICES,24,28,3
14541A0216,RT21024,COMPLEX VARIABLES AND STATISTICAL METHODS,21,-1,0
14541A0216,RT21025,ELECTRO MAGNETIC FIELDS,22,-1,0
14541A0219,RT21021,ELECTRICAL CIRCUIT ANALYSIS-II,20,29,3
14541A0220,RT21022,THERMAL AND HYDRO LRIME MOVERS,12,-1,0
14541A0220,RT21023,BASIC ELECTRONICS AND DEVICES,19,-1,0
14541A0220,RT21024,COMPLEX VARIABLES AND STATISTICAL METHODS,11,-1,0
14541A0221,RT21022,THERMAL AND HYDRO LRIME MOVERS,11,1,0
14541A0221,RT21023,BASIC ELECTRONICS AND DEVICES,18,41,3
14541A0226,RT21021,ELECTRICAL CIRCUIT ANALYSIS-II,18,14,0
14541A0226,RT21022,THERMAL AND HYDRO LRIME MOVERS,20,4,0
14541A0226,RT21023,BASIC ELECTRONICS AND DEVICES,18,17,0
14541A0226,RT21024,COMPLEX VARIABLES AND STATISTICAL METHODS,16,3,0
14541A0226,RT21025,ELECTRO MAGNETIC FIELDS,11,0,0
14541A0226,RT21026,ELECTRICAL MACHINES-I,16,5,0
14541A0235,RT21022,THERMAL AND HYDRO LRIME MOVERS,20,29,3
14541A0235,RT21026,ELECTRICAL MACHINES-I,21,11,0
14541A0236,RT21023,BASIC ELECTRONICS AND DEVICES,24,41,3
14541A0236,RT21026,ELECTRICAL MACHINES-I,23,17,0
14541A0237,RT21024,COMPLEX VARIABLES AND STATISTICAL METHODS,19,5,0
14541A0301,RT21032,MECHANICS OF SOLIDS,23,9,0
14541A0305,RT21031,METALLURGY & MATERIALS SCIENCE,13,10,0
14541A0305,RT21032,MECHANICS OF SOLIDS,16,2,0
14541A0305,RT21033,THERMODYNAMICS,23,0,0
14541A0306,RT21034,MANAGERIAL ECONOMICS & FINANCIAL ANALYSIS,24,38,3
14541A0309,RT21033,THERMODYNAMICS,20,29,3
14541A0309,RT21034,MANAGERIAL ECONOMICS & FINANCIAL ANALYSIS,23,32,3
14541A0310,RT21033,THERMODYNAMICS,18,0,0
14541A0311,RT21032,MECHANICS OF SOLIDS,20,5,0
14541A0311,RT21033,THERMODYNAMICS,23,6,0
14541A0313,RT21032,MECHANICS OF SOLIDS,16,2,0
14541A0313,RT21033,THERMODYNAMICS,18,17,0
14541A0316,RT21032,MECHANICS OF SOLIDS,19,2,0
14541A0316,RT21033,THERMODYNAMICS,21,13,0
14541A0316,RT21034,MANAGERIAL ECONOMICS & FINANCIAL ANALYSIS,22,34,3
14541A0317,RT21033,THERMODYNAMICS,18,42,3
14541A0324,RT21031,METALLURGY & MATERIALS SCIENCE,13,12,0
14541A0324,RT21032,MECHANICS OF SOLIDS,15,2,0
14541A0325,RT21032,MECHANICS OF SOLIDS,19,3,0
14541A0325,RT21033,THERMODYNAMICS,13,38,3
14541A0326,RT21033,THERMODYNAMICS,18,8,0
14541A0326,RT21034,MANAGERIAL ECONOMICS & FINANCIAL ANALYSIS,21,32,3
14541A0327,RT21031,METALLURGY & MATERIALS SCIENCE,15,9,0
14541A0327,RT21032,MECHANICS OF SOLIDS,17,8,0
14541A0327,RT21033,THERMODYNAMICS,17,29,3
14541A0328,RT21031,METALLURGY & MATERIALS SCIENCE,10,12,0
14541A0328,RT21032,MECHANICS OF SOLIDS,18,2,0
14541A0328,RT21033,THERMODYNAMICS,19,10,0
14541A0330,RT21032,MECHANICS OF SOLIDS,16,3,0
14541A0330,RT21033,THERMODYNAMICS,17,30,3
14541A0332,RT21031,METALLURGY & MATERIALS SCIENCE,12,8,0
14541A0332,RT21032,MECHANICS OF SOLIDS,15,-1,0
14541A0332,RT21033,THERMODYNAMICS,23,25,3
14541A0333,RT21031,METALLURGY & MATERIALS SCIENCE,17,0,0
14541A0333,RT21032,MECHANICS OF SOLIDS,12,0,0
14541A0333,RT21033,THERMODYNAMICS,19,29,3
14541A0334,RT21032,MECHANICS OF SOLIDS,24,0,0
14541A0335,RT21032,MECHANICS OF SOLIDS,23,0,0
14541A0342,RT21031,METALLURGY & MATERIALS SCIENCE,12,6,0
14541A0342,RT21033,THERMODYNAMICS,14,17,0
14541A0345,RT21033,THERMODYNAMICS,21,29,3
14541A0346,RT21031,METALLURGY & MATERIALS SCIENCE,19,8,0
14541A0346,RT21033,THERMODYNAMICS,20,29,3
14541A0348,RT21033,THERMODYNAMICS,20,15,0
14541A0349,RT21011,BASIC ELECTRICAL & ELECTRONICS ENGINEERING,13,6,0
14541A0349,RT21031,METALLURGY & MATERIALS SCIENCE,12,-1,0
14541A0349,RT21034,MANAGERIAL ECONOMICS & FINANCIAL ANALYSIS,17,14,0
14541A0350,RT21032,MECHANICS OF SOLIDS,21,9,0
14541A0351,RT21033,THERMODYNAMICS,17,34,3
14541A0357,RT21032,MECHANICS OF SOLIDS,23,14,0
14541A0359,RT21011,BASIC ELECTRICAL & ELECTRONICS ENGINEERING,15,35,3
14541A0359,RT21034,MANAGERIAL ECONOMICS & FINANCIAL ANALYSIS,17,33,3
14541A0361,RT21011,BASIC ELECTRICAL & ELECTRONICS ENGINEERING,14,7,0
14541A0361,RT21031,METALLURGY & MATERIALS SCIENCE,13,0,0
14541A0361,RT21032,MECHANICS OF SOLIDS,9,0,0
14541A0361,RT21033,THERMODYNAMICS,12,10,0
14541A0361,RT21034,MANAGERIAL ECONOMICS & FINANCIAL ANALYSIS,14,32,3
14541A0363,RT21031,METALLURGY & MATERIALS SCIENCE,12,6,0
14541A0363,RT21032,MECHANICS OF SOLIDS,19,6,0
14541A0363,RT21033,THERMODYNAMICS,21,31,3
14541A0364,RT21032,MECHANICS OF SOLIDS,18,3,0
14541A0365,RT21033,THERMODYNAMICS,19,36,3
14541A0366,RT21032,MECHANICS OF SOLIDS,19,2,0
14541A0368,RT21031,METALLURGY & MATERIALS SCIENCE,18,28,3
14541A0368,RT21032,MECHANICS OF SOLIDS,23,3,0
14541A0369,RT21031,METALLURGY & MATERIALS SCIENCE,16,12,0
14541A0369,RT21032,MECHANICS OF SOLIDS,18,2,0
14541A0369,RT21033,THERMODYNAMICS,20,29,3
14541A0370,RT21011,BASIC ELECTRICAL & ELECTRONICS ENGINEERING,16,39,3
14541A0370,RT21031,METALLURGY & MATERIALS SCIENCE,13,8,0
14541A0370,RT21034,MANAGERIAL ECONOMICS & FINANCIAL ANALYSIS,16,35,3
14541A0371,RT21033,THERMODYNAMICS,21,31,3
14541A0374,RT21033,THERMODYNAMICS,20,33,3
14541A0375,RT21011,BASIC ELECTRICAL & ELECTRONICS ENGINEERING,19,58,3
14541A0375,RT21031,METALLURGY & MATERIALS SCIENCE,14,46,3
14541A0379,RT21011,BASIC ELECTRICAL & ELECTRONICS ENGINEERING,14,13,0
14541A0379,RT21031,METALLURGY & MATERIALS SCIENCE,14,26,3
14541A0379,RT21032,MECHANICS OF SOLIDS,10,0,0
14541A0379,RT21033,THERMODYNAMICS,18,24,3
14541A0379,RT21034,MANAGERIAL ECONOMICS & FINANCIAL ANALYSIS,14,30,3
14541A0383,RT21031,METALLURGY & MATERIALS SCIENCE,14,9,0
14541A0383,RT21033,THERMODYNAMICS,17,18,0
14541A0385,RT21034,MANAGERIAL ECONOMICS & FINANCIAL ANALYSIS,14,36,3
14541A0386,RT21032,MECHANICS OF SOLIDS,15,4,0
14541A0386,RT21033,THERMODYNAMICS,17,34,3
14541A0386,RT21034,MANAGERIAL ECONOMICS & FINANCIAL ANALYSIS,21,34,3
14541A0389,RT21033,THERMODYNAMICS,24,29,3
14541A0390,RT21011,BASIC ELECTRICAL & ELECTRONICS ENGINEERING,17,36,3
14541A0390,RT21032,MECHANICS OF SOLIDS,17,6,0
14541A0390,RT21033,THERMODYNAMICS,15,31,3
14541A0392,RT21032,MECHANICS OF SOLIDS,16,8,0
14541A0394,RT21032,MECHANICS OF SOLIDS,16,4,0
14541A0394,RT21033,THERMODYNAMICS,20,37,3
14541A0401,RT21044,SIGNALS AND SYSTEMS,22,11,0
14541A0403,RT21041,ELECTRONIC DEVICES AND CIRCUITS,16,5,0
14541A0403,RT21044,SIGNALS AND SYSTEMS,21,18,0
14541A0405,RT21041,ELECTRONIC DEVICES AND CIRCUITS,10,6,0
14541A0405,RT21042,DATA STRUCTURES,16,14,0
14541A0405,RT21044,SIGNALS AND SYSTEMS,10,19,0
14541A0405,RT21045,ELECTRICAL TECHNOLOGY,10,7,0
14541A0410,RT21044,SIGNALS AND SYSTEMS,18,17,0
14541A0415,RT21045,ELECTRICAL TECHNOLOGY,18,-1,0
14541A0417,RT21034,MANAGERIAL ECONOMICS & FINANCIAL ANALYSIS,20,31,3
14541A0417,RT21041,ELECTRONIC DEVICES AND CIRCUITS,16,24,3
14541A0417,RT21043,ENVIRONMENTAL STUDIES,14,18,0
14541A0420,RT21041,ELECTRONIC DEVICES AND CIRCUITS,23,35,3
14541A0420,RT21044,SIGNALS AND SYSTEMS,19,25,3
14541A0425,RT21041,ELECTRONIC DEVICES AND CIRCUITS,17,31,3
14541A0425,RT21043,ENVIRONMENTAL STUDIES,17,35,3
14541A0433,RT21041,ELECTRONIC DEVICES AND CIRCUITS,21,35,3
14541A0435,RT21034,MANAGERIAL ECONOMICS & FINANCIAL ANALYSIS,17,10,0
14541A0435,RT21041,ELECTRONIC DEVICES AND CIRCUITS,19,24,3
14541A0435,RT21042,DATA STRUCTURES,16,7,0
14541A0435,RT21043,ENVIRONMENTAL STUDIES,16,24,3
14541A0435,RT21044,SIGNALS AND SYSTEMS,18,9,0
14541A0435,RT21045,ELECTRICAL TECHNOLOGY,17,6,0
14541A0437,RT21043,ENVIRONMENTAL STUDIES,15,14,0
14541A0437,RT21044,SIGNALS AND SYSTEMS,19,7,0
14541A0438,RT21041,ELECTRONIC DEVICES AND CIRCUITS,17,31,3
14541A0438,RT21043,ENVIRONMENTAL STUDIES,20,24,3
14541A0440,RT21042,DATA STRUCTURES,18,14,0
14541A0440,RT21044,SIGNALS AND SYSTEMS,20,14,0
14541A0442,RT21044,SIGNALS AND SYSTEMS,19,13,0
14541A0446,RT21041,ELECTRONIC DEVICES AND CIRCUITS,16,30,3
14541A0446,RT21044,SIGNALS AND SYSTEMS,19,24,3
14541A0447,RT21034,MANAGERIAL ECONOMICS & FINANCIAL ANALYSIS,14,32,3
14541A0447,RT21041,ELECTRONIC DEVICES AND CIRCUITS,16,12,0
14541A0447,RT21045,ELECTRICAL TECHNOLOGY,16,7,0
14541A0456,RT21043,ENVIRONMENTAL STUDIES,18,20,0
14541A0456,RT21044,SIGNALS AND SYSTEMS,18,12,0
14541A0459,RT21044,SIGNALS AND SYSTEMS,16,6,0
14541A0462,RT21044,SIGNALS AND SYSTEMS,21,31,3
14541A0465,RT21045,ELECTRICAL TECHNOLOGY,17,4,0
14541A0466,RT21043,ENVIRONMENTAL STUDIES,20,24,3
14541A0466,RT21044,SIGNALS AND SYSTEMS,21,11,0
14541A0470,RT21041,ELECTRONIC DEVICES AND CIRCUITS,19,16,0
14541A0470,RT21045,ELECTRICAL TECHNOLOGY,17,9,0
14541A0472,RT21041,ELECTRONIC DEVICES AND CIRCUITS,18,30,3
14541A0472,RT21044,SIGNALS AND SYSTEMS,20,9,0
14541A0475,RT21043,ENVIRONMENTAL STUDIES,17,24,3
14541A0475,RT21044,SIGNALS AND SYSTEMS,21,26,3
14541A0476,RT21041,ELECTRONIC DEVICES AND CIRCUITS,22,29,3
14541A0478,RT21044,SIGNALS AND SYSTEMS,21,25,3
14541A0478,RT21045,ELECTRICAL TECHNOLOGY,17,30,3
14541A0482,RT21044,SIGNALS AND SYSTEMS,17,11,0
14541A0518,RT21042,DATA STRUCTURES,22,43,3
14541A0518,RT21051,OBJECT ORIENTED PROGRAMMING THROUGH C++,20,14,0
14541A0518,RT21053,DIGITAL LOGIC DESIGN,22,31,3
14541A0522,RT21053,DIGITAL LOGIC DESIGN,17,3,0
14541A0524,RT21051,OBJECT ORIENTED PROGRAMMING THROUGH C++,23,4,0
14541A0524,RT21053,DIGITAL LOGIC DESIGN,22,8,0
14541A0526,RT21051,OBJECT ORIENTED PROGRAMMING THROUGH C++,19,16,0
14541A0526,RT21053,DIGITAL LOGIC DESIGN,18,9,0
14541A0533,RT21042,DATA STRUCTURES,20,29,3
14541A0533,RT21053,DIGITAL LOGIC DESIGN,11,0,0
14541A0544,RT21051,OBJECT ORIENTED PROGRAMMING THROUGH C++,16,6,0
14541A0546,RT21042,DATA STRUCTURES,24,43,3
14541A0546,RT21052,MATHEMATICAL FOUNDATIONS OF COMLUTER SCIENC,20,60,3
14541A0549,RT21051,OBJECT ORIENTED PROGRAMMING THROUGH C++,18,2,0
14541A0549,RT21052,MATHEMATICAL FOUNDATIONS OF COMLUTER SCIENC,18,4,0
14541A0549,RT21053,DIGITAL LOGIC DESIGN,19,4,0
14545A0203,RT21022,THERMAL AND HYDRO LRIME MOVERS,17,7,0
14545A0203,RT21023,BASIC ELECTRONICS AND DEVICES,21,-1,0
14545A0203,RT21024,COMPLEX VARIABLES AND STATISTICAL METHODS,17,5,0
14545A0203,RT21025,ELECTRO MAGNETIC FIELDS,20,18,0
14545A0210,RT21024,COMPLEX VARIABLES AND STATISTICAL METHODS,14,-1,0
14545A0210,RT21025,ELECTRO MAGNETIC FIELDS,15,-1,0
14545A0210,RT21026,ELECTRICAL MACHINES-I,9,-1,0
14545A0304,RT21033,THERMODYNAMICS,13,8,0
14545A0306,RT21033,THERMODYNAMICS,18,24,3
14545A0307,RT21032,MECHANICS OF SOLIDS,18,11,0
14545A0309,RT21011,BASIC ELECTRICAL & ELECTRONICS ENGINEERING,25,7,0
14545A0309,RT21031,METALLURGY & MATERIALS SCIENCE,22,46,3
14545A0309,RT21032,MECHANICS OF SOLIDS,21,2,0
14545A0309,RT21033,THERMODYNAMICS,18,0,0
14545A0401,RT21045,ELECTRICAL TECHNOLOGY,16,0,0
14545A0404,RT21044,SIGNALS AND SYSTEMS,16,3,0
14545A0404,RT21045,ELECTRICAL TECHNOLOGY,18,2,0
14545A0412,RT21042,DATA STRUCTURES,15,14,0
14545A0412,RT21044,SIGNALS AND SYSTEMS,20,14,0
14545A0414,RT21044,SIGNALS AND SYSTEMS,20,26,3
14545A0416,RT21041,ELECTRONIC DEVICES AND CIRCUITS,17,-1,0
14545A0416,RT21042,DATA STRUCTURES,18,10,0
14545A0416,RT21044,SIGNALS AND SYSTEMS,20,-1,0
14545A0416,RT21045,ELECTRICAL TECHNOLOGY,17,-1,0
14545A0417,RT21045,ELECTRICAL TECHNOLOGY,16,9,0
15545A0201,RT21024,COMPLEX VARIABLES AND STATISTICAL METHODS,16,13,0
15545A0201,RT21026,ELECTRICAL MACHINES-I,19,15,0
15545A0202,RT21023,BASIC ELECTRONICS AND DEVICES,15,15,0
15545A0202,RT21024,COMPLEX VARIABLES AND STATISTICAL METHODS,20,29,3
15545A0202,RT21025,ELECTRO MAGNETIC FIELDS,11,-1,0
15545A0203,RT21024,COMPLEX VARIABLES AND STATISTICAL METHODS,15,16,0
15545A0204,RT21024,COMPLEX VARIABLES AND STATISTICAL METHODS,21,24,3
15545A0204,RT21026,ELECTRICAL MACHINES-I,24,17,0
15545A0206,RT21023,BASIC ELECTRONICS AND DEVICES,23,39,3
15545A0208,RT21021,ELECTRICAL CIRCUIT ANALYSIS-II,14,2,0
15545A0208,RT21022,THERMAL AND HYDRO LRIME MOVERS,19,3,0
15545A0208,RT21024,COMPLEX VARIABLES AND STATISTICAL METHODS,18,1,0
15545A0208,RT21025,ELECTRO MAGNETIC FIELDS,16,2,0
15545A0208,RT21026,ELECTRICAL MACHINES-I,17,4,0
15545A0209,RT21022,THERMAL AND HYDRO LRIME MOVERS,21,29,3
15545A0209,RT21023,BASIC ELECTRONICS AND DEVICES,19,30,3
15545A0211,RT21021,ELECTRICAL CIRCUIT ANALYSIS-II,19,28,3
15545A0211,RT21023,BASIC ELECTRONICS AND DEVICES,27,24,3
15545A0211,RT21025,ELECTRO MAGNETIC FIELDS,12,4,0
15545A0213,RT21024,COMPLEX VARIABLES AND STATISTICAL METHODS,22,29,3
15545A0213,RT21025,ELECTRO MAGNETIC FIELDS,16,34,3
15545A0301,RT21033,THERMODYNAMICS,22,29,3
15545A0302,RT21011,BASIC ELECTRICAL & ELECTRONICS ENGINEERING,16,24,3
15545A0302,RT21031,METALLURGY & MATERIALS SCIENCE,16,-1,0
15545A0302,RT21032,MECHANICS OF SOLIDS,19,7,0
15545A0302,RT21033,THERMODYNAMICS,17,3,0
15545A0302,RT21034,MANAGERIAL ECONOMICS & FINANCIAL ANALYSIS,18,29,3
15545A0303,RT21033,THERMODYNAMICS,18,10,0
15545A0303,RT21034,MANAGERIAL ECONOMICS & FINANCIAL ANALYSIS,18,35,3
15545A0304,RT21033,THERMODYNAMICS,13,7,0
15545A0305,RT21031,METALLURGY & MATERIALS SCIENCE,17,41,3
15545A0305,RT21033,THERMODYNAMICS,22,29,3
15545A0306,RT21032,MECHANICS OF SOLIDS,18,18,0
15545A0307,RT21033,THERMODYNAMICS,20,12,0
15545A0308,RT21011,BASIC ELECTRICAL & ELECTRONICS ENGINEERING,17,33,3
15545A0308,RT21032,MECHANICS OF SOLIDS,18,3,0
15545A0308,RT21033,THERMODYNAMICS,13,7,0
15545A0309,RT21033,THERMODYNAMICS,19,33,3
15545A0310,RT21011,BASIC ELECTRICAL & ELECTRONICS ENGINEERING,17,37,3
15545A0310,RT21032,MECHANICS OF SOLIDS,16,24,3
15545A0313,RT21031,METALLURGY & MATERIALS SCIENCE,12,4,0
15545A0313,RT21032,MECHANICS OF SOLIDS,17,6,0
15545A0313,RT21033,THERMODYNAMICS,18,0,0
15545A0401,RT21041,ELECTRONIC DEVICES AND CIRCUITS,24,15,0
15545A0401,RT21043,ENVIRONMENTAL STUDIES,17,13,0
15545A0401,RT21044,SIGNALS AND SYSTEMS,18,2,0
15545A0401,RT21045,ELECTRICAL TECHNOLOGY,16,6,0
15545A0402,RT21041,ELECTRONIC DEVICES AND CIRCUITS,18,33,3
15545A0402,RT21043,ENVIRONMENTAL STUDIES,17,24,3
15545A0405,RT21041,ELECTRONIC DEVICES AND CIRCUITS,15,0,0
15545A0405,RT21042,DATA STRUCTURES,16,8,0
15545A0405,RT21044,SIGNALS AND SYSTEMS,18,0,0
15545A0405,RT21045,ELECTRICAL TECHNOLOGY,17,0,0
15545A0407,RT21041,ELECTRONIC DEVICES AND CIRCUITS,19,29,3
15545A0407,RT21043,ENVIRONMENTAL STUDIES,19,24,3
15545A0407,RT21044,SIGNALS AND SYSTEMS,14,12,0
15545A0408,RT21044,SIGNALS AND SYSTEMS,18,9,0
15545A0408,RT21045,ELECTRICAL TECHNOLOGY,16,16,0
15545A0409,RT21041,ELECTRONIC DEVICES AND CIRCUITS,19,0,0
15545A0409,RT21044,SIGNALS AND SYSTEMS,15,0,0
15545A0409,RT21045,ELECTRICAL TECHNOLOGY,16,2,0
15545A0410,RT21041,ELECTRONIC DEVICES AND CIRCUITS,16,18,0
15545A0410,RT21044,SIGNALS AND SYSTEMS,16,-1,0
15545A0413,RT21034,MANAGERIAL ECONOMICS & FINANCIAL ANALYSIS,15,40,3
15545A0413,RT21043,ENVIRONMENTAL STUDIES,15,25,3
15545A0413,RT21045,ELECTRICAL TECHNOLOGY,15,0,0
15545A0414,RT21044,SIGNALS AND SYSTEMS,24,-1,0
15545A0415,RT21034,MANAGERIAL ECONOMICS & FINANCIAL ANALYSIS,16,37,3
15545A0415,RT21044,SIGNALS AND SYSTEMS,15,13,0
15545A0416,RT21042,DATA STRUCTURES,17,5,0
15545A0416,RT21044,SIGNALS AND SYSTEMS,17,4,0
15545A0417,RT21043,ENVIRONMENTAL STUDIES,19,17,0
15545A0417,RT21044,SIGNALS AND SYSTEMS,18,6,0
15545A0417,RT21045,ELECTRICAL TECHNOLOGY,17,11,0
15545A0419,RT21041,ELECTRONIC DEVICES AND CIRCUITS,12,7,0
15545A0419,RT21043,ENVIRONMENTAL STUDIES,12,20,0
15545A0419,RT21044,SIGNALS AND SYSTEMS,13,3,0
15545A0422,RT21044,SIGNALS AND SYSTEMS,18,1,0
15545A0423,RT21043,ENVIRONMENTAL STUDIES,14,12,0
15545A0423,RT21044,SIGNALS AND SYSTEMS,17,2,0
15545A0425,RT21041,ELECTRONIC DEVICES AND CIRCUITS,24,31,3
15545A0425,RT21043,ENVIRONMENTAL STUDIES,18,30,3
15545A0426,RT21044,SIGNALS AND SYSTEMS,19,4,0
15545A0427,RT21041,ELECTRONIC DEVICES AND CIRCUITS,13,16,0
15545A0427,RT21043,ENVIRONMENTAL STUDIES,10,15,0
15545A0427,RT21044,SIGNALS AND SYSTEMS,18,0,0
15545A0505,RT21042,DATA STRUCTURES,24,15,0
15545A0505,RT21051,OBJECT ORIENTED PROGRAMMING THROUGH C++,17,3,0
15545A0505,RT21052,MATHEMATICAL FOUNDATIONS OF COMLUTER SCIENC,16,4,0
15545A0505,RT21054,OBJECT ORIENTED PROGRAMMING LAB,22,45,2
15545A0506,RT21042,DATA STRUCTURES,22,32,3
