16541A0201,R1621025,THERMAL AND HYDRO PRIME MOVERS,F,0
16541A0202,R1621024,ELECTRO MAGNETIC FIELDS,C,3
16541A0205,R1621022,ELECTRICAL MACHINES-I,F,0
16541A0205,R1621024,ELECTRO MAGNETIC FIELDS,D,3
16541A0205,R1621025,THERMAL AND HYDRO PRIME MOVERS,F,0
16541A0207,R1621021,ELECTRICAL CIRCUIT ANALYSIS - II,C,3
16541A0207,R1621022,ELECTRICAL MACHINES-I,F,0
16541A0209,R1621022,ELECTRICAL MACHINES-I,F,0
16541A0209,R1621024,ELECTRO MAGNETIC FIELDS,C,3
16541A0209,R1621025,THERMAL AND HYDRO PRIME MOVERS,D,3
16541A0210,R1621024,ELECTRO MAGNETIC FIELDS,ABSENT,0
16541A0215,R1621022,ELECTRICAL MACHINES-I,F,0
16541A0215,R1621024,ELECTRO MAGNETIC FIELDS,C,3
16541A0216,R1621021,ELECTRICAL CIRCUIT ANALYSIS - II,C,3
16541A0218,R1621023,BASIC ELECTRONICS AND DEVICES,D,3
16541A0220,R1621021,ELECTRICAL CIRCUIT ANALYSIS - II,D,3
16541A0220,R1621022,ELECTRICAL MACHINES-I,F,0
16541A0220,R1621023,BASIC ELECTRONICS AND DEVICES,D,3
16541A0220,R1621024,ELECTRO MAGNETIC FIELDS,B,3
16541A0220,R1621026,MANAGERIAL ECONOMICS & FINANCIAL ANALYSI,D,3
16541A0221,R1621026,MANAGERIAL ECONOMICS & FINANCIAL ANALYSI,C,3
16541A0224,R1621021,ELECTRICAL CIRCUIT ANALYSIS - II,F,0
16541A0224,R1621022,ELECTRICAL MACHINES-I,F,0
16541A0224,R1621023,BASIC ELECTRONICS AND DEVICES,D,3
16541A0224,R1621024,ELECTRO MAGNETIC FIELDS,B,3
16541A0224,R1621025,THERMAL AND HYDRO PRIME MOVERS,F,0
16541A0224,R1621026,MANAGERIAL ECONOMICS & FINANCIAL ANALYSI,D,3
16541A0226,R1621023,BASIC ELECTRONICS AND DEVICES,D,3
16541A0226,R1621025,THERMAL AND HYDRO PRIME MOVERS,F,0
16541A0227,R1621021,ELECTRICAL CIRCUIT ANALYSIS - II,F,0
16541A0227,R1621024,ELECTRO MAGNETIC FIELDS,ABSENT,0
16541A0303,R1621026,MANAGERIAL ECONOMICS & FINANCIAL ANALYSI,C,3
16541A0303,R1621031,METALLURGY & MATERIALS SCIENCE,F,0
16541A0303,R1621032,MECHANICS OF SOLIDS,F,0
16541A0303,R1621033,THERMODYNAMICS,F,0
16541A0303,R1621034,FLUID MECHANICS & HYDRAULIC MACHINERY,D,3
16541A0307,R1621031,METALLURGY & MATERIALS SCIENCE,F,0
16541A0307,R1621032,MECHANICS OF SOLIDS,F,0
16541A0307,R1621034,FLUID MECHANICS & HYDRAULIC MACHINERY,F,0
16541A0311,R1621032,MECHANICS OF SOLIDS,F,0
16541A0316,R1621031,METALLURGY & MATERIALS SCIENCE,C,3
16541A0316,R1621032,MECHANICS OF SOLIDS,D,3
16541A0319,R1621026,MANAGERIAL ECONOMICS & FINANCIAL ANALYSI,F,0
16541A0319,R1621032,MECHANICS OF SOLIDS,F,0
16541A0319,R1621033,THERMODYNAMICS,F,0
16541A0319,R1621034,FLUID MECHANICS & HYDRAULIC MACHINERY,F,0
16541A0326,R1621034,FLUID MECHANICS & HYDRAULIC MACHINERY,ABSENT,0
16541A0329,R1621031,METALLURGY & MATERIALS SCIENCE,F,0
16541A0329,R1621033,THERMODYNAMICS,F,0
16541A0330,R1621032,MECHANICS OF SOLIDS,F,0
16541A0330,R1621034,FLUID MECHANICS & HYDRAULIC MACHINERY,D,3
16541A0332,R1621026,MANAGERIAL ECONOMICS & FINANCIAL ANALYSI,D,3
16541A0332,R1621032,MECHANICS OF SOLIDS,F,0
16541A0332,R1621034,FLUID MECHANICS & HYDRAULIC MACHINERY,D,3
16541A0334,R1621032,MECHANICS OF SOLIDS,ABSENT,0
16541A0334,R1621034,FLUID MECHANICS & HYDRAULIC MACHINERY,ABSENT,0
16541A0336,R1621031,METALLURGY & MATERIALS SCIENCE,F,0
16541A0336,R1621032,MECHANICS OF SOLIDS,F,0
16541A0336,R1621033,THERMODYNAMICS,F,0
16541A0337,R1621026,MANAGERIAL ECONOMICS & FINANCIAL ANALYSI,F,0
16541A0337,R1621031,METALLURGY & MATERIALS SCIENCE,F,0
16541A0337,R1621033,THERMODYNAMICS,F,0
16541A0340,R1621026,MANAGERIAL ECONOMICS & FINANCIAL ANALYSI,D,3
16541A0340,R1621031,METALLURGY & MATERIALS SCIENCE,F,0
16541A0340,R1621032,MECHANICS OF SOLIDS,F,0
16541A0340,R1621033,THERMODYNAMICS,F,0
16541A0340,R1621034,FLUID MECHANICS & HYDRAULIC MACHINERY,D,3
16541A0342,R1621026,MANAGERIAL ECONOMICS & FINANCIAL ANALYSI,D,3
16541A0342,R1621032,MECHANICS OF SOLIDS,F,0
16541A0342,R1621033,THERMODYNAMICS,F,0
16541A0343,R1621032,MECHANICS OF SOLIDS,F,0
16541A0344,R1621026,MANAGERIAL ECONOMICS & FINANCIAL ANALYSI,D,3
16541A0344,R1621032,MECHANICS OF SOLIDS,F,0
16541A0344,R1621034,FLUID MECHANICS & HYDRAULIC MACHINERY,D,3
16541A0346,R1621026,MANAGERIAL ECONOMICS & FINANCIAL ANALYSI,F,0
16541A0346,R1621033,THERMODYNAMICS,F,0
16541A0348,R1621032,MECHANICS OF SOLIDS,F,0
16541A0348,R1621033,THERMODYNAMICS,F,0
16541A0349,R1621026,MANAGERIAL ECONOMICS & FINANCIAL ANALYSI,ABSENT,0
16541A0349,R1621031,METALLURGY & MATERIALS SCIENCE,F,0
16541A0349,R1621032,MECHANICS OF SOLIDS,F,0
16541A0349,R1621034,FLUID MECHANICS & HYDRAULIC MACHINERY,F,0
16541A0350,R1621026,MANAGERIAL ECONOMICS & FINANCIAL ANALYSI,D,3
16541A0350,R1621032,MECHANICS OF SOLIDS,F,0
16541A0350,R1621033,THERMODYNAMICS,F,0
16541A0350,R1621034,FLUID MECHANICS & HYDRAULIC MACHINERY,F,0
16541A0353,R1621026,MANAGERIAL ECONOMICS & FINANCIAL ANALYSI,D,3
16541A0353,R1621033,THERMODYNAMICS,F,0
16541A0357,R1621032,MECHANICS OF SOLIDS,C,3
16541A0357,R1621034,FLUID MECHANICS & HYDRAULIC MACHINERY,C,3
16541A0361,R1621032,MECHANICS OF SOLIDS,ABSENT,0
16541A0361,R1621033,THERMODYNAMICS,F,0
16541A0362,R1621032,MECHANICS OF SOLIDS,F,0
16541A0362,R1621034,FLUID MECHANICS & HYDRAULIC MACHINERY,C,3
16541A0401,R1621042,SWITCHING THEORY AND LOGIC DESIGN,F,0
16541A0401,R1621043,SIGNALS AND SYSTEMS,ABSENT,0
16541A0403,R1621042,SWITCHING THEORY AND LOGIC DESIGN,C,3
16541A0404,R1621041,ELECTRONIC DEVICES AND CIRCUITS,F,0
16541A0404,R1621044,NETWORK ANALYSIS,C,3
16541A0408,R1621044,NETWORK ANALYSIS,C,3
16541A0409,R1621043,SIGNALS AND SYSTEMS,D,3
16541A0409,R1621044,NETWORK ANALYSIS,D,3
16541A0410,R1621026,MANAGERIAL ECONOMICS & FINANCIAL ANALYSI,D,3
16541A0410,R1621042,SWITCHING THEORY AND LOGIC DESIGN,ABSENT,0
16541A0411,R1621042,SWITCHING THEORY AND LOGIC DESIGN,ABSENT,0
16541A0411,R1621044,NETWORK ANALYSIS,ABSENT,0
16541A0411,R1621045,RANDOM VARIABLES AND STOCHASTIC PROCESS,ABSENT,0
16541A0413,R1621041,ELECTRONIC DEVICES AND CIRCUITS,F,0
16541A0413,R1621043,SIGNALS AND SYSTEMS,C,3
16541A0413,R1621045,RANDOM VARIABLES AND STOCHASTIC PROCESS,C,3
16541A0414,R1621043,SIGNALS AND SYSTEMS,ABSENT,0
16541A0415,R1621042,SWITCHING THEORY AND LOGIC DESIGN,D,3
16541A0415,R1621044,NETWORK ANALYSIS,F,0
16541A0419,R1621042,SWITCHING THEORY AND LOGIC DESIGN,B,3
16541A0420,R1621041,ELECTRONIC DEVICES AND CIRCUITS,F,0
16541A0420,R1621044,NETWORK ANALYSIS,ABSENT,0
16541A0421,R1621043,SIGNALS AND SYSTEMS,C,3
16541A0421,R1621045,RANDOM VARIABLES AND STOCHASTIC PROCESS,D,3
16541A0422,R1621043,SIGNALS AND SYSTEMS,C,3
16541A0422,R1621044,NETWORK ANALYSIS,F,0
16541A0422,R1621045,RANDOM VARIABLES AND STOCHASTIC PROCESS,ABSENT,0
16541A0423,R1621044,NETWORK ANALYSIS,B,3
16541A0425,R1621026,MANAGERIAL ECONOMICS & FINANCIAL ANALYSI,ABSENT,0
16541A0425,R1621042,SWITCHING THEORY AND LOGIC DESIGN,F,0
16541A0425,R1621043,SIGNALS AND SYSTEMS,C,3
16541A0426,R1621026,MANAGERIAL ECONOMICS & FINANCIAL ANALYSI,ABSENT,0
16541A0426,R1621041,ELECTRONIC DEVICES AND CIRCUITS,F,0
16541A0426,R1621042,SWITCHING THEORY AND LOGIC DESIGN,F,0
16541A0426,R1621043,SIGNALS AND SYSTEMS,ABSENT,0
16541A0426,R1621044,NETWORK ANALYSIS,F,0
16541A0426,R1621045,RANDOM VARIABLES AND STOCHASTIC PROCESS,ABSENT,0
16541A0429,R1621026,MANAGERIAL ECONOMICS & FINANCIAL ANALYSI,D,3
16541A0429,R1621042,SWITCHING THEORY AND LOGIC DESIGN,D,3
16541A0429,R1621043,SIGNALS AND SYSTEMS,D,3
16541A0429,R1621044,NETWORK ANALYSIS,ABSENT,0
16541A0429,R1621045,RANDOM VARIABLES AND STOCHASTIC PROCESS,ABSENT,0
16541A0430,R1621044,NETWORK ANALYSIS,C,3
16541A0430,R1621045,RANDOM VARIABLES AND STOCHASTIC PROCESS,D,3
16541A0432,R1621041,ELECTRONIC DEVICES AND CIRCUITS,F,0
16541A0432,R1621043,SIGNALS AND SYSTEMS,D,3
16541A0432,R1621044,NETWORK ANALYSIS,ABSENT,0
16541A0432,R1621045,RANDOM VARIABLES AND STOCHASTIC PROCESS,D,3
16541A0433,R1621041,ELECTRONIC DEVICES AND CIRCUITS,D,3
16541A0433,R1621042,SWITCHING THEORY AND LOGIC DESIGN,D,3
16541A0433,R1621043,SIGNALS AND SYSTEMS,D,3
16541A0433,R1621044,NETWORK ANALYSIS,F,0
16541A0433,R1621045,RANDOM VARIABLES AND STOCHASTIC PROCESS,D,3
16541A0435,R1621042,SWITCHING THEORY AND LOGIC DESIGN,C,3
16541A0435,R1621044,NETWORK ANALYSIS,B,3
16541A0435,R1621045,RANDOM VARIABLES AND STOCHASTIC PROCESS,F,0
16541A0440,R1621041,ELECTRONIC DEVICES AND CIRCUITS,ABSENT,0
16541A0440,R1621042,SWITCHING THEORY AND LOGIC DESIGN,ABSENT,0
16541A0440,R1621044,NETWORK ANALYSIS,ABSENT,0
16541A0440,R1621045,RANDOM VARIABLES AND STOCHASTIC PROCESS,ABSENT,0
16541A0441,R1621043,SIGNALS AND SYSTEMS,ABSENT,0
16541A0441,R1621044,NETWORK ANALYSIS,A,3
16541A0442,R1621043,SIGNALS AND SYSTEMS,C,3
16541A0442,R1621045,RANDOM VARIABLES AND STOCHASTIC PROCESS,C,3
16541A0444,R1621042,SWITCHING THEORY AND LOGIC DESIGN,C,3
16541A0444,R1621044,NETWORK ANALYSIS,F,0
16541A0446,R1621041,ELECTRONIC DEVICES AND CIRCUITS,F,0
16541A0446,R1621043,SIGNALS AND SYSTEMS,D,3
16541A0446,R1621044,NETWORK ANALYSIS,F,0
16541A0447,R1621043,SIGNALS AND SYSTEMS,C,3
16541A0448,R1621041,ELECTRONIC DEVICES AND CIRCUITS,ABSENT,0
16541A0448,R1621042,SWITCHING THEORY AND LOGIC DESIGN,F,0
16541A0448,R1621045,RANDOM VARIABLES AND STOCHASTIC PROCESS,ABSENT,0
16541A0449,R1621042,SWITCHING THEORY AND LOGIC DESIGN,C,3
16541A0449,R1621043,SIGNALS AND SYSTEMS,C,3
16541A0449,R1621044,NETWORK ANALYSIS,B,3
16541A0450,R1621041,ELECTRONIC DEVICES AND CIRCUITS,F,0
16541A0450,R1621043,SIGNALS AND SYSTEMS,C,3
16541A0450,R1621044,NETWORK ANALYSIS,C,3
16541A0450,R1621045,RANDOM VARIABLES AND STOCHASTIC PROCESS,D,3
16541A0454,R1621041,ELECTRONIC DEVICES AND CIRCUITS,F,0
16541A0454,R1621043,SIGNALS AND SYSTEMS,C,3
16541A0454,R1621044,NETWORK ANALYSIS,F,0
16541A0456,R1621041,ELECTRONIC DEVICES AND CIRCUITS,F,0
16541A0456,R1621043,SIGNALS AND SYSTEMS,D,3
16541A0456,R1621044,NETWORK ANALYSIS,F,0
16541A0457,R1621042,SWITCHING THEORY AND LOGIC DESIGN,D,3
16541A0457,R1621044,NETWORK ANALYSIS,C,3
16541A0457,R1621045,RANDOM VARIABLES AND STOCHASTIC PROCESS,F,0
16541A0459,R1621041,ELECTRONIC DEVICES AND CIRCUITS,F,0
16541A0459,R1621043,SIGNALS AND SYSTEMS,C,3
16541A0460,R1621026,MANAGERIAL ECONOMICS & FINANCIAL ANALYSI,C,3
16541A0460,R1621041,ELECTRONIC DEVICES AND CIRCUITS,F,0
16541A0460,R1621042,SWITCHING THEORY AND LOGIC DESIGN,D,3
16541A0460,R1621043,SIGNALS AND SYSTEMS,D,3
16541A0460,R1621044,NETWORK ANALYSIS,F,0
16541A0460,R1621045,RANDOM VARIABLES AND STOCHASTIC PROCESS,D,3
16541A0463,R1621043,SIGNALS AND SYSTEMS,D,3
16541A0463,R1621044,NETWORK ANALYSIS,F,0
16541A0464,R1621041,ELECTRONIC DEVICES AND CIRCUITS,F,0
16541A0464,R1621042,SWITCHING THEORY AND LOGIC DESIGN,F,0
16541A0464,R1621043,SIGNALS AND SYSTEMS,D,3
16541A0464,R1621044,NETWORK ANALYSIS,D,3
16541A0465,R1621041,ELECTRONIC DEVICES AND CIRCUITS,F,0
16541A0465,R1621042,SWITCHING THEORY AND LOGIC DESIGN,F,0
16541A0465,R1621043,SIGNALS AND SYSTEMS,F,0
16541A0465,R1621044,NETWORK ANALYSIS,F,0
16541A0465,R1621045,RANDOM VARIABLES AND STOCHASTIC PROCESS,F,0
16541A0466,R1621026,MANAGERIAL ECONOMICS & FINANCIAL ANALYSI,C,3
16541A0468,R1621041,ELECTRONIC DEVICES AND CIRCUITS,F,0
16541A0468,R1621042,SWITCHING THEORY AND LOGIC DESIGN,D,3
16541A0468,R1621043,SIGNALS AND SYSTEMS,D,3
16541A0468,R1621044,NETWORK ANALYSIS,C,3
16541A0468,R1621045,RANDOM VARIABLES AND STOCHASTIC PROCESS,F,0
16541A0469,R1621041,ELECTRONIC DEVICES AND CIRCUITS,D,3
16541A0469,R1621044,NETWORK ANALYSIS,C,3
16541A0472,R1621043,SIGNALS AND SYSTEMS,D,3
16541A0472,R1621044,NETWORK ANALYSIS,F,0
16541A0472,R1621045,RANDOM VARIABLES AND STOCHASTIC PROCESS,F,0
16541A0473,R1621041,ELECTRONIC DEVICES AND CIRCUITS,ABSENT,0
16541A0473,R1621042,SWITCHING THEORY AND LOGIC DESIGN,F,0
16541A0473,R1621043,SIGNALS AND SYSTEMS,C,3
16541A0473,R1621044,NETWORK ANALYSIS,F,0
16541A0473,R1621045,RANDOM VARIABLES AND STOCHASTIC PROCESS,F,0
16541A0474,R1621041,ELECTRONIC DEVICES AND CIRCUITS,D,3
16541A0474,R1621043,SIGNALS AND SYSTEMS,C,3
16541A0474,R1621044,NETWORK ANALYSIS,F,0
16541A0474,R1621045,RANDOM VARIABLES AND STOCHASTIC PROCESS,ABSENT,0
16541A0475,R1621026,MANAGERIAL ECONOMICS & FINANCIAL ANALYSI,D,3
16541A0475,R1621041,ELECTRONIC DEVICES AND CIRCUITS,C,3
16541A0475,R1621042,SWITCHING THEORY AND LOGIC DESIGN,D,3
16541A0475,R1621043,SIGNALS AND SYSTEMS,B,3
16541A0475,R1621044,NETWORK ANALYSIS,F,0
16541A0475,R1621045,RANDOM VARIABLES AND STOCHASTIC PROCESS,F,0
16541A0477,R1621042,SWITCHING THEORY AND LOGIC DESIGN,C,3
16541A0478,R1621043,SIGNALS AND SYSTEMS,F,0
16541A0478,R1621044,NETWORK ANALYSIS,F,0
16541A0479,R1621026,MANAGERIAL ECONOMICS & FINANCIAL ANALYSI,ABSENT,0
16541A0479,R1621041,ELECTRONIC DEVICES AND CIRCUITS,F,0
16541A0479,R1621042,SWITCHING THEORY AND LOGIC DESIGN,F,0
16541A0479,R1621043,SIGNALS AND SYSTEMS,D,3
16541A0479,R1621044,NETWORK ANALYSIS,ABSENT,0
16541A0479,R1621045,RANDOM VARIABLES AND STOCHASTIC PROCESS,F,0
16541A0480,R1621043,SIGNALS AND SYSTEMS,D,3
16541A0480,R1621044,NETWORK ANALYSIS,F,0
16541A0480,R1621045,RANDOM VARIABLES AND STOCHASTIC PROCESS,D,3
16541A0481,R1621042,SWITCHING THEORY AND LOGIC DESIGN,D,3
16541A0481,R1621043,SIGNALS AND SYSTEMS,D,3
16541A0481,R1621044,NETWORK ANALYSIS,F,0
16541A0481,R1621045,RANDOM VARIABLES AND STOCHASTIC PROCESS,F,0
16541A0482,R1621026,MANAGERIAL ECONOMICS & FINANCIAL ANALYSI,F,0
16541A0482,R1621041,ELECTRONIC DEVICES AND CIRCUITS,F,0
16541A0482,R1621042,SWITCHING THEORY AND LOGIC DESIGN,F,0
16541A0482,R1621043,SIGNALS AND SYSTEMS,F,0
16541A0482,R1621044,NETWORK ANALYSIS,F,0
16541A0482,R1621045,RANDOM VARIABLES AND STOCHASTIC PROCESS,F,0
16541A0483,R1621026,MANAGERIAL ECONOMICS & FINANCIAL ANALYSI,D,3
16541A0483,R1621041,ELECTRONIC DEVICES AND CIRCUITS,F,0
16541A0483,R1621042,SWITCHING THEORY AND LOGIC DESIGN,F,0
16541A0483,R1621045,RANDOM VARIABLES AND STOCHASTIC PROCESS,D,3
16541A0484,R1621044,NETWORK ANALYSIS,A,3
16541A0486,R1621041,ELECTRONIC DEVICES AND CIRCUITS,B,3
16541A0486,R1621044,NETWORK ANALYSIS,C,3
16541A0490,R1621041,ELECTRONIC DEVICES AND CIRCUITS,F,0
16541A0490,R1621044,NETWORK ANALYSIS,F,0
16541A0492,R1621026,MANAGERIAL ECONOMICS & FINANCIAL ANALYSI,C,3
16541A0492,R1621042,SWITCHING THEORY AND LOGIC DESIGN,F,0
16541A0492,R1621043,SIGNALS AND SYSTEMS,D,3
16541A0492,R1621044,NETWORK ANALYSIS,F,0
16541A0492,R1621045,RANDOM VARIABLES AND STOCHASTIC PROCESS,D,3
16541A0493,R1621026,MANAGERIAL ECONOMICS & FINANCIAL ANALYSI,F,0
16541A0493,R1621041,ELECTRONIC DEVICES AND CIRCUITS,F,0
16541A0493,R1621042,SWITCHING THEORY AND LOGIC DESIGN,F,0
16541A0494,R1621041,ELECTRONIC DEVICES AND CIRCUITS,F,0
16541A0494,R1621042,SWITCHING THEORY AND LOGIC DESIGN,F,0
16541A0494,R1621043,SIGNALS AND SYSTEMS,F,0
16541A0494,R1621044,NETWORK ANALYSIS,F,0
16541A0494,R1621045,RANDOM VARIABLES AND STOCHASTIC PROCESS,F,0
16541A0495,R1621041,ELECTRONIC DEVICES AND CIRCUITS,C,3
16541A0495,R1621044,NETWORK ANALYSIS,C,3
16541A0495,R1621045,RANDOM VARIABLES AND STOCHASTIC PROCESS,D,3
16541A0501,R1621051,STATISTICS WITH R PROGRAMMING,C,3
16541A0501,R1621053,DIGITAL LOGIC DESIGN,F,0
16541A0502,R1621052,MATHEMATICAL FOUNDATIONS OF COMPUTER SCI,F,0
16541A0502,R1621053,DIGITAL LOGIC DESIGN,D,3
16541A0502,R1621054,PYTHON PROGRAMMING,D,3
16541A0502,R1621056,COMPUTER GRAPHICS,D,3
16541A0505,R1621052,MATHEMATICAL FOUNDATIONS OF COMPUTER SCI,F,0
16541A0506,R1621054,PYTHON PROGRAMMING,F,0
16541A0506,R1621056,COMPUTER GRAPHICS,C,3
16541A0507,R1621051,STATISTICS WITH R PROGRAMMING,D,3
16541A0507,R1621052,MATHEMATICAL FOUNDATIONS OF COMPUTER SCI,F,0
16541A0507,R1621053,DIGITAL LOGIC DESIGN,F,0
16541A0511,R1621052,MATHEMATICAL FOUNDATIONS OF COMPUTER SCI,F,0
16541A0511,R1621054,PYTHON PROGRAMMING,ABSENT,0
16541A0511,R1621056,COMPUTER GRAPHICS,D,3
16541A0513,R1621051,STATISTICS WITH R PROGRAMMING,F,0
16541A0513,R1621054,PYTHON PROGRAMMING,F,0
16541A0515,R1621052,MATHEMATICAL FOUNDATIONS OF COMPUTER SCI,F,0
16541A0516,R1621051,STATISTICS WITH R PROGRAMMING,F,0
16541A0516,R1621052,MATHEMATICAL FOUNDATIONS OF COMPUTER SCI,ABSENT,0
16541A0516,R1621053,DIGITAL LOGIC DESIGN,ABSENT,0
16541A0516,R1621055,DATA STRUCTURES THROUGH C++,ABSENT,0
16541A0517,R1621051,STATISTICS WITH R PROGRAMMING,F,0
16541A0517,R1621052,MATHEMATICAL FOUNDATIONS OF COMPUTER SCI,F,0
16541A0517,R1621053,DIGITAL LOGIC DESIGN,F,0
16541A0517,R1621054,PYTHON PROGRAMMING,F,0
16541A0517,R1621055,DATA STRUCTURES THROUGH C++,F,0
16541A0518,R1621051,STATISTICS WITH R PROGRAMMING,D,3
16541A0518,R1621052,MATHEMATICAL FOUNDATIONS OF COMPUTER SCI,C,3
16541A0518,R1621054,PYTHON PROGRAMMING,F,0
16541A0520,R1621051,STATISTICS WITH R PROGRAMMING,F,0
16541A0520,R1621052,MATHEMATICAL FOUNDATIONS OF COMPUTER SCI,F,0
16541A0520,R1621054,PYTHON PROGRAMMING,F,0
16541A0520,R1621055,DATA STRUCTURES THROUGH C++,C,3
16541A0520,R1621057,DATA STRUCTURES THROUGH C++ LAB,O,2
16541A0520,R1621058,PYTHON PROGRAMMING LAB,O,2
16541A0521,R1621053,DIGITAL LOGIC DESIGN,F,0
16541A0521,R1621055,DATA STRUCTURES THROUGH C++,B,3
16541A0522,R1621052,MATHEMATICAL FOUNDATIONS OF COMPUTER SCI,F,0
16541A0522,R1621054,PYTHON PROGRAMMING,C,3
16541A0523,R1621053,DIGITAL LOGIC DESIGN,ABSENT,0
16541A0525,R1621052,MATHEMATICAL FOUNDATIONS OF COMPUTER SCI,C,3
16541A0526,R1621051,STATISTICS WITH R PROGRAMMING,F,0
16541A0526,R1621052,MATHEMATICAL FOUNDATIONS OF COMPUTER SCI,F,0
16541A0526,R1621054,PYTHON PROGRAMMING,F,0
16541A0526,R1621055,DATA STRUCTURES THROUGH C++,C,3
16541A0527,R1621052,MATHEMATICAL FOUNDATIONS OF COMPUTER SCI,F,0
16541A0529,R1621051,STATISTICS WITH R PROGRAMMING,F,0
16541A0529,R1621054,PYTHON PROGRAMMING,F,0
16541A0530,R1621054,PYTHON PROGRAMMING,F,0
16541A0530,R1621055,DATA STRUCTURES THROUGH C++,C,3
16541A0531,R1621055,DATA STRUCTURES THROUGH C++,D,3
16541A0531,R1621056,COMPUTER GRAPHICS,ABSENT,0
16541A0533,R1621051,STATISTICS WITH R PROGRAMMING,F,0
16541A0533,R1621052,MATHEMATICAL FOUNDATIONS OF COMPUTER SCI,F,0
16541A0533,R1621054,PYTHON PROGRAMMING,D,3
16541A0533,R1621055,DATA STRUCTURES THROUGH C++,C,3
16541A0535,R1621052,MATHEMATICAL FOUNDATIONS OF COMPUTER SCI,F,0
16541A0535,R1621053,DIGITAL LOGIC DESIGN,F,0
16541A0535,R1621054,PYTHON PROGRAMMING,D,3
16541A0536,R1621051,STATISTICS WITH R PROGRAMMING,F,0
16541A0539,R1621052,MATHEMATICAL FOUNDATIONS OF COMPUTER SCI,C,3
16541A0539,R1621054,PYTHON PROGRAMMING,D,3
16541A0541,R1621052,MATHEMATICAL FOUNDATIONS OF COMPUTER SCI,F,0
16541A0541,R1621053,DIGITAL LOGIC DESIGN,ABSENT,0
16541A0542,R1621051,STATISTICS WITH R PROGRAMMING,D,3
16541A0542,R1621052,MATHEMATICAL FOUNDATIONS OF COMPUTER SCI,F,0
16541A0542,R1621054,PYTHON PROGRAMMING,D,3
16541A0543,R1621051,STATISTICS WITH R PROGRAMMING,D,3
16541A0543,R1621052,MATHEMATICAL FOUNDATIONS OF COMPUTER SCI,F,0
16541A0543,R1621054,PYTHON PROGRAMMING,D,3
16541A0544,R1621054,PYTHON PROGRAMMING,F,0
16541A0545,R1621051,STATISTICS WITH R PROGRAMMING,C,3
16541A0545,R1621052,MATHEMATICAL FOUNDATIONS OF COMPUTER SCI,F,0
16541A0546,R1621054,PYTHON PROGRAMMING,F,0
16541A0547,R1621052,MATHEMATICAL FOUNDATIONS OF COMPUTER SCI,F,0
16541A0547,R1621054,PYTHON PROGRAMMING,F,0
16541A0547,R1621055,DATA STRUCTURES THROUGH C++,F,0
16541A0548,R1621052,MATHEMATICAL FOUNDATIONS OF COMPUTER SCI,F,0
16541A0548,R1621054,PYTHON PROGRAMMING,F,0
16541A0550,R1621052,MATHEMATICAL FOUNDATIONS OF COMPUTER SCI,F,0
16541A0550,R1621054,PYTHON PROGRAMMING,F,0
16541A0551,R1621052,MATHEMATICAL FOUNDATIONS OF COMPUTER SCI,F,0
16541A0551,R1621054,PYTHON PROGRAMMING,F,0
16541A0551,R1621055,DATA STRUCTURES THROUGH C++,F,0
16541A0551,R1621057,DATA STRUCTURES THROUGH C++ LAB,S,2
16541A0551,R1621058,PYTHON PROGRAMMING LAB,S,2
16541A0552,R1621052,MATHEMATICAL FOUNDATIONS OF COMPUTER SCI,F,0
16541A0552,R1621054,PYTHON PROGRAMMING,F,0
16541A0554,R1621051,STATISTICS WITH R PROGRAMMING,F,0
16541A0554,R1621053,DIGITAL LOGIC DESIGN,F,0
16541A0554,R1621054,PYTHON PROGRAMMING,F,0
16541A0554,R1621056,COMPUTER GRAPHICS,F,0
16541A0555,R1621052,MATHEMATICAL FOUNDATIONS OF COMPUTER SCI,F,0
16541A0555,R1621055,DATA STRUCTURES THROUGH C++,B,3
16541A0556,R1621051,STATISTICS WITH R PROGRAMMING,F,0
16541A0556,R1621053,DIGITAL LOGIC DESIGN,F,0
16541A0556,R1621054,PYTHON PROGRAMMING,F,0
16541A0556,R1621056,COMPUTER GRAPHICS,F,0
16541A0557,R1621051,STATISTICS WITH R PROGRAMMING,F,0
16541A0557,R1621052,MATHEMATICAL FOUNDATIONS OF COMPUTER SCI,F,0
16541A0557,R1621053,DIGITAL LOGIC DESIGN,F,0
16541A0557,R1621054,PYTHON PROGRAMMING,F,0
16541A0557,R1621055,DATA STRUCTURES THROUGH C++,F,0
16541A0557,R1621056,COMPUTER GRAPHICS,F,0
16541A0558,R1621053,DIGITAL LOGIC DESIGN,D,3
16541A0558,R1621054,PYTHON PROGRAMMING,F,0
16541A0558,R1621055,DATA STRUCTURES THROUGH C++,ABSENT,0
16541A0559,R1621051,STATISTICS WITH R PROGRAMMING,F,0
16541A0559,R1621052,MATHEMATICAL FOUNDATIONS OF COMPUTER SCI,D,3
16541A0559,R1621054,PYTHON PROGRAMMING,F,0
16541A0559,R1621055,DATA STRUCTURES THROUGH C++,C,3
16541A0559,R1621056,COMPUTER GRAPHICS,F,0
16541A0560,R1621052,MATHEMATICAL FOUNDATIONS OF COMPUTER SCI,F,0
16541A0560,R1621054,PYTHON PROGRAMMING,F,0
16541A0560,R1621056,COMPUTER GRAPHICS,F,0
16541A0561,R1621051,STATISTICS WITH R PROGRAMMING,F,0
16541A0561,R1621052,MATHEMATICAL FOUNDATIONS OF COMPUTER SCI,F,0
16541A0561,R1621053,DIGITAL LOGIC DESIGN,F,0
16541A0562,R1621052,MATHEMATICAL FOUNDATIONS OF COMPUTER SCI,D,3
16541A0562,R1621053,DIGITAL LOGIC DESIGN,C,3
16541A0563,R1621051,STATISTICS WITH R PROGRAMMING,D,3
16541A0563,R1621052,MATHEMATICAL FOUNDATIONS OF COMPUTER SCI,F,0
16541A0563,R1621054,PYTHON PROGRAMMING,D,3
16541A0563,R1621055,DATA STRUCTURES THROUGH C++,D,3
16541A0564,R1621054,PYTHON PROGRAMMING,F,0
16541A0564,R1621056,COMPUTER GRAPHICS,F,0
16541A0565,R1621051,STATISTICS WITH R PROGRAMMING,F,0
16541A0565,R1621052,MATHEMATICAL FOUNDATIONS OF COMPUTER SCI,D,3
16541A0565,R1621053,DIGITAL LOGIC DESIGN,D,3
16541A0567,R1621051,STATISTICS WITH R PROGRAMMING,F,0
16541A0567,R1621052,MATHEMATICAL FOUNDATIONS OF COMPUTER SCI,F,0
16541A0567,R1621054,PYTHON PROGRAMMING,F,0
16541A0567,R1621055,DATA STRUCTURES THROUGH C++,F,0
16541A0567,R1621056,COMPUTER GRAPHICS,F,0
16541A0568,R1621051,STATISTICS WITH R PROGRAMMING,F,0
16541A0568,R1621052,MATHEMATICAL FOUNDATIONS OF COMPUTER SCI,F,0
16541A0568,R1621053,DIGITAL LOGIC DESIGN,F,0
16541A0568,R1621054,PYTHON PROGRAMMING,F,0
16541A0568,R1621056,COMPUTER GRAPHICS,F,0
16541A0569,R1621053,DIGITAL LOGIC DESIGN,F,0
16541A0569,R1621055,DATA STRUCTURES THROUGH C++,D,3
16541A0569,R1621056,COMPUTER GRAPHICS,F,0
16541A0570,R1621052,MATHEMATICAL FOUNDATIONS OF COMPUTER SCI,F,0
16541A0570,R1621054,PYTHON PROGRAMMING,F,0
16541A0571,R1621051,STATISTICS WITH R PROGRAMMING,F,0
16541A0571,R1621052,MATHEMATICAL FOUNDATIONS OF COMPUTER SCI,D,3
16541A0571,R1621054,PYTHON PROGRAMMING,F,0
16541A0571,R1621056,COMPUTER GRAPHICS,F,0
16541A0572,R1621056,COMPUTER GRAPHICS,ABSENT,0
16541A0574,R1621053,DIGITAL LOGIC DESIGN,F,0
16541A0574,R1621055,DATA STRUCTURES THROUGH C++,F,0
16541A0574,R1621056,COMPUTER GRAPHICS,F,0
16541A0575,R1621052,MATHEMATICAL FOUNDATIONS OF COMPUTER SCI,F,0
16541A0575,R1621054,PYTHON PROGRAMMING,F,0
16541A0576,R1621053,DIGITAL LOGIC DESIGN,C,3
16541A0576,R1621054,PYTHON PROGRAMMING,C,3
16541A0577,R1621052,MATHEMATICAL FOUNDATIONS OF COMPUTER SCI,C,3
16541A0578,R1621053,DIGITAL LOGIC DESIGN,F,0
16541A0578,R1621054,PYTHON PROGRAMMING,F,0
16541A0578,R1621055,DATA STRUCTURES THROUGH C++,F,0
16541A0579,R1621053,DIGITAL LOGIC DESIGN,F,0
16541A0579,R1621055,DATA STRUCTURES THROUGH C++,F,0
16541A0579,R1621056,COMPUTER GRAPHICS,F,0
16541A0580,R1621053,DIGITAL LOGIC DESIGN,ABSENT,0
16541A0580,R1621055,DATA STRUCTURES THROUGH C++,F,0
16541A0580,R1621056,COMPUTER GRAPHICS,ABSENT,0
16541A0581,R1621052,MATHEMATICAL FOUNDATIONS OF COMPUTER SCI,F,0
16541A0581,R1621055,DATA STRUCTURES THROUGH C++,B,3
16541A0584,R1621053,DIGITAL LOGIC DESIGN,F,0
16541A0584,R1621055,DATA STRUCTURES THROUGH C++,F,0
16541A0584,R1621056,COMPUTER GRAPHICS,F,0
17545A0201,R1621021,ELECTRICAL CIRCUIT ANALYSIS - II,F,0
17545A0201,R1621023,BASIC ELECTRONICS AND DEVICES,C,3
17545A0202,R1621024,ELECTRO MAGNETIC FIELDS,ABSENT,0
17545A0203,R1621023,BASIC ELECTRONICS AND DEVICES,C,3
17545A0203,R1621025,THERMAL AND HYDRO PRIME MOVERS,D,3
17545A0204,R1621021,ELECTRICAL CIRCUIT ANALYSIS - II,ABSENT,0
17545A0204,R1621022,ELECTRICAL MACHINES-I,F,0
17545A0204,R1621023,BASIC ELECTRONICS AND DEVICES,ABSENT,0
17545A0204,R1621024,ELECTRO MAGNETIC FIELDS,ABSENT,0
17545A0204,R1621025,THERMAL AND HYDRO PRIME MOVERS,F,0
17545A0204,R1621026,MANAGERIAL ECONOMICS & FINANCIAL ANALYSI,D,3
17545A0207,R1621021,ELECTRICAL CIRCUIT ANALYSIS - II,ABSENT,0
17545A0207,R1621022,ELECTRICAL MACHINES-I,F,0
17545A0207,R1621024,ELECTRO MAGNETIC FIELDS,F,0
17545A0207,R1621026,MANAGERIAL ECONOMICS & FINANCIAL ANALYSI,D,3
17545A0209,R1621021,ELECTRICAL CIRCUIT ANALYSIS - II,F,0
17545A0209,R1621022,ELECTRICAL MACHINES-I,F,0
17545A0209,R1621023,BASIC ELECTRONICS AND DEVICES,C,3
17545A0209,R1621024,ELECTRO MAGNETIC FIELDS,F,0
17545A0209,R1621025,THERMAL AND HYDRO PRIME MOVERS,F,0
17545A0209,R1621026,MANAGERIAL ECONOMICS & FINANCIAL ANALYSI,C,3
17545A0210,R1621023,BASIC ELECTRONICS AND DEVICES,B,3
17545A0210,R1621026,MANAGERIAL ECONOMICS & FINANCIAL ANALYSI,B,3
17545A0211,R1621021,ELECTRICAL CIRCUIT ANALYSIS - II,F,0
17545A0211,R1621022,ELECTRICAL MACHINES-I,F,0
17545A0211,R1621024,ELECTRO MAGNETIC FIELDS,D,3
17545A0211,R1621025,THERMAL AND HYDRO PRIME MOVERS,F,0
17545A0211,R1621026,MANAGERIAL ECONOMICS & FINANCIAL ANALYSI,C,3
17545A0213,R1621024,ELECTRO MAGNETIC FIELDS,C,3
17545A0214,R1621021,ELECTRICAL CIRCUIT ANALYSIS - II,C,3
17545A0215,R1621022,ELECTRICAL MACHINES-I,F,0
17545A0215,R1621024,ELECTRO MAGNETIC FIELDS,F,0
17545A0215,R1621026,MANAGERIAL ECONOMICS & FINANCIAL ANALYSI,C,3
17545A0217,R1621022,ELECTRICAL MACHINES-I,F,0
17545A0217,R1621023,BASIC ELECTRONICS AND DEVICES,B,3
17545A0217,R1621024,ELECTRO MAGNETIC FIELDS,F,0
17545A0217,R1621025,THERMAL AND HYDRO PRIME MOVERS,D,3
17545A0217,R1621026,MANAGERIAL ECONOMICS & FINANCIAL ANALYSI,C,3
17545A0222,R1621021,ELECTRICAL CIRCUIT ANALYSIS - II,F,0
17545A0222,R1621022,ELECTRICAL MACHINES-I,F,0
17545A0222,R1621023,BASIC ELECTRONICS AND DEVICES,D,3
17545A0222,R1621024,ELECTRO MAGNETIC FIELDS,D,3
17545A0222,R1621025,THERMAL AND HYDRO PRIME MOVERS,F,0
17545A0222,R1621026,MANAGERIAL ECONOMICS & FINANCIAL ANALYSI,D,3
17545A0224,R1621023,BASIC ELECTRONICS AND DEVICES,B,3
17545A0225,R1621021,ELECTRICAL CIRCUIT ANALYSIS - II,F,0
17545A0225,R1621022,ELECTRICAL MACHINES-I,F,0
17545A0225,R1621023,BASIC ELECTRONICS AND DEVICES,C,3
17545A0225,R1621024,ELECTRO MAGNETIC FIELDS,F,0
17545A0225,R1621025,THERMAL AND HYDRO PRIME MOVERS,F,0
17545A0225,R1621026,MANAGERIAL ECONOMICS & FINANCIAL ANALYSI,D,3
17545A0226,R1621021,ELECTRICAL CIRCUIT ANALYSIS - II,F,0
17545A0226,R1621022,ELECTRICAL MACHINES-I,F,0
17545A0226,R1621023,BASIC ELECTRONICS AND DEVICES,F,0
17545A0226,R1621024,ELECTRO MAGNETIC FIELDS,F,0
17545A0226,R1621025,THERMAL AND HYDRO PRIME MOVERS,F,0
17545A0226,R1621026,MANAGERIAL ECONOMICS & FINANCIAL ANALYSI,F,0
17545A0227,R1621026,MANAGERIAL ECONOMICS & FINANCIAL ANALYSI,C,3
17545A0228,R1621021,ELECTRICAL CIRCUIT ANALYSIS - II,F,0
17545A0303,R1621033,THERMODYNAMICS,F,0
17545A0305,R1621026,MANAGERIAL ECONOMICS & FINANCIAL ANALYSI,D,3
17545A0306,R1621032,MECHANICS OF SOLIDS,F,0
17545A0306,R1621034,FLUID MECHANICS & HYDRAULIC MACHINERY,C,3
17545A0308,R1621026,MANAGERIAL ECONOMICS & FINANCIAL ANALYSI,D,3
17545A0311,R1621026,MANAGERIAL ECONOMICS & FINANCIAL ANALYSI,D,3
17545A0311,R1621033,THERMODYNAMICS,F,0
17545A0311,R1621034,FLUID MECHANICS & HYDRAULIC MACHINERY,D,3
17545A0313,R1621033,THERMODYNAMICS,F,0
17545A0315,R1621034,FLUID MECHANICS & HYDRAULIC MACHINERY,B,3
17545A0316,R1621026,MANAGERIAL ECONOMICS & FINANCIAL ANALYSI,D,3
17545A0317,R1621026,MANAGERIAL ECONOMICS & FINANCIAL ANALYSI,F,0
17545A0317,R1621032,MECHANICS OF SOLIDS,F,0
17545A0317,R1621033,THERMODYNAMICS,F,0
17545A0317,R1621034,FLUID MECHANICS & HYDRAULIC MACHINERY,D,3
17545A0321,R1621026,MANAGERIAL ECONOMICS & FINANCIAL ANALYSI,C,3
17545A0321,R1621033,THERMODYNAMICS,F,0
17545A0402,R1621045,RANDOM VARIABLES AND STOCHASTIC PROCESS,D,3
17545A0403,R1621044,NETWORK ANALYSIS,S,3
17545A0404,R1621041,ELECTRONIC DEVICES AND CIRCUITS,C,3
17545A0404,R1621043,SIGNALS AND SYSTEMS,C,3
17545A0404,R1621044,NETWORK ANALYSIS,B,3
17545A0405,R1621041,ELECTRONIC DEVICES AND CIRCUITS,C,3
17545A0405,R1621042,SWITCHING THEORY AND LOGIC DESIGN,C,3
17545A0405,R1621043,SIGNALS AND SYSTEMS,C,3
17545A0405,R1621044,NETWORK ANALYSIS,B,3
17545A0405,R1621045,RANDOM VARIABLES AND STOCHASTIC PROCESS,F,0
17545A0407,R1621042,SWITCHING THEORY AND LOGIC DESIGN,C,3
17545A0407,R1621044,NETWORK ANALYSIS,A,3
17545A0408,R1621041,ELECTRONIC DEVICES AND CIRCUITS,C,3
17545A0408,R1621044,NETWORK ANALYSIS,B,3
17545A0408,R1621045,RANDOM VARIABLES AND STOCHASTIC PROCESS,D,3
17545A0409,R1621026,MANAGERIAL ECONOMICS & FINANCIAL ANALYSI,C,3
17545A0409,R1621041,ELECTRONIC DEVICES AND CIRCUITS,C,3
17545A0409,R1621042,SWITCHING THEORY AND LOGIC DESIGN,C,3
17545A0409,R1621043,SIGNALS AND SYSTEMS,C,3
17545A0409,R1621044,NETWORK ANALYSIS,C,3
17545A0409,R1621045,RANDOM VARIABLES AND STOCHASTIC PROCESS,D,3
17545A0411,R1621041,ELECTRONIC DEVICES AND CIRCUITS,D,3
17545A0411,R1621042,SWITCHING THEORY AND LOGIC DESIGN,D,3
17545A0411,R1621044,NETWORK ANALYSIS,C,3
17545A0411,R1621045,RANDOM VARIABLES AND STOCHASTIC PROCESS,D,3
17545A0412,R1621045,RANDOM VARIABLES AND STOCHASTIC PROCESS,F,0
17545A0415,R1621042,SWITCHING THEORY AND LOGIC DESIGN,D,3
17545A0415,R1621044,NETWORK ANALYSIS,B,3
17545A0416,R1621041,ELECTRONIC DEVICES AND CIRCUITS,F,0
17545A0416,R1621044,NETWORK ANALYSIS,B,3
17545A0502,R1621052,MATHEMATICAL FOUNDATIONS OF COMPUTER SCI,F,0
17545A0503,R1621052,MATHEMATICAL FOUNDATIONS OF COMPUTER SCI,C,3
17545A0505,R1621054,PYTHON PROGRAMMING,F,0
17545A0505,R1621056,COMPUTER GRAPHICS,ABSENT,0
