14545A0502,RT31051,COMPILER DESIGN,24,35,3
14545A0502,RT31052,DATA COMMUNICATION,24,51,3
14545A0502,RT31053,PRINCIPLES OF PROGRAMMING LANGUAGES,20,43,3
14545A0502,RT31054,DATABASE MANAGEMENT SYSTEMS,23,24,3
14545A0502,RT31055,OPERATING SYSTEMS,21,40,3
14545A0502,RT31056,COMPILER DESIGN LAB,24,49,2
14545A0502,RT31057,OPERATING SYSTEM & LINUX PROGRAMMING LAB,22,49,2
14545A0502,RT31058,DATABASE MANAGEMENT SYSTEMS LAB,24,49,2
14545A0502,RT31059,SEMINAR,45,0,1
14545A0501,RT31051,COMPILER DESIGN,17,4,0
14545A0501,RT31052,DATA COMMUNICATION,17,27,3
14545A0501,RT31053,PRINCIPLES OF PROGRAMMING LANGUAGES,14,44,3
14545A0501,RT31054,DATABASE MANAGEMENT SYSTEMS,17,15,0
14545A0501,RT31055,OPERATING SYSTEMS,17,15,0
14545A0501,RT31056,COMPILER DESIGN LAB,21,46,2
14545A0501,RT31057,OPERATING SYSTEM & LINUX PROGRAMMING LAB,21,47,2
14545A0501,RT31058,DATABASE MANAGEMENT SYSTEMS LAB,21,47,2
14545A0501,RT31059,SEMINAR,41,0,1
14545A0417,RT31016,IPR & PATENTS,26,41,2
14545A0417,RT31041,PULSE & DIGITAL CIRCUITS,18,15,0
14545A0417,RT31042,LINEAR INTEGRATED CIRCUIT APPLICATIONS,21,30,3
14545A0417,RT31043,CONTROL SYSTEMS,17,10,0
14545A0417,RT31044,DIGITAL SYSTEM DESIGN & DICA,22,25,3
14545A0417,RT31045,ANTENNAS AND WAVE PROPAGATION,22,10,0
14545A0417,RT31047,PULSE & DIGITAL CIRCUITS LAB,23,46,2
14545A0417,RT31048,LICA LAB,22,45,2
14545A0417,RT31049,DIGITAL SYSTEM DESIGN & DICA LAB,21,43,2
14545A0416,RT31016,IPR & PATENTS,21,25,2
14545A0416,RT31041,PULSE & DIGITAL CIRCUITS,16,32,3
14545A0416,RT31042,LINEAR INTEGRATED CIRCUIT APPLICATIONS,16,24,3
14545A0416,RT31043,CONTROL SYSTEMS,17,16,0
14545A0416,RT31044,DIGITAL SYSTEM DESIGN & DICA,18,25,3
14545A0416,RT31045,ANTENNAS AND WAVE PROPAGATION,17,34,3
14545A0416,RT31047,PULSE & DIGITAL CIRCUITS LAB,19,42,2
14545A0416,RT31048,LICA LAB,19,42,2
14545A0416,RT31049,DIGITAL SYSTEM DESIGN & DICA LAB,20,42,2
14545A0415,RT31016,IPR & PATENTS,21,32,2
14545A0415,RT31041,PULSE & DIGITAL CIRCUITS,16,3,0
14545A0415,RT31042,LINEAR INTEGRATED CIRCUIT APPLICATIONS,17,12,0
14545A0415,RT31043,CONTROL SYSTEMS,17,8,0
14545A0415,RT31044,DIGITAL SYSTEM DESIGN & DICA,18,16,0
14545A0415,RT31045,ANTENNAS AND WAVE PROPAGATION,18,4,0
14545A0415,RT31047,PULSE & DIGITAL CIRCUITS LAB,20,42,2
14545A0415,RT31048,LICA LAB,20,42,2
14545A0415,RT31049,DIGITAL SYSTEM DESIGN & DICA LAB,20,42,2
14545A0414,RT31016,IPR & PATENTS,25,28,2
14545A0414,RT31041,PULSE & DIGITAL CIRCUITS,16,15,0
14545A0414,RT31042,LINEAR INTEGRATED CIRCUIT APPLICATIONS,20,26,3
14545A0414,RT31043,CONTROL SYSTEMS,14,37,3
14545A0414,RT31044,DIGITAL SYSTEM DESIGN & DICA,16,1,0
14545A0414,RT31045,ANTENNAS AND WAVE PROPAGATION,17,3,0
14545A0414,RT31047,PULSE & DIGITAL CIRCUITS LAB,22,45,2
14545A0414,RT31048,LICA LAB,20,45,2
14545A0414,RT31049,DIGITAL SYSTEM DESIGN & DICA LAB,21,43,2
14545A0413,RT31016,IPR & PATENTS,26,37,2
14545A0413,RT31041,PULSE & DIGITAL CIRCUITS,22,25,3
14545A0413,RT31042,LINEAR INTEGRATED CIRCUIT APPLICATIONS,23,46,3
14545A0413,RT31043,CONTROL SYSTEMS,22,25,3
14545A0413,RT31044,DIGITAL SYSTEM DESIGN & DICA,23,24,3
14545A0413,RT31045,ANTENNAS AND WAVE PROPAGATION,22,30,3
14545A0413,RT31047,PULSE & DIGITAL CIRCUITS LAB,24,47,2
14545A0413,RT31048,LICA LAB,25,46,2
14545A0413,RT31049,DIGITAL SYSTEM DESIGN & DICA LAB,25,49,2
14545A0412,RT31016,IPR & PATENTS,20,28,2
14545A0412,RT31041,PULSE & DIGITAL CIRCUITS,16,-1,0
14545A0412,RT31042,LINEAR INTEGRATED CIRCUIT APPLICATIONS,16,2,0
14545A0412,RT31043,CONTROL SYSTEMS,18,14,0
14545A0412,RT31044,DIGITAL SYSTEM DESIGN & DICA,18,26,3
14545A0412,RT31045,ANTENNAS AND WAVE PROPAGATION,19,46,3
14545A0412,RT31047,PULSE & DIGITAL CIRCUITS LAB,19,43,2
14545A0412,RT31048,LICA LAB,19,42,2
14545A0412,RT31049,DIGITAL SYSTEM DESIGN & DICA LAB,20,42,2
14545A0411,RT31016,IPR & PATENTS,26,44,2
14545A0411,RT31041,PULSE & DIGITAL CIRCUITS,17,41,3
14545A0411,RT31042,LINEAR INTEGRATED CIRCUIT APPLICATIONS,23,59,3
14545A0411,RT31043,CONTROL SYSTEMS,22,27,3
14545A0411,RT31044,DIGITAL SYSTEM DESIGN & DICA,22,32,3
14545A0411,RT31045,ANTENNAS AND WAVE PROPAGATION,21,31,3
14545A0411,RT31047,PULSE & DIGITAL CIRCUITS LAB,25,50,2
14545A0411,RT31048,LICA LAB,25,43,2
14545A0411,RT31049,DIGITAL SYSTEM DESIGN & DICA LAB,25,50,2
14545A0410,RT31016,IPR & PATENTS,20,28,2
14545A0410,RT31041,PULSE & DIGITAL CIRCUITS,16,4,0
14545A0410,RT31042,LINEAR INTEGRATED CIRCUIT APPLICATIONS,18,9,0
14545A0410,RT31043,CONTROL SYSTEMS,17,26,3
14545A0410,RT31044,DIGITAL SYSTEM DESIGN & DICA,17,2,0
14545A0410,RT31045,ANTENNAS AND WAVE PROPAGATION,17,1,0
14545A0410,RT31047,PULSE & DIGITAL CIRCUITS LAB,22,44,2
14545A0410,RT31048,LICA LAB,20,42,2
14545A0410,RT31049,DIGITAL SYSTEM DESIGN & DICA LAB,20,42,2
14545A0409,RT31016,IPR & PATENTS,22,38,2
14545A0409,RT31041,PULSE & DIGITAL CIRCUITS,16,13,0
14545A0409,RT31042,LINEAR INTEGRATED CIRCUIT APPLICATIONS,16,25,3
14545A0409,RT31043,CONTROL SYSTEMS,10,6,0
14545A0409,RT31044,DIGITAL SYSTEM DESIGN & DICA,16,24,3
14545A0409,RT31045,ANTENNAS AND WAVE PROPAGATION,16,6,0
14545A0409,RT31047,PULSE & DIGITAL CIRCUITS LAB,21,45,2
14545A0409,RT31048,LICA LAB,20,42,2
14545A0409,RT31049,DIGITAL SYSTEM DESIGN & DICA LAB,20,42,2
14545A0408,RT31016,IPR & PATENTS,27,30,2
14545A0408,RT31041,PULSE & DIGITAL CIRCUITS,20,34,3
14545A0408,RT31042,LINEAR INTEGRATED CIRCUIT APPLICATIONS,22,52,3
14545A0408,RT31043,CONTROL SYSTEMS,20,24,3
14545A0408,RT31044,DIGITAL SYSTEM DESIGN & DICA,19,32,3
14545A0408,RT31045,ANTENNAS AND WAVE PROPAGATION,22,36,3
14545A0408,RT31047,PULSE & DIGITAL CIRCUITS LAB,24,47,2
14545A0408,RT31048,LICA LAB,25,47,2
14545A0408,RT31049,DIGITAL SYSTEM DESIGN & DICA LAB,24,48,2
14545A0407,RT31016,IPR & PATENTS,22,26,2
14545A0407,RT31041,PULSE & DIGITAL CIRCUITS,16,11,0
14545A0407,RT31042,LINEAR INTEGRATED CIRCUIT APPLICATIONS,17,24,3
14545A0407,RT31043,CONTROL SYSTEMS,12,4,0
14545A0407,RT31044,DIGITAL SYSTEM DESIGN & DICA,17,12,0
14545A0407,RT31045,ANTENNAS AND WAVE PROPAGATION,16,6,0
14545A0407,RT31047,PULSE & DIGITAL CIRCUITS LAB,21,43,2
14545A0407,RT31048,LICA LAB,20,42,2
14545A0407,RT31049,DIGITAL SYSTEM DESIGN & DICA LAB,20,42,2
14545A0406,RT31016,IPR & PATENTS,23,17,0
14545A0406,RT31041,PULSE & DIGITAL CIRCUITS,16,5,0
14545A0406,RT31042,LINEAR INTEGRATED CIRCUIT APPLICATIONS,15,15,0
14545A0406,RT31043,CONTROL SYSTEMS,11,24,0
14545A0406,RT31044,DIGITAL SYSTEM DESIGN & DICA,16,1,0
14545A0406,RT31045,ANTENNAS AND WAVE PROPAGATION,16,3,0
14545A0406,RT31047,PULSE & DIGITAL CIRCUITS LAB,21,45,2
14545A0406,RT31048,LICA LAB,22,42,2
14545A0406,RT31049,DIGITAL SYSTEM DESIGN & DICA LAB,20,42,2
14545A0405,RT31016,IPR & PATENTS,28,26,2
14545A0405,RT31041,PULSE & DIGITAL CIRCUITS,21,32,3
14545A0405,RT31042,LINEAR INTEGRATED CIRCUIT APPLICATIONS,23,49,3
14545A0405,RT31043,CONTROL SYSTEMS,22,24,3
14545A0405,RT31044,DIGITAL SYSTEM DESIGN & DICA,21,33,3
14545A0405,RT31045,ANTENNAS AND WAVE PROPAGATION,23,40,3
14545A0405,RT31047,PULSE & DIGITAL CIRCUITS LAB,25,48,2
14545A0405,RT31048,LICA LAB,25,50,2
14545A0405,RT31049,DIGITAL SYSTEM DESIGN & DICA LAB,25,50,2
14545A0404,RT31016,IPR & PATENTS,21,24,2
14545A0404,RT31041,PULSE & DIGITAL CIRCUITS,16,24,3
14545A0404,RT31042,LINEAR INTEGRATED CIRCUIT APPLICATIONS,16,35,3
14545A0404,RT31043,CONTROL SYSTEMS,19,9,0
14545A0404,RT31044,DIGITAL SYSTEM DESIGN & DICA,18,10,0
14545A0404,RT31045,ANTENNAS AND WAVE PROPAGATION,18,28,3
14545A0404,RT31047,PULSE & DIGITAL CIRCUITS LAB,19,44,2
14545A0404,RT31048,LICA LAB,19,47,2
14545A0404,RT31049,DIGITAL SYSTEM DESIGN & DICA LAB,20,42,2
14545A0403,RT31016,IPR & PATENTS,20,-1,0
14545A0403,RT31041,PULSE & DIGITAL CIRCUITS,16,-1,0
14545A0403,RT31042,LINEAR INTEGRATED CIRCUIT APPLICATIONS,17,-1,0
14545A0403,RT31043,CONTROL SYSTEMS,18,-1,0
14545A0403,RT31044,DIGITAL SYSTEM DESIGN & DICA,16,-1,0
14545A0403,RT31045,ANTENNAS AND WAVE PROPAGATION,18,-1,0
14545A0403,RT31047,PULSE & DIGITAL CIRCUITS LAB,19,-1,0
14545A0403,RT31048,LICA LAB,19,-1,0
14545A0403,RT31049,DIGITAL SYSTEM DESIGN & DICA LAB,20,-1,0
14545A0402,RT31016,IPR & PATENTS,20,16,0
14545A0402,RT31041,PULSE & DIGITAL CIRCUITS,16,0,0
14545A0402,RT31042,LINEAR INTEGRATED CIRCUIT APPLICATIONS,19,1,0
14545A0402,RT31043,CONTROL SYSTEMS,17,9,0
14545A0402,RT31044,DIGITAL SYSTEM DESIGN & DICA,18,0,0
14545A0402,RT31045,ANTENNAS AND WAVE PROPAGATION,18,0,0
14545A0402,RT31047,PULSE & DIGITAL CIRCUITS LAB,19,42,2
14545A0402,RT31048,LICA LAB,19,42,2
14545A0402,RT31049,DIGITAL SYSTEM DESIGN & DICA LAB,20,35,2
14545A0401,RT31016,IPR & PATENTS,26,29,2
14545A0401,RT31041,PULSE & DIGITAL CIRCUITS,16,17,0
14545A0401,RT31042,LINEAR INTEGRATED CIRCUIT APPLICATIONS,17,29,3
14545A0401,RT31043,CONTROL SYSTEMS,13,15,0
14545A0401,RT31044,DIGITAL SYSTEM DESIGN & DICA,15,25,3
14545A0401,RT31045,ANTENNAS AND WAVE PROPAGATION,16,12,0
14545A0401,RT31047,PULSE & DIGITAL CIRCUITS LAB,23,45,2
14545A0401,RT31048,LICA LAB,22,46,2
14545A0401,RT31049,DIGITAL SYSTEM DESIGN & DICA LAB,23,45,2
14545A0309,RT31016,IPR & PATENTS,22,40,2
14545A0309,RT31031,DYNAMICS OF MACHINERY,22,3,0
14545A0309,RT31032,METAL CUTTING & MACHINE TOOLS,24,12,0
14545A0309,RT31033,DESIGN OF MACHINE MEMBERS-I,23,33,3
14545A0309,RT31034,INSTRUMENTATION & CONTROL SYSTEMS,24,7,0
14545A0309,RT31035,THERMAL ENGINEERING-II,25,3,0
14545A0309,RT31036,METROLOGY,23,10,0
14545A0309,RT31037,METROLOGY & INSTRUMENTATION LAB,25,49,2
14545A0309,RT31038,MACHINE TOOLS LAB,25,48,2
14545A0308,RT31016,IPR & PATENTS,21,50,2
14545A0308,RT31031,DYNAMICS OF MACHINERY,17,51,3
14545A0308,RT31032,METAL CUTTING & MACHINE TOOLS,23,47,3
14545A0308,RT31033,DESIGN OF MACHINE MEMBERS-I,24,56,3
14545A0308,RT31034,INSTRUMENTATION & CONTROL SYSTEMS,23,49,3
14545A0308,RT31035,THERMAL ENGINEERING-II,22,40,3
14545A0308,RT31036,METROLOGY,21,45,3
14545A0308,RT31037,METROLOGY & INSTRUMENTATION LAB,24,45,2
14545A0308,RT31038,MACHINE TOOLS LAB,24,48,2
14545A0307,RT31016,IPR & PATENTS,19,38,2
14545A0307,RT31031,DYNAMICS OF MACHINERY,15,2,0
14545A0307,RT31032,METAL CUTTING & MACHINE TOOLS,19,35,3
14545A0307,RT31033,DESIGN OF MACHINE MEMBERS-I,20,14,0
14545A0307,RT31034,INSTRUMENTATION & CONTROL SYSTEMS,24,57,3
14545A0307,RT31035,THERMAL ENGINEERING-II,21,24,3
14545A0307,RT31036,METROLOGY,20,48,3
14545A0307,RT31037,METROLOGY & INSTRUMENTATION LAB,24,44,2
14545A0307,RT31038,MACHINE TOOLS LAB,23,46,2
14545A0306,RT31016,IPR & PATENTS,20,31,2
14545A0306,RT31031,DYNAMICS OF MACHINERY,18,13,0
14545A0306,RT31032,METAL CUTTING & MACHINE TOOLS,23,61,3
14545A0306,RT31033,DESIGN OF MACHINE MEMBERS-I,17,24,3
14545A0306,RT31034,INSTRUMENTATION & CONTROL SYSTEMS,25,45,3
14545A0306,RT31035,THERMAL ENGINEERING-II,24,33,3
14545A0306,RT31036,METROLOGY,19,53,3
14545A0306,RT31037,METROLOGY & INSTRUMENTATION LAB,24,46,2
14545A0306,RT31038,MACHINE TOOLS LAB,24,47,2
14545A0305,RT31016,IPR & PATENTS,19,35,2
14545A0305,RT31031,DYNAMICS OF MACHINERY,16,36,3
14545A0305,RT31032,METAL CUTTING & MACHINE TOOLS,16,35,3
14545A0305,RT31033,DESIGN OF MACHINE MEMBERS-I,12,37,3
14545A0305,RT31034,INSTRUMENTATION & CONTROL SYSTEMS,21,45,3
14545A0305,RT31035,THERMAL ENGINEERING-II,18,27,3
14545A0305,RT31036,METROLOGY,19,7,0
14545A0305,RT31037,METROLOGY & INSTRUMENTATION LAB,24,45,2
14545A0305,RT31038,MACHINE TOOLS LAB,24,46,2
14545A0304,RT31016,IPR & PATENTS,20,37,2
14545A0304,RT31031,DYNAMICS OF MACHINERY,16,7,0
14545A0304,RT31032,METAL CUTTING & MACHINE TOOLS,17,24,3
14545A0304,RT31033,DESIGN OF MACHINE MEMBERS-I,16,33,3
14545A0304,RT31034,INSTRUMENTATION & CONTROL SYSTEMS,21,24,3
14545A0304,RT31035,THERMAL ENGINEERING-II,14,31,3
14545A0304,RT31036,METROLOGY,20,18,0
14545A0304,RT31037,METROLOGY & INSTRUMENTATION LAB,22,45,2
14545A0304,RT31038,MACHINE TOOLS LAB,22,38,2
14545A0303,RT31016,IPR & PATENTS,29,43,2
14545A0303,RT31031,DYNAMICS OF MACHINERY,21,8,0
14545A0303,RT31032,METAL CUTTING & MACHINE TOOLS,24,51,3
14545A0303,RT31033,DESIGN OF MACHINE MEMBERS-I,23,24,3
14545A0303,RT31034,INSTRUMENTATION & CONTROL SYSTEMS,26,69,3
14545A0303,RT31035,THERMAL ENGINEERING-II,24,41,3
14545A0303,RT31036,METROLOGY,24,56,3
14545A0303,RT31037,METROLOGY & INSTRUMENTATION LAB,25,47,2
14545A0303,RT31038,MACHINE TOOLS LAB,25,48,2
14545A0302,RT31016,IPR & PATENTS,19,29,2
14545A0302,RT31031,DYNAMICS OF MACHINERY,19,24,3
14545A0302,RT31032,METAL CUTTING & MACHINE TOOLS,20,56,3
14545A0302,RT31033,DESIGN OF MACHINE MEMBERS-I,16,38,3
14545A0302,RT31034,INSTRUMENTATION & CONTROL SYSTEMS,26,38,3
14545A0302,RT31035,THERMAL ENGINEERING-II,25,33,3
14545A0302,RT31036,METROLOGY,21,53,3
14545A0302,RT31037,METROLOGY & INSTRUMENTATION LAB,24,46,2
14545A0302,RT31038,MACHINE TOOLS LAB,24,48,2
14545A0301,RT31016,IPR & PATENTS,23,43,2
14545A0301,RT31031,DYNAMICS OF MACHINERY,17,29,3
14545A0301,RT31032,METAL CUTTING & MACHINE TOOLS,21,44,3
14545A0301,RT31033,DESIGN OF MACHINE MEMBERS-I,16,24,3
14545A0301,RT31034,INSTRUMENTATION & CONTROL SYSTEMS,22,39,3
14545A0301,RT31035,THERMAL ENGINEERING-II,24,43,3
14545A0301,RT31036,METROLOGY,20,32,3
14545A0301,RT31037,METROLOGY & INSTRUMENTATION LAB,25,45,2
14545A0301,RT31038,MACHINE TOOLS LAB,23,46,2
14545A0217,RT31016,IPR & PATENTS,21,-1,0
14545A0217,RT31021,ELECTRICAL MEASUREMENTS,20,-1,0
14545A0217,RT31022,MEFA,19,-1,0
14545A0217,RT31023,POWER SYSTEMS-II,16,7,0
14545A0217,RT31024,ELECTRICAL MACHINES-III,16,16,0
14545A0217,RT31025,POWER ELECTRONICS,22,-1,0
14545A0217,RT31026,LINEAR & DIGITAL IC APPLICATIONS,18,-1,0
14545A0217,RT31027,ELECTRICAL MACHINES-II  LAB,19,42,2
14545A0217,RT31028,CONTROL SYSTEMS LAB,21,45,2
14545A0216,RT31016,IPR & PATENTS,17,43,2
14545A0216,RT31021,ELECTRICAL MEASUREMENTS,17,46,3
14545A0216,RT31022,MEFA,17,43,3
14545A0216,RT31023,POWER SYSTEMS-II,21,31,3
14545A0216,RT31024,ELECTRICAL MACHINES-III,18,49,3
14545A0216,RT31025,POWER ELECTRONICS,23,28,3
14545A0216,RT31026,LINEAR & DIGITAL IC APPLICATIONS,20,37,3
14545A0216,RT31027,ELECTRICAL MACHINES-II  LAB,23,44,2
14545A0216,RT31028,CONTROL SYSTEMS LAB,20,47,2
14545A0215,RT31016,IPR & PATENTS,21,36,2
14545A0215,RT31021,ELECTRICAL MEASUREMENTS,21,30,3
14545A0215,RT31022,MEFA,20,31,3
14545A0215,RT31023,POWER SYSTEMS-II,18,42,3
14545A0215,RT31024,ELECTRICAL MACHINES-III,14,32,3
14545A0215,RT31025,POWER ELECTRONICS,25,32,3
14545A0215,RT31026,LINEAR & DIGITAL IC APPLICATIONS,20,24,3
14545A0215,RT31027,ELECTRICAL MACHINES-II  LAB,21,41,2
14545A0215,RT31028,CONTROL SYSTEMS LAB,23,43,2
14545A0214,RT31016,IPR & PATENTS,23,49,2
14545A0214,RT31021,ELECTRICAL MEASUREMENTS,23,44,3
14545A0214,RT31022,MEFA,26,27,3
14545A0214,RT31023,POWER SYSTEMS-II,25,40,3
14545A0214,RT31024,ELECTRICAL MACHINES-III,24,50,3
14545A0214,RT31025,POWER ELECTRONICS,23,39,3
14545A0214,RT31026,LINEAR & DIGITAL IC APPLICATIONS,25,59,3
14545A0214,RT31027,ELECTRICAL MACHINES-II  LAB,25,50,2
14545A0214,RT31028,CONTROL SYSTEMS LAB,25,50,2
14545A0213,RT31016,IPR & PATENTS,22,51,2
14545A0213,RT31021,ELECTRICAL MEASUREMENTS,24,9,0
14545A0213,RT31022,MEFA,23,34,3
14545A0213,RT31023,POWER SYSTEMS-II,25,39,3
14545A0213,RT31024,ELECTRICAL MACHINES-III,23,43,3
14545A0213,RT31025,POWER ELECTRONICS,25,31,3
14545A0213,RT31026,LINEAR & DIGITAL IC APPLICATIONS,23,28,3
14545A0213,RT31027,ELECTRICAL MACHINES-II  LAB,25,48,2
14545A0213,RT31028,CONTROL SYSTEMS LAB,25,48,2
14545A0212,RT31016,IPR & PATENTS,21,42,2
14545A0212,RT31021,ELECTRICAL MEASUREMENTS,24,24,3
14545A0212,RT31022,MEFA,22,45,3
14545A0212,RT31023,POWER SYSTEMS-II,25,36,3
14545A0212,RT31024,ELECTRICAL MACHINES-III,20,48,3
14545A0212,RT31025,POWER ELECTRONICS,25,14,0
14545A0212,RT31026,LINEAR & DIGITAL IC APPLICATIONS,22,26,3
14545A0212,RT31027,ELECTRICAL MACHINES-II  LAB,19,44,2
14545A0212,RT31028,CONTROL SYSTEMS LAB,23,42,2
14545A0211,RT31016,IPR & PATENTS,20,34,2
14545A0211,RT31021,ELECTRICAL MEASUREMENTS,20,24,3
14545A0211,RT31022,MEFA,18,17,0
14545A0211,RT31023,POWER SYSTEMS-II,16,24,3
14545A0211,RT31024,ELECTRICAL MACHINES-III,20,24,3
14545A0211,RT31025,POWER ELECTRONICS,21,-1,0
14545A0211,RT31026,LINEAR & DIGITAL IC APPLICATIONS,15,14,0
14545A0211,RT31027,ELECTRICAL MACHINES-II  LAB,19,42,2
14545A0211,RT31028,CONTROL SYSTEMS LAB,21,42,2
14545A0210,RT31016,IPR & PATENTS,23,32,2
14545A0210,RT31021,ELECTRICAL MEASUREMENTS,19,4,0
14545A0210,RT31022,MEFA,18,10,0
14545A0210,RT31023,POWER SYSTEMS-II,19,26,3
14545A0210,RT31024,ELECTRICAL MACHINES-III,15,43,3
14545A0210,RT31025,POWER ELECTRONICS,25,27,3
14545A0210,RT31026,LINEAR & DIGITAL IC APPLICATIONS,21,0,0
14545A0210,RT31027,ELECTRICAL MACHINES-II  LAB,22,44,2
14545A0210,RT31028,CONTROL SYSTEMS LAB,21,45,2
14545A0209,RT31016,IPR & PATENTS,22,46,2
14545A0209,RT31021,ELECTRICAL MEASUREMENTS,24,2,0
14545A0209,RT31022,MEFA,20,32,3
14545A0209,RT31023,POWER SYSTEMS-II,17,15,0
14545A0209,RT31024,ELECTRICAL MACHINES-III,18,32,3
14545A0209,RT31025,POWER ELECTRONICS,22,24,3
14545A0209,RT31026,LINEAR & DIGITAL IC APPLICATIONS,19,12,0
14545A0209,RT31027,ELECTRICAL MACHINES-II  LAB,22,46,2
14545A0209,RT31028,CONTROL SYSTEMS LAB,23,48,2
14545A0208,RT31016,IPR & PATENTS,22,41,2
14545A0208,RT31021,ELECTRICAL MEASUREMENTS,24,39,3
14545A0208,RT31022,MEFA,23,44,3
14545A0208,RT31023,POWER SYSTEMS-II,23,44,3
14545A0208,RT31024,ELECTRICAL MACHINES-III,19,54,3
14545A0208,RT31025,POWER ELECTRONICS,23,24,3
14545A0208,RT31026,LINEAR & DIGITAL IC APPLICATIONS,23,31,3
14545A0208,RT31027,ELECTRICAL MACHINES-II  LAB,24,47,2
14545A0208,RT31028,CONTROL SYSTEMS LAB,23,48,2
14545A0207,RT31016,IPR & PATENTS,20,-1,0
14545A0207,RT31021,ELECTRICAL MEASUREMENTS,17,-1,0
14545A0207,RT31022,MEFA,18,-1,0
14545A0207,RT31023,POWER SYSTEMS-II,16,-1,0
14545A0207,RT31024,ELECTRICAL MACHINES-III,18,-1,0
14545A0207,RT31025,POWER ELECTRONICS,21,-1,0
14545A0207,RT31026,LINEAR & DIGITAL IC APPLICATIONS,16,-1,0
14545A0207,RT31027,ELECTRICAL MACHINES-II  LAB,19,-1,0
14545A0207,RT31028,CONTROL SYSTEMS LAB,21,-1,0
14545A0206,RT31016,IPR & PATENTS,25,49,2
14545A0206,RT31021,ELECTRICAL MEASUREMENTS,26,47,3
14545A0206,RT31022,MEFA,22,10,0
14545A0206,RT31023,POWER SYSTEMS-II,24,57,3
14545A0206,RT31024,ELECTRICAL MACHINES-III,24,50,3
14545A0206,RT31025,POWER ELECTRONICS,25,40,3
14545A0206,RT31026,LINEAR & DIGITAL IC APPLICATIONS,26,46,3
14545A0206,RT31027,ELECTRICAL MACHINES-II  LAB,25,50,2
14545A0206,RT31028,CONTROL SYSTEMS LAB,25,50,2
14545A0205,RT31016,IPR & PATENTS,21,45,2
14545A0205,RT31021,ELECTRICAL MEASUREMENTS,21,24,3
14545A0205,RT31022,MEFA,20,38,3
14545A0205,RT31023,POWER SYSTEMS-II,18,26,3
14545A0205,RT31024,ELECTRICAL MACHINES-III,19,37,3
14545A0205,RT31025,POWER ELECTRONICS,23,8,0
14545A0205,RT31026,LINEAR & DIGITAL IC APPLICATIONS,17,14,0
14545A0205,RT31027,ELECTRICAL MACHINES-II  LAB,21,43,2
14545A0205,RT31028,CONTROL SYSTEMS LAB,21,43,2
14545A0204,RT31016,IPR & PATENTS,22,33,2
14545A0204,RT31021,ELECTRICAL MEASUREMENTS,20,0,0
14545A0204,RT31022,MEFA,16,34,3
14545A0204,RT31023,POWER SYSTEMS-II,16,10,0
14545A0204,RT31024,ELECTRICAL MACHINES-III,16,39,3
14545A0204,RT31025,POWER ELECTRONICS,21,0,0
14545A0204,RT31026,LINEAR & DIGITAL IC APPLICATIONS,19,4,0
14545A0204,RT31027,ELECTRICAL MACHINES-II  LAB,19,40,2
14545A0204,RT31028,CONTROL SYSTEMS LAB,21,43,2
14545A0203,RT31016,IPR & PATENTS,21,-1,0
14545A0203,RT31021,ELECTRICAL MEASUREMENTS,20,-1,0
14545A0203,RT31022,MEFA,18,-1,0
14545A0203,RT31023,POWER SYSTEMS-II,16,-1,0
14545A0203,RT31024,ELECTRICAL MACHINES-III,18,-1,0
14545A0203,RT31025,POWER ELECTRONICS,19,-1,0
14545A0203,RT31026,LINEAR & DIGITAL IC APPLICATIONS,17,-1,0
14545A0203,RT31027,ELECTRICAL MACHINES-II  LAB,19,-1,0
14545A0203,RT31028,CONTROL SYSTEMS LAB,21,-1,0
14545A0202,RT31016,IPR & PATENTS,20,34,2
14545A0202,RT31021,ELECTRICAL MEASUREMENTS,19,0,0
14545A0202,RT31022,MEFA,19,2,0
14545A0202,RT31023,POWER SYSTEMS-II,21,24,3
14545A0202,RT31024,ELECTRICAL MACHINES-III,21,27,3
14545A0202,RT31025,POWER ELECTRONICS,22,12,0
14545A0202,RT31026,LINEAR & DIGITAL IC APPLICATIONS,18,-1,0
14545A0202,RT31027,ELECTRICAL MACHINES-II  LAB,19,42,2
14545A0202,RT31028,CONTROL SYSTEMS LAB,21,42,2
14545A0201,RT31016,IPR & PATENTS,20,45,2
14545A0201,RT31021,ELECTRICAL MEASUREMENTS,19,1,0
14545A0201,RT31022,MEFA,23,35,3
14545A0201,RT31023,POWER SYSTEMS-II,22,24,3
14545A0201,RT31024,ELECTRICAL MACHINES-III,17,40,3
14545A0201,RT31025,POWER ELECTRONICS,23,27,3
14545A0201,RT31026,LINEAR & DIGITAL IC APPLICATIONS,22,3,0
14545A0201,RT31027,ELECTRICAL MACHINES-II  LAB,22,45,2
14545A0201,RT31028,CONTROL SYSTEMS LAB,20,47,2
13545A0414,R31042,DIGITAL IC APPLICATIONS,10,14,0
13545A0414,R31043,LINEAR IC APPLICATIONS,14,2,0
13545A0414,R31044,ELECTRONIC MEASUREMENTS AND INSTRUMENTATION,23,-1,0
13545A0414,R31046,DIGITAL COMMUNICATIONS,16,14,0
13545A0411,R31045,ANTENNAS AND WAVE PROPAGATION,18,32,4
13545A0403,R31043,LINEAR IC APPLICATIONS,19,31,4
13545A0403,R31045,ANTENNAS AND WAVE PROPAGATION,18,41,4
13545A0207,R31021,COMPLEX VARIABLEDS AND STATISTICAL METHODS,16,26,4
13545A0207,R31026,LINEAR & DIGITAL IC APPLICATION,20,35,4
13545A0206,R31021,COMPLEX VARIABLEDS AND STATISTICAL METHODS,14,10,0
13545A0204,R31021,COMPLEX VARIABLEDS AND STATISTICAL METHODS,19,20,0
13541A0508,RT31051,COMPILER DESIGN,19,3,0
13541A0508,RT31052,DATA COMMUNICATION,24,33,3
13541A0508,RT31053,PRINCIPLES OF PROGRAMMING LANGUAGES,21,10,0
13541A0508,RT31054,DATABASE MANAGEMENT SYSTEMS,19,26,3
13541A0508,RT31055,OPERATING SYSTEMS,18,11,0
13541A0508,RT31056,COMPILER DESIGN LAB,24,47,2
13541A0508,RT31057,OPERATING SYSTEM & LINUX PROGRAMMING LAB,21,48,2
13541A0508,RT31058,DATABASE MANAGEMENT SYSTEMS LAB,22,48,2
13541A0508,RT31059,SEMINAR,41,0,1
13541A0507,RT31051,COMPILER DESIGN,25,34,3
13541A0507,RT31052,DATA COMMUNICATION,20,16,0
13541A0507,RT31053,PRINCIPLES OF PROGRAMMING LANGUAGES,20,32,3
13541A0507,RT31054,DATABASE MANAGEMENT SYSTEMS,19,27,3
13541A0507,RT31055,OPERATING SYSTEMS,18,34,3
13541A0507,RT31056,COMPILER DESIGN LAB,24,48,2
13541A0507,RT31057,OPERATING SYSTEM & LINUX PROGRAMMING LAB,22,48,2
13541A0507,RT31058,DATABASE MANAGEMENT SYSTEMS LAB,22,48,2
13541A0507,RT31059,SEMINAR,45,0,1
13541A0506,RT31051,COMPILER DESIGN,23,38,3
13541A0506,RT31052,DATA COMMUNICATION,19,29,3
13541A0506,RT31053,PRINCIPLES OF PROGRAMMING LANGUAGES,18,28,3
13541A0506,RT31054,DATABASE MANAGEMENT SYSTEMS,18,24,3
13541A0506,RT31055,OPERATING SYSTEMS,18,32,3
13541A0506,RT31056,COMPILER DESIGN LAB,24,48,2
13541A0506,RT31057,OPERATING SYSTEM & LINUX PROGRAMMING LAB,22,48,2
13541A0506,RT31058,DATABASE MANAGEMENT SYSTEMS LAB,22,48,2
13541A0506,RT31059,SEMINAR,45,0,1
13541A0505,RT31051,COMPILER DESIGN,24,24,3
13541A0505,RT31052,DATA COMMUNICATION,23,40,3
13541A0505,RT31053,PRINCIPLES OF PROGRAMMING LANGUAGES,22,52,3
13541A0505,RT31054,DATABASE MANAGEMENT SYSTEMS,21,50,3
13541A0505,RT31055,OPERATING SYSTEMS,15,31,3
13541A0505,RT31056,COMPILER DESIGN LAB,25,50,2
13541A0505,RT31057,OPERATING SYSTEM & LINUX PROGRAMMING LAB,23,50,2
13541A0505,RT31058,DATABASE MANAGEMENT SYSTEMS LAB,25,50,2
13541A0505,RT31059,SEMINAR,47,0,1
13541A0504,RT31051,COMPILER DESIGN,20,1,0
13541A0504,RT31052,DATA COMMUNICATION,20,36,3
13541A0504,RT31053,PRINCIPLES OF PROGRAMMING LANGUAGES,22,14,0
13541A0504,RT31054,DATABASE MANAGEMENT SYSTEMS,16,24,3
13541A0504,RT31055,OPERATING SYSTEMS,16,16,0
13541A0504,RT31056,COMPILER DESIGN LAB,22,47,2
13541A0504,RT31057,OPERATING SYSTEM & LINUX PROGRAMMING LAB,21,49,2
13541A0504,RT31058,DATABASE MANAGEMENT SYSTEMS LAB,21,49,2
13541A0504,RT31059,SEMINAR,42,0,1
13541A0503,RT31051,COMPILER DESIGN,18,13,0
13541A0503,RT31052,DATA COMMUNICATION,21,34,3
13541A0503,RT31053,PRINCIPLES OF PROGRAMMING LANGUAGES,21,24,3
13541A0503,RT31054,DATABASE MANAGEMENT SYSTEMS,23,33,3
13541A0503,RT31055,OPERATING SYSTEMS,20,30,3
13541A0503,RT31056,COMPILER DESIGN LAB,23,48,2
13541A0503,RT31057,OPERATING SYSTEM & LINUX PROGRAMMING LAB,21,46,2
13541A0503,RT31058,DATABASE MANAGEMENT SYSTEMS LAB,23,48,2
13541A0503,RT31059,SEMINAR,50,0,1
13541A0501,RT31051,COMPILER DESIGN,20,37,3
13541A0501,RT31052,DATA COMMUNICATION,21,34,3
13541A0501,RT31053,PRINCIPLES OF PROGRAMMING LANGUAGES,21,29,3
13541A0501,RT31054,DATABASE MANAGEMENT SYSTEMS,20,29,3
13541A0501,RT31055,OPERATING SYSTEMS,17,26,3
13541A0501,RT31056,COMPILER DESIGN LAB,24,47,2
13541A0501,RT31057,OPERATING SYSTEM & LINUX PROGRAMMING LAB,22,48,2
13541A0501,RT31058,DATABASE MANAGEMENT SYSTEMS LAB,22,48,2
13541A0501,RT31059,SEMINAR,45,0,1
13541A0437,RT31016,IPR & PATENTS,26,50,2
13541A0437,RT31041,PULSE & DIGITAL CIRCUITS,25,33,3
13541A0437,RT31042,LINEAR INTEGRATED CIRCUIT APPLICATIONS,21,38,3
13541A0437,RT31043,CONTROL SYSTEMS,18,31,3
13541A0437,RT31044,DIGITAL SYSTEM DESIGN & DICA,22,42,3
13541A0437,RT31045,ANTENNAS AND WAVE PROPAGATION,19,47,3
13541A0437,RT31047,PULSE & DIGITAL CIRCUITS LAB,24,47,2
13541A0437,RT31048,LICA LAB,23,47,2
13541A0437,RT31049,DIGITAL SYSTEM DESIGN & DICA LAB,23,47,2
13541A0436,RT31016,IPR & PATENTS,22,40,2
13541A0436,RT31041,PULSE & DIGITAL CIRCUITS,22,24,3
13541A0436,RT31042,LINEAR INTEGRATED CIRCUIT APPLICATIONS,22,7,0
13541A0436,RT31043,CONTROL SYSTEMS,22,11,0
13541A0436,RT31044,DIGITAL SYSTEM DESIGN & DICA,20,25,3
13541A0436,RT31045,ANTENNAS AND WAVE PROPAGATION,21,12,0
13541A0436,RT31047,PULSE & DIGITAL CIRCUITS LAB,24,46,2
13541A0436,RT31048,LICA LAB,24,47,2
13541A0436,RT31049,DIGITAL SYSTEM DESIGN & DICA LAB,23,47,2
13541A0435,RT31016,IPR & PATENTS,28,30,2
13541A0435,RT31041,PULSE & DIGITAL CIRCUITS,24,31,3
13541A0435,RT31042,LINEAR INTEGRATED CIRCUIT APPLICATIONS,22,42,3
13541A0435,RT31043,CONTROL SYSTEMS,19,39,3
13541A0435,RT31044,DIGITAL SYSTEM DESIGN & DICA,16,32,3
13541A0435,RT31045,ANTENNAS AND WAVE PROPAGATION,20,16,0
13541A0435,RT31047,PULSE & DIGITAL CIRCUITS LAB,23,46,2
13541A0435,RT31048,LICA LAB,23,48,2
13541A0435,RT31049,DIGITAL SYSTEM DESIGN & DICA LAB,23,47,2
13541A0434,RT31016,IPR & PATENTS,26,52,2
13541A0434,RT31041,PULSE & DIGITAL CIRCUITS,23,31,3
13541A0434,RT31042,LINEAR INTEGRATED CIRCUIT APPLICATIONS,22,43,3
13541A0434,RT31043,CONTROL SYSTEMS,19,38,3
13541A0434,RT31044,DIGITAL SYSTEM DESIGN & DICA,21,28,3
13541A0434,RT31045,ANTENNAS AND WAVE PROPAGATION,23,42,3
13541A0434,RT31047,PULSE & DIGITAL CIRCUITS LAB,23,47,2
13541A0434,RT31048,LICA LAB,23,46,2
13541A0434,RT31049,DIGITAL SYSTEM DESIGN & DICA LAB,24,50,2
13541A0433,RT31016,IPR & PATENTS,25,26,2
13541A0433,RT31041,PULSE & DIGITAL CIRCUITS,24,29,3
13541A0433,RT31042,LINEAR INTEGRATED CIRCUIT APPLICATIONS,20,24,3
13541A0433,RT31043,CONTROL SYSTEMS,16,18,0
13541A0433,RT31044,DIGITAL SYSTEM DESIGN & DICA,18,31,3
13541A0433,RT31045,ANTENNAS AND WAVE PROPAGATION,16,36,3
13541A0433,RT31047,PULSE & DIGITAL CIRCUITS LAB,24,46,2
13541A0433,RT31048,LICA LAB,22,44,2
13541A0433,RT31049,DIGITAL SYSTEM DESIGN & DICA LAB,24,48,2
13541A0432,RT31016,IPR & PATENTS,27,40,2
13541A0432,RT31041,PULSE & DIGITAL CIRCUITS,23,37,3
13541A0432,RT31042,LINEAR INTEGRATED CIRCUIT APPLICATIONS,22,17,0
13541A0432,RT31043,CONTROL SYSTEMS,22,24,3
13541A0432,RT31044,DIGITAL SYSTEM DESIGN & DICA,21,27,3
13541A0432,RT31045,ANTENNAS AND WAVE PROPAGATION,20,30,3
13541A0432,RT31047,PULSE & DIGITAL CIRCUITS LAB,25,49,2
13541A0432,RT31048,LICA LAB,24,49,2
13541A0432,RT31049,DIGITAL SYSTEM DESIGN & DICA LAB,24,48,2
13541A0431,RT31016,IPR & PATENTS,28,40,2
13541A0431,RT31041,PULSE & DIGITAL CIRCUITS,23,34,3
13541A0431,RT31042,LINEAR INTEGRATED CIRCUIT APPLICATIONS,24,44,3
13541A0431,RT31043,CONTROL SYSTEMS,24,57,3
13541A0431,RT31044,DIGITAL SYSTEM DESIGN & DICA,22,32,3
13541A0431,RT31045,ANTENNAS AND WAVE PROPAGATION,26,17,0
13541A0431,RT31047,PULSE & DIGITAL CIRCUITS LAB,25,50,2
13541A0431,RT31048,LICA LAB,25,48,2
13541A0431,RT31049,DIGITAL SYSTEM DESIGN & DICA LAB,25,50,2
13541A0430,RT31016,IPR & PATENTS,21,32,2
13541A0430,RT31041,PULSE & DIGITAL CIRCUITS,21,26,3
13541A0430,RT31042,LINEAR INTEGRATED CIRCUIT APPLICATIONS,23,30,3
13541A0430,RT31043,CONTROL SYSTEMS,22,27,3
13541A0430,RT31044,DIGITAL SYSTEM DESIGN & DICA,21,25,3
13541A0430,RT31045,ANTENNAS AND WAVE PROPAGATION,18,35,3
13541A0430,RT31047,PULSE & DIGITAL CIRCUITS LAB,23,46,2
13541A0430,RT31048,LICA LAB,24,46,2
13541A0430,RT31049,DIGITAL SYSTEM DESIGN & DICA LAB,23,47,2
13541A0429,RT31016,IPR & PATENTS,25,30,2
13541A0429,RT31041,PULSE & DIGITAL CIRCUITS,26,30,3
13541A0429,RT31042,LINEAR INTEGRATED CIRCUIT APPLICATIONS,21,42,3
13541A0429,RT31043,CONTROL SYSTEMS,21,33,3
13541A0429,RT31044,DIGITAL SYSTEM DESIGN & DICA,21,37,3
13541A0429,RT31045,ANTENNAS AND WAVE PROPAGATION,17,46,3
13541A0429,RT31047,PULSE & DIGITAL CIRCUITS LAB,24,46,2
13541A0429,RT31048,LICA LAB,23,48,2
13541A0429,RT31049,DIGITAL SYSTEM DESIGN & DICA LAB,23,47,2
13541A0428,RT31016,IPR & PATENTS,25,38,2
13541A0428,RT31041,PULSE & DIGITAL CIRCUITS,16,25,3
13541A0428,RT31042,LINEAR INTEGRATED CIRCUIT APPLICATIONS,15,9,0
13541A0428,RT31043,CONTROL SYSTEMS,12,11,0
13541A0428,RT31044,DIGITAL SYSTEM DESIGN & DICA,16,15,0
13541A0428,RT31045,ANTENNAS AND WAVE PROPAGATION,15,15,0
13541A0428,RT31047,PULSE & DIGITAL CIRCUITS LAB,21,42,2
13541A0428,RT31048,LICA LAB,20,42,2
13541A0428,RT31049,DIGITAL SYSTEM DESIGN & DICA LAB,20,43,2
13541A0427,RT31016,IPR & PATENTS,27,39,2
13541A0427,RT31041,PULSE & DIGITAL CIRCUITS,16,25,3
13541A0427,RT31042,LINEAR INTEGRATED CIRCUIT APPLICATIONS,23,34,3
13541A0427,RT31043,CONTROL SYSTEMS,18,50,3
13541A0427,RT31044,DIGITAL SYSTEM DESIGN & DICA,20,32,3
13541A0427,RT31045,ANTENNAS AND WAVE PROPAGATION,23,16,0
13541A0427,RT31047,PULSE & DIGITAL CIRCUITS LAB,24,46,2
13541A0427,RT31048,LICA LAB,23,47,2
13541A0427,RT31049,DIGITAL SYSTEM DESIGN & DICA LAB,24,47,2
13541A0426,RT31016,IPR & PATENTS,26,39,2
13541A0426,RT31041,PULSE & DIGITAL CIRCUITS,22,24,3
13541A0426,RT31042,LINEAR INTEGRATED CIRCUIT APPLICATIONS,20,40,3
13541A0426,RT31043,CONTROL SYSTEMS,23,38,3
13541A0426,RT31044,DIGITAL SYSTEM DESIGN & DICA,17,24,3
13541A0426,RT31045,ANTENNAS AND WAVE PROPAGATION,21,32,3
13541A0426,RT31047,PULSE & DIGITAL CIRCUITS LAB,25,47,2
13541A0426,RT31048,LICA LAB,23,47,2
13541A0426,RT31049,DIGITAL SYSTEM DESIGN & DICA LAB,24,48,2
13541A0425,RT31016,IPR & PATENTS,26,55,2
13541A0425,RT31041,PULSE & DIGITAL CIRCUITS,23,29,3
13541A0425,RT31042,LINEAR INTEGRATED CIRCUIT APPLICATIONS,23,51,3
13541A0425,RT31043,CONTROL SYSTEMS,18,38,3
13541A0425,RT31044,DIGITAL SYSTEM DESIGN & DICA,24,31,3
13541A0425,RT31045,ANTENNAS AND WAVE PROPAGATION,19,55,3
13541A0425,RT31047,PULSE & DIGITAL CIRCUITS LAB,24,46,2
13541A0425,RT31048,LICA LAB,23,48,2
13541A0425,RT31049,DIGITAL SYSTEM DESIGN & DICA LAB,24,48,2
13541A0424,RT31016,IPR & PATENTS,27,41,2
13541A0424,RT31041,PULSE & DIGITAL CIRCUITS,20,29,3
13541A0424,RT31042,LINEAR INTEGRATED CIRCUIT APPLICATIONS,23,24,3
13541A0424,RT31043,CONTROL SYSTEMS,20,8,0
13541A0424,RT31044,DIGITAL SYSTEM DESIGN & DICA,18,19,0
13541A0424,RT31045,ANTENNAS AND WAVE PROPAGATION,19,24,3
13541A0424,RT31047,PULSE & DIGITAL CIRCUITS LAB,24,47,2
13541A0424,RT31048,LICA LAB,24,46,2
13541A0424,RT31049,DIGITAL SYSTEM DESIGN & DICA LAB,23,50,2
13541A0423,RT31016,IPR & PATENTS,25,28,2
13541A0423,RT31041,PULSE & DIGITAL CIRCUITS,17,25,3
13541A0423,RT31042,LINEAR INTEGRATED CIRCUIT APPLICATIONS,17,31,3
13541A0423,RT31043,CONTROL SYSTEMS,17,30,3
13541A0423,RT31044,DIGITAL SYSTEM DESIGN & DICA,17,11,0
13541A0423,RT31045,ANTENNAS AND WAVE PROPAGATION,15,13,0
13541A0423,RT31047,PULSE & DIGITAL CIRCUITS LAB,23,44,2
13541A0423,RT31048,LICA LAB,22,44,2
13541A0423,RT31049,DIGITAL SYSTEM DESIGN & DICA LAB,22,43,2
13541A0422,RT31016,IPR & PATENTS,26,41,2
13541A0422,RT31041,PULSE & DIGITAL CIRCUITS,24,28,3
13541A0422,RT31042,LINEAR INTEGRATED CIRCUIT APPLICATIONS,21,36,3
13541A0422,RT31043,CONTROL SYSTEMS,18,35,3
13541A0422,RT31044,DIGITAL SYSTEM DESIGN & DICA,22,25,3
13541A0422,RT31045,ANTENNAS AND WAVE PROPAGATION,22,46,3
13541A0422,RT31047,PULSE & DIGITAL CIRCUITS LAB,24,46,2
13541A0422,RT31048,LICA LAB,24,45,2
13541A0422,RT31049,DIGITAL SYSTEM DESIGN & DICA LAB,23,47,2
13541A0421,RT31016,IPR & PATENTS,24,30,2
13541A0421,RT31041,PULSE & DIGITAL CIRCUITS,16,27,3
13541A0421,RT31042,LINEAR INTEGRATED CIRCUIT APPLICATIONS,20,31,3
13541A0421,RT31043,CONTROL SYSTEMS,18,28,3
13541A0421,RT31044,DIGITAL SYSTEM DESIGN & DICA,16,34,3
13541A0421,RT31045,ANTENNAS AND WAVE PROPAGATION,16,2,0
13541A0421,RT31047,PULSE & DIGITAL CIRCUITS LAB,21,42,2
13541A0421,RT31048,LICA LAB,20,42,2
13541A0421,RT31049,DIGITAL SYSTEM DESIGN & DICA LAB,20,43,2
13541A0420,RT31016,IPR & PATENTS,26,42,2
13541A0420,RT31041,PULSE & DIGITAL CIRCUITS,17,24,3
13541A0420,RT31042,LINEAR INTEGRATED CIRCUIT APPLICATIONS,17,24,3
13541A0420,RT31043,CONTROL SYSTEMS,18,14,0
13541A0420,RT31044,DIGITAL SYSTEM DESIGN & DICA,20,28,3
13541A0420,RT31045,ANTENNAS AND WAVE PROPAGATION,17,28,3
13541A0420,RT31047,PULSE & DIGITAL CIRCUITS LAB,22,43,2
13541A0420,RT31048,LICA LAB,21,44,2
13541A0420,RT31049,DIGITAL SYSTEM DESIGN & DICA LAB,22,44,2
13541A0418,RT31016,IPR & PATENTS,27,31,2
13541A0418,RT31041,PULSE & DIGITAL CIRCUITS,24,25,3
13541A0418,RT31042,LINEAR INTEGRATED CIRCUIT APPLICATIONS,19,36,3
13541A0418,RT31043,CONTROL SYSTEMS,21,42,3
13541A0418,RT31044,DIGITAL SYSTEM DESIGN & DICA,19,26,3
13541A0418,RT31045,ANTENNAS AND WAVE PROPAGATION,17,5,0
13541A0418,RT31047,PULSE & DIGITAL CIRCUITS LAB,24,48,2
13541A0418,RT31048,LICA LAB,23,46,2
13541A0418,RT31049,DIGITAL SYSTEM DESIGN & DICA LAB,24,47,2
13541A0417,RT31016,IPR & PATENTS,27,36,2
13541A0417,RT31041,PULSE & DIGITAL CIRCUITS,19,34,3
13541A0417,RT31042,LINEAR INTEGRATED CIRCUIT APPLICATIONS,24,25,3
13541A0417,RT31043,CONTROL SYSTEMS,21,30,3
13541A0417,RT31044,DIGITAL SYSTEM DESIGN & DICA,20,31,3
13541A0417,RT31045,ANTENNAS AND WAVE PROPAGATION,21,32,3
13541A0417,RT31047,PULSE & DIGITAL CIRCUITS LAB,24,48,2
13541A0417,RT31048,LICA LAB,24,46,2
13541A0417,RT31049,DIGITAL SYSTEM DESIGN & DICA LAB,25,49,2
13541A0416,RT31016,IPR & PATENTS,27,37,2
13541A0416,RT31041,PULSE & DIGITAL CIRCUITS,23,33,3
13541A0416,RT31042,LINEAR INTEGRATED CIRCUIT APPLICATIONS,24,51,3
13541A0416,RT31043,CONTROL SYSTEMS,21,47,3
13541A0416,RT31044,DIGITAL SYSTEM DESIGN & DICA,21,34,3
13541A0416,RT31045,ANTENNAS AND WAVE PROPAGATION,20,14,0
13541A0416,RT31047,PULSE & DIGITAL CIRCUITS LAB,24,46,2
13541A0416,RT31048,LICA LAB,24,47,2
13541A0416,RT31049,DIGITAL SYSTEM DESIGN & DICA LAB,24,48,2
13541A0415,RT31016,IPR & PATENTS,26,48,2
13541A0415,RT31041,PULSE & DIGITAL CIRCUITS,23,36,3
13541A0415,RT31042,LINEAR INTEGRATED CIRCUIT APPLICATIONS,25,5,0
13541A0415,RT31043,CONTROL SYSTEMS,20,14,0
13541A0415,RT31044,DIGITAL SYSTEM DESIGN & DICA,14,31,3
13541A0415,RT31045,ANTENNAS AND WAVE PROPAGATION,17,30,3
13541A0415,RT31047,PULSE & DIGITAL CIRCUITS LAB,24,46,2
13541A0415,RT31048,LICA LAB,23,47,2
13541A0415,RT31049,DIGITAL SYSTEM DESIGN & DICA LAB,24,47,2
13541A0413,RT31016,IPR & PATENTS,26,32,2
13541A0413,RT31041,PULSE & DIGITAL CIRCUITS,17,25,3
13541A0413,RT31042,LINEAR INTEGRATED CIRCUIT APPLICATIONS,22,24,3
13541A0413,RT31043,CONTROL SYSTEMS,22,44,3
13541A0413,RT31044,DIGITAL SYSTEM DESIGN & DICA,17,25,3
13541A0413,RT31045,ANTENNAS AND WAVE PROPAGATION,23,24,3
13541A0413,RT31047,PULSE & DIGITAL CIRCUITS LAB,24,46,2
13541A0413,RT31048,LICA LAB,23,48,2
13541A0413,RT31049,DIGITAL SYSTEM DESIGN & DICA LAB,24,50,2
13541A0412,RT31016,IPR & PATENTS,26,37,2
13541A0412,RT31041,PULSE & DIGITAL CIRCUITS,23,26,3
13541A0412,RT31042,LINEAR INTEGRATED CIRCUIT APPLICATIONS,24,50,3
13541A0412,RT31043,CONTROL SYSTEMS,26,35,3
13541A0412,RT31044,DIGITAL SYSTEM DESIGN & DICA,22,30,3
13541A0412,RT31045,ANTENNAS AND WAVE PROPAGATION,20,39,3
13541A0412,RT31047,PULSE & DIGITAL CIRCUITS LAB,25,49,2
13541A0412,RT31048,LICA LAB,25,50,2
13541A0412,RT31049,DIGITAL SYSTEM DESIGN & DICA LAB,24,49,2
13541A0411,RT31016,IPR & PATENTS,25,26,2
13541A0411,RT31041,PULSE & DIGITAL CIRCUITS,15,27,3
13541A0411,RT31042,LINEAR INTEGRATED CIRCUIT APPLICATIONS,19,24,3
13541A0411,RT31043,CONTROL SYSTEMS,10,17,0
13541A0411,RT31044,DIGITAL SYSTEM DESIGN & DICA,17,15,0
13541A0411,RT31045,ANTENNAS AND WAVE PROPAGATION,15,3,0
13541A0411,RT31047,PULSE & DIGITAL CIRCUITS LAB,21,43,2
13541A0411,RT31048,LICA LAB,20,41,2
13541A0411,RT31049,DIGITAL SYSTEM DESIGN & DICA LAB,20,43,2
13541A0410,RT31016,IPR & PATENTS,25,39,2
13541A0410,RT31041,PULSE & DIGITAL CIRCUITS,16,31,3
13541A0410,RT31042,LINEAR INTEGRATED CIRCUIT APPLICATIONS,19,33,3
13541A0410,RT31043,CONTROL SYSTEMS,18,24,3
13541A0410,RT31044,DIGITAL SYSTEM DESIGN & DICA,16,28,3
13541A0410,RT31045,ANTENNAS AND WAVE PROPAGATION,17,24,3
13541A0410,RT31047,PULSE & DIGITAL CIRCUITS LAB,23,45,2
13541A0410,RT31048,LICA LAB,21,42,2
13541A0410,RT31049,DIGITAL SYSTEM DESIGN & DICA LAB,22,43,2
13541A0409,RT31016,IPR & PATENTS,26,24,2
13541A0409,RT31041,PULSE & DIGITAL CIRCUITS,19,26,3
13541A0409,RT31042,LINEAR INTEGRATED CIRCUIT APPLICATIONS,22,44,3
13541A0409,RT31043,CONTROL SYSTEMS,23,46,3
13541A0409,RT31044,DIGITAL SYSTEM DESIGN & DICA,23,33,3
13541A0409,RT31045,ANTENNAS AND WAVE PROPAGATION,18,12,0
13541A0409,RT31047,PULSE & DIGITAL CIRCUITS LAB,24,47,2
13541A0409,RT31048,LICA LAB,25,49,2
13541A0409,RT31049,DIGITAL SYSTEM DESIGN & DICA LAB,24,49,2
13541A0408,RT31016,IPR & PATENTS,27,42,2
13541A0408,RT31041,PULSE & DIGITAL CIRCUITS,19,31,3
13541A0408,RT31042,LINEAR INTEGRATED CIRCUIT APPLICATIONS,24,44,3
13541A0408,RT31043,CONTROL SYSTEMS,21,26,3
13541A0408,RT31044,DIGITAL SYSTEM DESIGN & DICA,20,31,3
13541A0408,RT31045,ANTENNAS AND WAVE PROPAGATION,17,39,3
13541A0408,RT31047,PULSE & DIGITAL CIRCUITS LAB,24,47,2
13541A0408,RT31048,LICA LAB,22,47,2
13541A0408,RT31049,DIGITAL SYSTEM DESIGN & DICA LAB,24,48,2
13541A0407,RT31016,IPR & PATENTS,27,54,2
13541A0407,RT31041,PULSE & DIGITAL CIRCUITS,21,29,3
13541A0407,RT31042,LINEAR INTEGRATED CIRCUIT APPLICATIONS,22,51,3
13541A0407,RT31043,CONTROL SYSTEMS,20,40,3
13541A0407,RT31044,DIGITAL SYSTEM DESIGN & DICA,20,30,3
13541A0407,RT31045,ANTENNAS AND WAVE PROPAGATION,20,9,0
13541A0407,RT31047,PULSE & DIGITAL CIRCUITS LAB,24,47,2
13541A0407,RT31048,LICA LAB,23,48,2
13541A0407,RT31049,DIGITAL SYSTEM DESIGN & DICA LAB,24,48,2
13541A0406,RT31016,IPR & PATENTS,26,40,2
13541A0406,RT31041,PULSE & DIGITAL CIRCUITS,24,36,3
13541A0406,RT31042,LINEAR INTEGRATED CIRCUIT APPLICATIONS,24,48,3
13541A0406,RT31043,CONTROL SYSTEMS,24,38,3
13541A0406,RT31044,DIGITAL SYSTEM DESIGN & DICA,21,31,3
13541A0406,RT31045,ANTENNAS AND WAVE PROPAGATION,22,30,3
13541A0406,RT31047,PULSE & DIGITAL CIRCUITS LAB,25,49,2
13541A0406,RT31048,LICA LAB,24,43,2
13541A0406,RT31049,DIGITAL SYSTEM DESIGN & DICA LAB,25,49,2
13541A0405,RT31016,IPR & PATENTS,27,34,2
13541A0405,RT31041,PULSE & DIGITAL CIRCUITS,20,39,3
13541A0405,RT31042,LINEAR INTEGRATED CIRCUIT APPLICATIONS,22,46,3
13541A0405,RT31043,CONTROL SYSTEMS,23,55,3
13541A0405,RT31044,DIGITAL SYSTEM DESIGN & DICA,21,35,3
13541A0405,RT31045,ANTENNAS AND WAVE PROPAGATION,23,24,3
13541A0405,RT31047,PULSE & DIGITAL CIRCUITS LAB,25,50,2
13541A0405,RT31048,LICA LAB,25,49,2
13541A0405,RT31049,DIGITAL SYSTEM DESIGN & DICA LAB,24,50,2
13541A0404,RT31016,IPR & PATENTS,25,36,2
13541A0404,RT31041,PULSE & DIGITAL CIRCUITS,7,12,0
13541A0404,RT31042,LINEAR INTEGRATED CIRCUIT APPLICATIONS,19,26,3
13541A0404,RT31043,CONTROL SYSTEMS,8,7,0
13541A0404,RT31044,DIGITAL SYSTEM DESIGN & DICA,15,18,0
13541A0404,RT31045,ANTENNAS AND WAVE PROPAGATION,10,13,0
13541A0404,RT31047,PULSE & DIGITAL CIRCUITS LAB,15,42,2
13541A0404,RT31048,LICA LAB,15,40,2
13541A0404,RT31049,DIGITAL SYSTEM DESIGN & DICA LAB,15,42,2
13541A0403,RT31016,IPR & PATENTS,27,24,2
13541A0403,RT31041,PULSE & DIGITAL CIRCUITS,22,24,3
13541A0403,RT31042,LINEAR INTEGRATED CIRCUIT APPLICATIONS,20,14,0
13541A0403,RT31043,CONTROL SYSTEMS,15,16,0
13541A0403,RT31044,DIGITAL SYSTEM DESIGN & DICA,20,36,3
13541A0403,RT31045,ANTENNAS AND WAVE PROPAGATION,16,6,0
13541A0403,RT31047,PULSE & DIGITAL CIRCUITS LAB,21,43,2
13541A0403,RT31048,LICA LAB,20,41,2
13541A0403,RT31049,DIGITAL SYSTEM DESIGN & DICA LAB,20,43,2
13541A0402,RT31016,IPR & PATENTS,22,42,2
13541A0402,RT31041,PULSE & DIGITAL CIRCUITS,16,31,3
13541A0402,RT31042,LINEAR INTEGRATED CIRCUIT APPLICATIONS,22,32,3
13541A0402,RT31043,CONTROL SYSTEMS,18,24,3
13541A0402,RT31044,DIGITAL SYSTEM DESIGN & DICA,20,30,3
13541A0402,RT31045,ANTENNAS AND WAVE PROPAGATION,21,30,3
13541A0402,RT31047,PULSE & DIGITAL CIRCUITS LAB,24,46,2
13541A0402,RT31048,LICA LAB,23,46,2
13541A0402,RT31049,DIGITAL SYSTEM DESIGN & DICA LAB,15,47,2
13541A0340,RT31016,IPR & PATENTS,21,50,2
13541A0340,RT31031,DYNAMICS OF MACHINERY,14,9,0
13541A0340,RT31032,METAL CUTTING & MACHINE TOOLS,16,10,0
13541A0340,RT31033,DESIGN OF MACHINE MEMBERS-I,11,29,3
13541A0340,RT31034,INSTRUMENTATION & CONTROL SYSTEMS,17,14,0
13541A0340,RT31035,THERMAL ENGINEERING-II,17,2,0
13541A0340,RT31036,METROLOGY,20,24,3
13541A0340,RT31037,METROLOGY & INSTRUMENTATION LAB,22,44,2
13541A0340,RT31038,MACHINE TOOLS LAB,23,43,2
13541A0339,RT31016,IPR & PATENTS,21,40,2
13541A0339,RT31031,DYNAMICS OF MACHINERY,21,10,0
13541A0339,RT31032,METAL CUTTING & MACHINE TOOLS,20,25,3
13541A0339,RT31033,DESIGN OF MACHINE MEMBERS-I,17,24,3
13541A0339,RT31034,INSTRUMENTATION & CONTROL SYSTEMS,22,45,3
13541A0339,RT31035,THERMAL ENGINEERING-II,23,8,0
13541A0339,RT31036,METROLOGY,23,28,3
13541A0339,RT31037,METROLOGY & INSTRUMENTATION LAB,25,48,2
13541A0339,RT31038,MACHINE TOOLS LAB,24,48,2
13541A0338,RT31016,IPR & PATENTS,19,34,2
13541A0338,RT31031,DYNAMICS OF MACHINERY,16,30,3
13541A0338,RT31032,METAL CUTTING & MACHINE TOOLS,23,55,3
13541A0338,RT31033,DESIGN OF MACHINE MEMBERS-I,15,25,3
13541A0338,RT31034,INSTRUMENTATION & CONTROL SYSTEMS,21,31,3
13541A0338,RT31035,THERMAL ENGINEERING-II,20,31,3
13541A0338,RT31036,METROLOGY,20,47,3
13541A0338,RT31037,METROLOGY & INSTRUMENTATION LAB,24,43,2
13541A0338,RT31038,MACHINE TOOLS LAB,23,43,2
13541A0337,RT31016,IPR & PATENTS,25,43,2
13541A0337,RT31031,DYNAMICS OF MACHINERY,21,36,3
13541A0337,RT31032,METAL CUTTING & MACHINE TOOLS,22,42,3
13541A0337,RT31033,DESIGN OF MACHINE MEMBERS-I,21,44,3
13541A0337,RT31034,INSTRUMENTATION & CONTROL SYSTEMS,25,63,3
13541A0337,RT31035,THERMAL ENGINEERING-II,25,43,3
13541A0337,RT31036,METROLOGY,24,25,3
13541A0337,RT31037,METROLOGY & INSTRUMENTATION LAB,24,46,2
13541A0337,RT31038,MACHINE TOOLS LAB,23,48,2
13541A0335,RT31016,IPR & PATENTS,21,46,2
13541A0335,RT31031,DYNAMICS OF MACHINERY,18,32,3
13541A0335,RT31032,METAL CUTTING & MACHINE TOOLS,23,11,0
13541A0335,RT31033,DESIGN OF MACHINE MEMBERS-I,18,41,3
13541A0335,RT31034,INSTRUMENTATION & CONTROL SYSTEMS,20,12,0
13541A0335,RT31035,THERMAL ENGINEERING-II,21,6,0
13541A0335,RT31036,METROLOGY,19,38,3
13541A0335,RT31037,METROLOGY & INSTRUMENTATION LAB,25,45,2
13541A0335,RT31038,MACHINE TOOLS LAB,23,48,2
13541A0334,RT31016,IPR & PATENTS,18,30,2
13541A0334,RT31031,DYNAMICS OF MACHINERY,16,7,0
13541A0334,RT31032,METAL CUTTING & MACHINE TOOLS,20,9,0
13541A0334,RT31033,DESIGN OF MACHINE MEMBERS-I,10,5,0
13541A0334,RT31034,INSTRUMENTATION & CONTROL SYSTEMS,21,24,3
13541A0334,RT31035,THERMAL ENGINEERING-II,13,17,0
13541A0334,RT31036,METROLOGY,19,18,0
13541A0334,RT31037,METROLOGY & INSTRUMENTATION LAB,22,42,2
13541A0334,RT31038,MACHINE TOOLS LAB,23,42,2
13541A0333,RT31016,IPR & PATENTS,19,40,2
13541A0333,RT31031,DYNAMICS OF MACHINERY,15,17,0
13541A0333,RT31032,METAL CUTTING & MACHINE TOOLS,22,35,3
13541A0333,RT31033,DESIGN OF MACHINE MEMBERS-I,10,12,0
13541A0333,RT31034,INSTRUMENTATION & CONTROL SYSTEMS,20,38,3
13541A0333,RT31035,THERMAL ENGINEERING-II,19,39,3
13541A0333,RT31036,METROLOGY,20,48,3
13541A0333,RT31037,METROLOGY & INSTRUMENTATION LAB,22,44,2
13541A0333,RT31038,MACHINE TOOLS LAB,23,41,2
13541A0332,RT31016,IPR & PATENTS,20,35,2
13541A0332,RT31031,DYNAMICS OF MACHINERY,19,28,3
13541A0332,RT31032,METAL CUTTING & MACHINE TOOLS,23,32,3
13541A0332,RT31033,DESIGN OF MACHINE MEMBERS-I,11,29,3
13541A0332,RT31034,INSTRUMENTATION & CONTROL SYSTEMS,20,24,3
13541A0332,RT31035,THERMAL ENGINEERING-II,20,48,3
13541A0332,RT31036,METROLOGY,19,25,3
13541A0332,RT31037,METROLOGY & INSTRUMENTATION LAB,22,42,2
13541A0332,RT31038,MACHINE TOOLS LAB,24,41,2
13541A0331,RT31016,IPR & PATENTS,22,46,2
13541A0331,RT31031,DYNAMICS OF MACHINERY,16,34,3
13541A0331,RT31032,METAL CUTTING & MACHINE TOOLS,20,29,3
13541A0331,RT31033,DESIGN OF MACHINE MEMBERS-I,10,48,3
13541A0331,RT31034,INSTRUMENTATION & CONTROL SYSTEMS,17,29,3
13541A0331,RT31035,THERMAL ENGINEERING-II,16,32,3
13541A0331,RT31036,METROLOGY,18,32,3
13541A0331,RT31037,METROLOGY & INSTRUMENTATION LAB,23,45,2
13541A0331,RT31038,MACHINE TOOLS LAB,24,42,2
13541A0330,RT31016,IPR & PATENTS,23,40,2
13541A0330,RT31031,DYNAMICS OF MACHINERY,17,5,0
13541A0330,RT31032,METAL CUTTING & MACHINE TOOLS,22,11,0
13541A0330,RT31033,DESIGN OF MACHINE MEMBERS-I,12,29,3
13541A0330,RT31034,INSTRUMENTATION & CONTROL SYSTEMS,14,40,3
13541A0330,RT31035,THERMAL ENGINEERING-II,22,36,3
13541A0330,RT31036,METROLOGY,19,28,3
13541A0330,RT31037,METROLOGY & INSTRUMENTATION LAB,23,43,2
13541A0330,RT31038,MACHINE TOOLS LAB,23,42,2
13541A0329,RT31016,IPR & PATENTS,19,24,2
13541A0329,RT31031,DYNAMICS OF MACHINERY,15,14,0
13541A0329,RT31032,METAL CUTTING & MACHINE TOOLS,19,52,3
13541A0329,RT31033,DESIGN OF MACHINE MEMBERS-I,11,7,0
13541A0329,RT31034,INSTRUMENTATION & CONTROL SYSTEMS,19,29,3
13541A0329,RT31035,THERMAL ENGINEERING-II,19,28,3
13541A0329,RT31036,METROLOGY,19,49,3
13541A0329,RT31037,METROLOGY & INSTRUMENTATION LAB,23,44,2
13541A0329,RT31038,MACHINE TOOLS LAB,23,44,2
13541A0328,RT31016,IPR & PATENTS,25,40,2
13541A0328,RT31031,DYNAMICS OF MACHINERY,18,29,3
13541A0328,RT31032,METAL CUTTING & MACHINE TOOLS,22,37,3
13541A0328,RT31033,DESIGN OF MACHINE MEMBERS-I,14,14,0
13541A0328,RT31034,INSTRUMENTATION & CONTROL SYSTEMS,15,43,3
13541A0328,RT31035,THERMAL ENGINEERING-II,20,45,3
13541A0328,RT31036,METROLOGY,20,28,3
13541A0328,RT31037,METROLOGY & INSTRUMENTATION LAB,24,45,2
13541A0328,RT31038,MACHINE TOOLS LAB,23,46,2
13541A0327,RT31016,IPR & PATENTS,21,41,2
13541A0327,RT31031,DYNAMICS OF MACHINERY,17,31,3
13541A0327,RT31032,METAL CUTTING & MACHINE TOOLS,21,40,3
13541A0327,RT31033,DESIGN OF MACHINE MEMBERS-I,19,36,3
13541A0327,RT31034,INSTRUMENTATION & CONTROL SYSTEMS,22,31,3
13541A0327,RT31035,THERMAL ENGINEERING-II,18,24,3
13541A0327,RT31036,METROLOGY,21,32,3
13541A0327,RT31037,METROLOGY & INSTRUMENTATION LAB,23,42,2
13541A0327,RT31038,MACHINE TOOLS LAB,22,44,2
13541A0326,RT31016,IPR & PATENTS,21,42,2
13541A0326,RT31031,DYNAMICS OF MACHINERY,16,0,0
13541A0326,RT31032,METAL CUTTING & MACHINE TOOLS,20,43,3
13541A0326,RT31033,DESIGN OF MACHINE MEMBERS-I,11,6,0
13541A0326,RT31034,INSTRUMENTATION & CONTROL SYSTEMS,18,57,3
13541A0326,RT31035,THERMAL ENGINEERING-II,11,13,0
13541A0326,RT31036,METROLOGY,19,33,3
13541A0326,RT31037,METROLOGY & INSTRUMENTATION LAB,23,43,2
13541A0326,RT31038,MACHINE TOOLS LAB,23,43,2
13541A0324,RT31016,IPR & PATENTS,20,24,2
13541A0324,RT31031,DYNAMICS OF MACHINERY,17,16,0
13541A0324,RT31032,METAL CUTTING & MACHINE TOOLS,20,48,3
13541A0324,RT31033,DESIGN OF MACHINE MEMBERS-I,14,13,0
13541A0324,RT31034,INSTRUMENTATION & CONTROL SYSTEMS,19,36,3
13541A0324,RT31035,THERMAL ENGINEERING-II,22,30,3
13541A0324,RT31036,METROLOGY,22,38,3
13541A0324,RT31037,METROLOGY & INSTRUMENTATION LAB,23,47,2
13541A0324,RT31038,MACHINE TOOLS LAB,23,44,2
13541A0323,RT31016,IPR & PATENTS,22,41,2
13541A0323,RT31031,DYNAMICS OF MACHINERY,15,45,3
13541A0323,RT31032,METAL CUTTING & MACHINE TOOLS,19,52,3
13541A0323,RT31033,DESIGN OF MACHINE MEMBERS-I,15,25,3
13541A0323,RT31034,INSTRUMENTATION & CONTROL SYSTEMS,21,66,3
13541A0323,RT31035,THERMAL ENGINEERING-II,22,56,3
13541A0323,RT31036,METROLOGY,20,42,3
13541A0323,RT31037,METROLOGY & INSTRUMENTATION LAB,24,45,2
13541A0323,RT31038,MACHINE TOOLS LAB,23,47,2
13541A0322,RT31016,IPR & PATENTS,20,39,2
13541A0322,RT31031,DYNAMICS OF MACHINERY,18,37,3
13541A0322,RT31032,METAL CUTTING & MACHINE TOOLS,20,24,3
13541A0322,RT31033,DESIGN OF MACHINE MEMBERS-I,11,34,3
13541A0322,RT31034,INSTRUMENTATION & CONTROL SYSTEMS,20,26,3
13541A0322,RT31035,THERMAL ENGINEERING-II,18,11,0
13541A0322,RT31036,METROLOGY,20,27,3
13541A0322,RT31037,METROLOGY & INSTRUMENTATION LAB,24,43,2
13541A0322,RT31038,MACHINE TOOLS LAB,23,45,2
13541A0321,RT31016,IPR & PATENTS,23,40,2
13541A0321,RT31031,DYNAMICS OF MACHINERY,18,6,0
13541A0321,RT31032,METAL CUTTING & MACHINE TOOLS,19,24,3
13541A0321,RT31033,DESIGN OF MACHINE MEMBERS-I,7,15,0
13541A0321,RT31034,INSTRUMENTATION & CONTROL SYSTEMS,21,57,3
13541A0321,RT31035,THERMAL ENGINEERING-II,20,8,0
13541A0321,RT31036,METROLOGY,23,35,3
13541A0321,RT31037,METROLOGY & INSTRUMENTATION LAB,23,45,2
13541A0321,RT31038,MACHINE TOOLS LAB,24,45,2
13541A0320,RT31016,IPR & PATENTS,21,24,2
13541A0320,RT31031,DYNAMICS OF MACHINERY,20,14,0
13541A0320,RT31032,METAL CUTTING & MACHINE TOOLS,22,55,3
13541A0320,RT31033,DESIGN OF MACHINE MEMBERS-I,19,24,3
13541A0320,RT31034,INSTRUMENTATION & CONTROL SYSTEMS,25,37,3
13541A0320,RT31035,THERMAL ENGINEERING-II,20,34,3
13541A0320,RT31036,METROLOGY,20,55,3
13541A0320,RT31037,METROLOGY & INSTRUMENTATION LAB,25,45,2
13541A0320,RT31038,MACHINE TOOLS LAB,23,48,2
13541A0319,RT31016,IPR & PATENTS,18,36,2
13541A0319,RT31031,DYNAMICS OF MACHINERY,19,24,3
13541A0319,RT31032,METAL CUTTING & MACHINE TOOLS,21,29,3
13541A0319,RT31033,DESIGN OF MACHINE MEMBERS-I,13,27,3
13541A0319,RT31034,INSTRUMENTATION & CONTROL SYSTEMS,14,41,3
13541A0319,RT31035,THERMAL ENGINEERING-II,17,36,3
13541A0319,RT31036,METROLOGY,19,24,3
13541A0319,RT31037,METROLOGY & INSTRUMENTATION LAB,23,44,2
13541A0319,RT31038,MACHINE TOOLS LAB,23,44,2
13541A0318,RT31016,IPR & PATENTS,23,48,2
13541A0318,RT31031,DYNAMICS OF MACHINERY,19,24,3
13541A0318,RT31032,METAL CUTTING & MACHINE TOOLS,21,27,3
13541A0318,RT31033,DESIGN OF MACHINE MEMBERS-I,18,40,3
13541A0318,RT31034,INSTRUMENTATION & CONTROL SYSTEMS,22,27,3
13541A0318,RT31035,THERMAL ENGINEERING-II,23,10,0
13541A0318,RT31036,METROLOGY,22,27,3
13541A0318,RT31037,METROLOGY & INSTRUMENTATION LAB,24,45,2
13541A0318,RT31038,MACHINE TOOLS LAB,23,46,2
13541A0317,RT31016,IPR & PATENTS,18,40,2
13541A0317,RT31031,DYNAMICS OF MACHINERY,18,1,0
13541A0317,RT31032,METAL CUTTING & MACHINE TOOLS,22,12,0
13541A0317,RT31033,DESIGN OF MACHINE MEMBERS-I,14,11,0
13541A0317,RT31034,INSTRUMENTATION & CONTROL SYSTEMS,22,44,3
13541A0317,RT31035,THERMAL ENGINEERING-II,20,24,3
13541A0317,RT31036,METROLOGY,20,36,3
13541A0317,RT31037,METROLOGY & INSTRUMENTATION LAB,23,43,2
13541A0317,RT31038,MACHINE TOOLS LAB,23,44,2
13541A0316,RT31016,IPR & PATENTS,21,36,2
13541A0316,RT31031,DYNAMICS OF MACHINERY,21,24,3
13541A0316,RT31032,METAL CUTTING & MACHINE TOOLS,23,51,3
13541A0316,RT31033,DESIGN OF MACHINE MEMBERS-I,18,41,3
13541A0316,RT31034,INSTRUMENTATION & CONTROL SYSTEMS,23,43,3
13541A0316,RT31035,THERMAL ENGINEERING-II,25,37,3
13541A0316,RT31036,METROLOGY,24,51,3
13541A0316,RT31037,METROLOGY & INSTRUMENTATION LAB,25,47,2
13541A0316,RT31038,MACHINE TOOLS LAB,24,46,2
13541A0315,RT31016,IPR & PATENTS,20,41,2
13541A0315,RT31031,DYNAMICS OF MACHINERY,19,32,3
13541A0315,RT31032,METAL CUTTING & MACHINE TOOLS,21,27,3
13541A0315,RT31033,DESIGN OF MACHINE MEMBERS-I,16,14,0
13541A0315,RT31034,INSTRUMENTATION & CONTROL SYSTEMS,22,43,3
13541A0315,RT31035,THERMAL ENGINEERING-II,19,38,3
13541A0315,RT31036,METROLOGY,20,15,0
13541A0315,RT31037,METROLOGY & INSTRUMENTATION LAB,24,47,2
13541A0315,RT31038,MACHINE TOOLS LAB,23,46,2
13541A0314,RT31016,IPR & PATENTS,22,48,2
13541A0314,RT31031,DYNAMICS OF MACHINERY,18,32,3
13541A0314,RT31032,METAL CUTTING & MACHINE TOOLS,22,37,3
13541A0314,RT31033,DESIGN OF MACHINE MEMBERS-I,17,43,3
13541A0314,RT31034,INSTRUMENTATION & CONTROL SYSTEMS,17,26,3
13541A0314,RT31035,THERMAL ENGINEERING-II,19,24,3
13541A0314,RT31036,METROLOGY,20,34,3
13541A0314,RT31037,METROLOGY & INSTRUMENTATION LAB,23,43,2
13541A0314,RT31038,MACHINE TOOLS LAB,23,47,2
13541A0313,RT31016,IPR & PATENTS,20,39,2
13541A0313,RT31031,DYNAMICS OF MACHINERY,17,24,3
13541A0313,RT31032,METAL CUTTING & MACHINE TOOLS,20,41,3
13541A0313,RT31033,DESIGN OF MACHINE MEMBERS-I,13,3,0
13541A0313,RT31034,INSTRUMENTATION & CONTROL SYSTEMS,23,55,3
13541A0313,RT31035,THERMAL ENGINEERING-II,20,28,3
13541A0313,RT31036,METROLOGY,19,34,3
13541A0313,RT31037,METROLOGY & INSTRUMENTATION LAB,24,43,2
13541A0313,RT31038,MACHINE TOOLS LAB,23,43,2
13541A0312,RT31016,IPR & PATENTS,21,24,2
13541A0312,RT31031,DYNAMICS OF MACHINERY,19,12,0
13541A0312,RT31032,METAL CUTTING & MACHINE TOOLS,21,45,3
13541A0312,RT31033,DESIGN OF MACHINE MEMBERS-I,16,47,3
13541A0312,RT31034,INSTRUMENTATION & CONTROL SYSTEMS,22,35,3
13541A0312,RT31035,THERMAL ENGINEERING-II,24,39,3
13541A0312,RT31036,METROLOGY,20,55,3
13541A0312,RT31037,METROLOGY & INSTRUMENTATION LAB,25,47,2
13541A0312,RT31038,MACHINE TOOLS LAB,24,48,2
13541A0311,RT31016,IPR & PATENTS,21,38,2
13541A0311,RT31031,DYNAMICS OF MACHINERY,18,11,0
13541A0311,RT31032,METAL CUTTING & MACHINE TOOLS,21,14,0
13541A0311,RT31033,DESIGN OF MACHINE MEMBERS-I,9,14,0
13541A0311,RT31034,INSTRUMENTATION & CONTROL SYSTEMS,16,10,0
13541A0311,RT31035,THERMAL ENGINEERING-II,18,24,3
13541A0311,RT31036,METROLOGY,20,7,0
13541A0311,RT31037,METROLOGY & INSTRUMENTATION LAB,24,44,2
13541A0311,RT31038,MACHINE TOOLS LAB,22,44,2
13541A0310,RT31016,IPR & PATENTS,17,43,2
13541A0310,RT31031,DYNAMICS OF MACHINERY,12,10,0
13541A0310,RT31032,METAL CUTTING & MACHINE TOOLS,20,24,3
13541A0310,RT31033,DESIGN OF MACHINE MEMBERS-I,5,35,3
13541A0310,RT31034,INSTRUMENTATION & CONTROL SYSTEMS,18,17,0
13541A0310,RT31035,THERMAL ENGINEERING-II,16,0,0
13541A0310,RT31036,METROLOGY,19,12,0
13541A0310,RT31037,METROLOGY & INSTRUMENTATION LAB,22,42,2
13541A0310,RT31038,MACHINE TOOLS LAB,24,45,2
13541A0309,RT31016,IPR & PATENTS,18,42,2
13541A0309,RT31031,DYNAMICS OF MACHINERY,17,4,0
13541A0309,RT31032,METAL CUTTING & MACHINE TOOLS,22,52,3
13541A0309,RT31033,DESIGN OF MACHINE MEMBERS-I,12,14,0
13541A0309,RT31034,INSTRUMENTATION & CONTROL SYSTEMS,19,57,3
13541A0309,RT31035,THERMAL ENGINEERING-II,24,26,3
13541A0309,RT31036,METROLOGY,19,25,3
13541A0309,RT31037,METROLOGY & INSTRUMENTATION LAB,23,43,2
13541A0309,RT31038,MACHINE TOOLS LAB,24,44,2
13541A0308,RT31016,IPR & PATENTS,19,46,2
13541A0308,RT31031,DYNAMICS OF MACHINERY,17,25,3
13541A0308,RT31032,METAL CUTTING & MACHINE TOOLS,21,57,3
13541A0308,RT31033,DESIGN OF MACHINE MEMBERS-I,10,16,0
13541A0308,RT31034,INSTRUMENTATION & CONTROL SYSTEMS,20,37,3
13541A0308,RT31035,THERMAL ENGINEERING-II,13,33,3
13541A0308,RT31036,METROLOGY,20,54,3
13541A0308,RT31037,METROLOGY & INSTRUMENTATION LAB,22,45,2
13541A0308,RT31038,MACHINE TOOLS LAB,24,46,2
13541A0307,RT31016,IPR & PATENTS,18,42,2
13541A0307,RT31031,DYNAMICS OF MACHINERY,20,39,3
13541A0307,RT31032,METAL CUTTING & MACHINE TOOLS,21,26,3
13541A0307,RT31033,DESIGN OF MACHINE MEMBERS-I,13,28,3
13541A0307,RT31034,INSTRUMENTATION & CONTROL SYSTEMS,19,24,3
13541A0307,RT31035,THERMAL ENGINEERING-II,19,48,3
13541A0307,RT31036,METROLOGY,20,8,0
13541A0307,RT31037,METROLOGY & INSTRUMENTATION LAB,23,43,2
13541A0307,RT31038,MACHINE TOOLS LAB,24,42,2
13541A0306,RT31016,IPR & PATENTS,20,43,2
13541A0306,RT31031,DYNAMICS OF MACHINERY,16,8,0
13541A0306,RT31032,METAL CUTTING & MACHINE TOOLS,18,24,3
13541A0306,RT31033,DESIGN OF MACHINE MEMBERS-I,11,29,3
13541A0306,RT31034,INSTRUMENTATION & CONTROL SYSTEMS,20,13,0
13541A0306,RT31035,THERMAL ENGINEERING-II,10,0,0
13541A0306,RT31036,METROLOGY,20,15,0
13541A0306,RT31037,METROLOGY & INSTRUMENTATION LAB,24,45,2
13541A0306,RT31038,MACHINE TOOLS LAB,23,44,2
13541A0305,RT31016,IPR & PATENTS,19,44,2
13541A0305,RT31031,DYNAMICS OF MACHINERY,15,6,0
13541A0305,RT31032,METAL CUTTING & MACHINE TOOLS,23,36,3
13541A0305,RT31033,DESIGN OF MACHINE MEMBERS-I,11,9,0
13541A0305,RT31034,INSTRUMENTATION & CONTROL SYSTEMS,22,57,3
13541A0305,RT31035,THERMAL ENGINEERING-II,19,8,0
13541A0305,RT31036,METROLOGY,21,56,3
13541A0305,RT31037,METROLOGY & INSTRUMENTATION LAB,24,45,2
13541A0305,RT31038,MACHINE TOOLS LAB,24,45,2
13541A0304,RT31016,IPR & PATENTS,24,45,2
13541A0304,RT31031,DYNAMICS OF MACHINERY,17,14,0
13541A0304,RT31032,METAL CUTTING & MACHINE TOOLS,19,68,3
13541A0304,RT31033,DESIGN OF MACHINE MEMBERS-I,10,30,3
13541A0304,RT31034,INSTRUMENTATION & CONTROL SYSTEMS,18,32,3
13541A0304,RT31035,THERMAL ENGINEERING-II,20,41,3
13541A0304,RT31036,METROLOGY,20,48,3
13541A0304,RT31037,METROLOGY & INSTRUMENTATION LAB,23,44,2
13541A0304,RT31038,MACHINE TOOLS LAB,23,44,2
13541A0303,RT31016,IPR & PATENTS,24,47,2
13541A0303,RT31031,DYNAMICS OF MACHINERY,17,48,3
13541A0303,RT31032,METAL CUTTING & MACHINE TOOLS,22,45,3
13541A0303,RT31033,DESIGN OF MACHINE MEMBERS-I,14,26,3
13541A0303,RT31034,INSTRUMENTATION & CONTROL SYSTEMS,22,46,3
13541A0303,RT31035,THERMAL ENGINEERING-II,19,38,3
13541A0303,RT31036,METROLOGY,21,26,3
13541A0303,RT31037,METROLOGY & INSTRUMENTATION LAB,25,45,2
13541A0303,RT31038,MACHINE TOOLS LAB,23,44,2
13541A0302,RT31016,IPR & PATENTS,25,54,2
13541A0302,RT31031,DYNAMICS OF MACHINERY,25,66,3
13541A0302,RT31032,METAL CUTTING & MACHINE TOOLS,23,54,3
13541A0302,RT31033,DESIGN OF MACHINE MEMBERS-I,24,65,3
13541A0302,RT31034,INSTRUMENTATION & CONTROL SYSTEMS,24,51,3
13541A0302,RT31035,THERMAL ENGINEERING-II,24,66,3
13541A0302,RT31036,METROLOGY,23,49,3
13541A0302,RT31037,METROLOGY & INSTRUMENTATION LAB,25,49,2
13541A0302,RT31038,MACHINE TOOLS LAB,25,48,2
13541A0301,RT31016,IPR & PATENTS,22,43,2
13541A0301,RT31031,DYNAMICS OF MACHINERY,19,31,3
13541A0301,RT31032,METAL CUTTING & MACHINE TOOLS,21,25,3
13541A0301,RT31033,DESIGN OF MACHINE MEMBERS-I,13,12,0
13541A0301,RT31034,INSTRUMENTATION & CONTROL SYSTEMS,22,48,3
13541A0301,RT31035,THERMAL ENGINEERING-II,23,24,3
13541A0301,RT31036,METROLOGY,18,36,3
13541A0301,RT31037,METROLOGY & INSTRUMENTATION LAB,24,45,2
13541A0301,RT31038,MACHINE TOOLS LAB,23,46,2
13541A0206,RT31016,IPR & PATENTS,25,45,2
13541A0206,RT31021,ELECTRICAL MEASUREMENTS,26,34,3
13541A0206,RT31022,MEFA,25,53,3
13541A0206,RT31023,POWER SYSTEMS-II,24,39,3
13541A0206,RT31024,ELECTRICAL MACHINES-III,24,47,3
13541A0206,RT31025,POWER ELECTRONICS,24,32,3
13541A0206,RT31026,LINEAR & DIGITAL IC APPLICATIONS,25,43,3
13541A0206,RT31027,ELECTRICAL MACHINES-II  LAB,25,49,2
13541A0206,RT31028,CONTROL SYSTEMS LAB,24,49,2
13541A0205,RT31016,IPR & PATENTS,23,40,2
13541A0205,RT31021,ELECTRICAL MEASUREMENTS,24,28,3
13541A0205,RT31022,MEFA,22,37,3
13541A0205,RT31023,POWER SYSTEMS-II,23,37,3
13541A0205,RT31024,ELECTRICAL MACHINES-III,22,27,3
13541A0205,RT31025,POWER ELECTRONICS,24,31,3
13541A0205,RT31026,LINEAR & DIGITAL IC APPLICATIONS,23,9,0
13541A0205,RT31027,ELECTRICAL MACHINES-II  LAB,23,47,2
13541A0205,RT31028,CONTROL SYSTEMS LAB,23,48,2
13541A0203,RT31016,IPR & PATENTS,24,47,2
13541A0203,RT31021,ELECTRICAL MEASUREMENTS,24,27,3
13541A0203,RT31022,MEFA,24,50,3
13541A0203,RT31023,POWER SYSTEMS-II,23,36,3
13541A0203,RT31024,ELECTRICAL MACHINES-III,23,43,3
13541A0203,RT31025,POWER ELECTRONICS,23,42,3
13541A0203,RT31026,LINEAR & DIGITAL IC APPLICATIONS,22,42,3
13541A0203,RT31027,ELECTRICAL MACHINES-II  LAB,23,45,2
13541A0203,RT31028,CONTROL SYSTEMS LAB,22,48,2
13541A0202,RT31016,IPR & PATENTS,21,49,2
13541A0202,RT31021,ELECTRICAL MEASUREMENTS,26,4,0
13541A0202,RT31022,MEFA,23,41,3
13541A0202,RT31023,POWER SYSTEMS-II,24,25,3
13541A0202,RT31024,ELECTRICAL MACHINES-III,22,44,3
13541A0202,RT31025,POWER ELECTRONICS,24,25,3
13541A0202,RT31026,LINEAR & DIGITAL IC APPLICATIONS,25,24,3
13541A0202,RT31027,ELECTRICAL MACHINES-II  LAB,25,47,2
13541A0202,RT31028,CONTROL SYSTEMS LAB,25,49,2
13541A0201,RT31016,IPR & PATENTS,22,44,2
13541A0201,RT31021,ELECTRICAL MEASUREMENTS,24,24,3
13541A0201,RT31022,MEFA,24,44,3
13541A0201,RT31023,POWER SYSTEMS-II,25,37,3
13541A0201,RT31024,ELECTRICAL MACHINES-III,21,56,3
13541A0201,RT31025,POWER ELECTRONICS,23,28,3
13541A0201,RT31026,LINEAR & DIGITAL IC APPLICATIONS,24,29,3
13541A0201,RT31027,ELECTRICAL MACHINES-II  LAB,23,47,2
13541A0201,RT31028,CONTROL SYSTEMS LAB,25,48,2
12541A0503,R31055,MICRO PROCESSORS AND MULTICORE SYSTEMS,16,47,4
12541A0442,R31045,ANTENNAS AND WAVE PROPAGATION,18,35,4
12541A0442,R31046,DIGITAL COMMUNICATIONS,10,1,0
12541A0430,R31043,LINEAR IC APPLICATIONS,23,18,0
12541A0429,R31042,DIGITAL IC APPLICATIONS,17,31,4
12541A0429,R31043,LINEAR IC APPLICATIONS,21,13,0
12541A0429,R31044,ELECTRONIC MEASUREMENTS AND INSTRUMENTATION,25,31,4
12541A0425,R31043,LINEAR IC APPLICATIONS,17,14,0
12541A0421,R31042,DIGITAL IC APPLICATIONS,16,16,0
12541A0421,R31043,LINEAR IC APPLICATIONS,23,0,0
12541A0418,R31041,COMPUTER ARCHITECTURE & ORGANIZATION,9,-1,0
12541A0418,R31045,ANTENNAS AND WAVE PROPAGATION,14,8,0
12541A0418,R31046,DIGITAL COMMUNICATIONS,13,0,0
12541A0417,R31042,DIGITAL IC APPLICATIONS,16,5,0
12541A0417,R31043,LINEAR IC APPLICATIONS,13,0,0
12541A0416,R31042,DIGITAL IC APPLICATIONS,13,32,4
12541A0416,R31043,LINEAR IC APPLICATIONS,16,32,4
12541A0416,R31044,ELECTRONIC MEASUREMENTS AND INSTRUMENTATION,20,51,4
12541A0416,R31045,ANTENNAS AND WAVE PROPAGATION,18,40,4
12541A0416,R31046,DIGITAL COMMUNICATIONS,9,16,0
12541A0410,R31042,DIGITAL IC APPLICATIONS,11,4,0
12541A0410,R31045,ANTENNAS AND WAVE PROPAGATION,20,30,4
12541A0410,R31046,DIGITAL COMMUNICATIONS,17,16,0
12541A0408,R31043,LINEAR IC APPLICATIONS,16,31,4
12541A0406,RT31016,IPR & PATENTS,21,36,2
12541A0406,RT31041,PULSE & DIGITAL CIRCUITS,18,28,3
12541A0406,RT31042,LINEAR INTEGRATED CIRCUIT APPLICATIONS,23,33,3
12541A0406,RT31043,CONTROL SYSTEMS,22,37,3
12541A0406,RT31044,DIGITAL SYSTEM DESIGN & DICA,20,24,3
12541A0406,RT31045,ANTENNAS AND WAVE PROPAGATION,16,11,0
12541A0406,RT31047,PULSE & DIGITAL CIRCUITS LAB,23,47,2
12541A0406,RT31048,LICA LAB,25,44,2
12541A0406,RT31049,DIGITAL SYSTEM DESIGN & DICA LAB,24,49,2
12541A0405,R31043,LINEAR IC APPLICATIONS,17,3,0
12541A0405,R31046,DIGITAL COMMUNICATIONS,16,32,4
12541A0403,R31043,LINEAR IC APPLICATIONS,18,18,0
12541A0401,R31044,ELECTRONIC MEASUREMENTS AND INSTRUMENTATION,24,43,4
12541A0319,R31033,DYNAMICS OF MACHINERY,8,16,0
12541A0315,R31033,DYNAMICS OF MACHINERY,21,14,0
12541A0312,R31036,METAL CUTTING & MACHINE TOOLS,19,32,4
12541A0311,R31035,DESIGN OF MACHINE MEMBERS-I,14,31,4
12541A0310,R31031,FINITE ELEMENT METHODS,19,13,0
12541A0308,R31033,DYNAMICS OF MACHINERY,22,31,4
12541A0308,R31036,METAL CUTTING & MACHINE TOOLS,20,42,4
12541A0306,RT31016,IPR & PATENTS,22,40,2
12541A0306,RT31031,DYNAMICS OF MACHINERY,15,0,0
12541A0306,RT31032,METAL CUTTING & MACHINE TOOLS,21,9,0
12541A0306,RT31033,DESIGN OF MACHINE MEMBERS-I,9,13,0
12541A0306,RT31034,INSTRUMENTATION & CONTROL SYSTEMS,19,44,3
12541A0306,RT31035,THERMAL ENGINEERING-II,10,5,0
12541A0306,RT31036,METROLOGY,19,28,3
12541A0306,RT31037,METROLOGY & INSTRUMENTATION LAB,22,44,2
12541A0306,RT31038,MACHINE TOOLS LAB,23,42,2
12541A0304,R31031,FINITE ELEMENT METHODS,18,31,4
12541A0303,R31036,METAL CUTTING & MACHINE TOOLS,25,44,4
12541A0205,R31021,COMPLEX VARIABLEDS AND STATISTICAL METHODS,20,19,0
12541A0205,R31022,ELECTRICAL MEASUREMENT,20,6,0
12541A0205,R31023,POWER SYSTEMS-II,16,19,0
12541A0205,R31024,POWER ELECTRONICS,22,17,0
12541A0204,R31021,COMPLEX VARIABLEDS AND STATISTICAL METHODS,17,13,0
12541A0204,R31022,ELECTRICAL MEASUREMENT,10,5,0
12541A0204,R31023,POWER SYSTEMS-II,13,29,4
12541A0204,R31024,POWER ELECTRONICS,18,11,0
12541A0204,R31025,ELECTRICAL MACHINES-III,11,29,4
12541A0204,R31026,LINEAR & DIGITAL IC APPLICATION,19,12,0
11541A0462,R31041,COMPUTER ARCHITECTURE & ORGANIZATION,10,-1,0
11541A0462,R31042,DIGITAL IC APPLICATIONS,6,-1,0
11541A0462,R31044,ELECTRONIC MEASUREMENTS AND INSTRUMENTATION,5,-1,0
11541A0462,R31045,ANTENNAS AND WAVE PROPAGATION,13,6,0
11541A0462,R31046,DIGITAL COMMUNICATIONS,11,0,0
11541A0442,R31042,DIGITAL IC APPLICATIONS,11,17,0
11541A0442,R31044,ELECTRONIC MEASUREMENTS AND INSTRUMENTATION,16,14,0
11541A0442,R31045,ANTENNAS AND WAVE PROPAGATION,15,18,0
11541A0440,R31042,DIGITAL IC APPLICATIONS,14,31,4
11541A0434,R31043,LINEAR IC APPLICATIONS,15,-1,0
11541A0427,R31041,COMPUTER ARCHITECTURE & ORGANIZATION,12,17,0
11541A0427,R31043,LINEAR IC APPLICATIONS,16,31,4
11541A0427,R31045,ANTENNAS AND WAVE PROPAGATION,16,33,4
11541A0421,R31042,DIGITAL IC APPLICATIONS,11,1,0
11541A0421,R31044,ELECTRONIC MEASUREMENTS AND INSTRUMENTATION,14,31,4
11541A0421,R31045,ANTENNAS AND WAVE PROPAGATION,16,36,4
11541A0421,R31046,DIGITAL COMMUNICATIONS,22,2,0
11541A0416,R31045,ANTENNAS AND WAVE PROPAGATION,5,35,4
11541A0377,RT31016,IPR & PATENTS,24,34,2
11541A0377,RT31031,DYNAMICS OF MACHINERY,17,12,0
11541A0377,RT31032,METAL CUTTING & MACHINE TOOLS,18,49,3
11541A0377,RT31033,DESIGN OF MACHINE MEMBERS-I,10,11,0
11541A0377,RT31034,INSTRUMENTATION & CONTROL SYSTEMS,11,40,3
11541A0377,RT31035,THERMAL ENGINEERING-II,11,42,3
11541A0377,RT31036,METROLOGY,20,52,3
11541A0377,RT31037,METROLOGY & INSTRUMENTATION LAB,23,43,2
11541A0377,RT31038,MACHINE TOOLS LAB,24,42,2
11541A0364,R31033,DYNAMICS OF MACHINERY,16,-1,0
11541A0321,R31031,FINITE ELEMENT METHODS,16,0,0
11541A0321,R31033,DYNAMICS OF MACHINERY,12,12,0
11541A0321,R31035,DESIGN OF MACHINE MEMBERS-I,14,31,4
11541A0320,R31034,THERMAL ENGINEERING-II,5,5,0
11541A0320,R31036,METAL CUTTING & MACHINE TOOLS,11,-1,0
11541A0317,R31031,FINITE ELEMENT METHODS,18,14,0
11541A0212,R31021,COMPLEX VARIABLEDS AND STATISTICAL METHODS,15,2,0
11541A0212,R31024,POWER ELECTRONICS,10,5,0
11541A0212,R31026,LINEAR & DIGITAL IC APPLICATION,14,11,0
11481A05D3,R31052,COMPUTER NETWORKS,12,6,0
11481A05D3,R31053,ADVANCED DATA STRUCTURES,15,37,4
11481A05D3,R31054,COMPUTER GRAPHICS,12,36,4
11481A05D3,R31055,MICRO PROCESSORS AND MULTICORE SYSTEMS,13,44,4
11481A05D3,R31056,OPERATIONG SYSTEMS,5,18,0
10545A0211,V3108,COMPUTER SYSTEM ORGANIZATION,10,18,0
10541A1228,R31052,COMPUTER NETWORKS,14,12,0
10541A0545,R31055,MICRO PROCESSORS AND MULTICORE SYSTEMS,8,6,0
10541A0346,R31031,FINITE ELEMENT METHODS,15,10,0
10541A0346,R31033,DYNAMICS OF MACHINERY,11,16,0
10541A0338,R31031,FINITE ELEMENT METHODS,20,10,0
10541A0338,R31034,THERMAL ENGINEERING-II,14,11,0
10541A0324,R31032,OPERATIONS RESEARCH,6,36,4
10541A0324,R31036,METAL CUTTING & MACHINE TOOLS,10,38,4
10541A0322,R31031,FINITE ELEMENT METHODS,15,17,0
10541A0322,R31034,THERMAL ENGINEERING-II,13,20,0
10541A0244,R31021,COMPLEX VARIABLEDS AND STATISTICAL METHODS,15,-1,0
10541A0233,R31021,COMPLEX VARIABLEDS AND STATISTICAL METHODS,9,0,0
10541A0233,R31022,ELECTRICAL MEASUREMENT,10,-1,0
10541A0233,R31023,POWER SYSTEMS-II,4,3,0
10541A0233,R31024,POWER ELECTRONICS,10,-1,0
10541A0233,R31025,ELECTRICAL MACHINES-III,8,-1,0
10541A0233,R31026,LINEAR & DIGITAL IC APPLICATION,9,2,0
10541A0231,R31021,COMPLEX VARIABLEDS AND STATISTICAL METHODS,20,-1,0
10541A0224,R31021,COMPLEX VARIABLEDS AND STATISTICAL METHODS,10,-1,0
10541A0224,R31022,ELECTRICAL MEASUREMENT,13,7,0
09545A0403,V3122,DIGITAL COMMUNICATIONS,7,28,0
09541A0542,V3123,DESIGN AND ANALYSIS OF ALGORITHEMS,5,-1,0
09541A0486,V3119,COMPUTER ORGANIZATION,14,32,4
09541A0322,V3114,HEAT TRANSFER,16,28,4
08541A0358,V3115,AUTOMOBILE ENGINEERING,7,33,4
08541A0328,V3114,HEAT TRANSFER,7,35,4
08541A0322,V3114,HEAT TRANSFER,8,2,0
08541A0304,V3113,DESIGN OF MACHINE MEMBERS-I,7,-1,0
08541A0304,V3114,HEAT TRANSFER,11,2,0
06U91A0460,V3121,DIGITAL IC APPLICATIONS,11,-1,0
