11541A0339,RT21011,BASIC ELECTRICAL & ELECTRONICS ENGINEERING,22,15,0
11541A0339,RT21031,METALLURGY & MATERIALS SCIENCE,13,8,0
11541A0339,RT21032,MECHANICS OF SOLIDS,5,0,0
11541A0339,RT21033,THERMODYNAMICS,10,0,0
11541A0339,RT21034,MANAGERIAL ECONOMICS & FINANCIAL ANALYSIS,11,-1,0
11541A0339,RT21035,COMPUTER AIDED ENGINEERING DRAWING PRACTICE,13,42,3
11541A0339,RT21036,BASIC ELECTRICAL & ELECTRONICS ENGG. LAB,23,42,2
11541A0339,RT21037,MECHANICS OF SOLIDS & METALLURGY LAB,16,26,2
11541A0377,RT21011,BASIC ELECTRICAL & ELECTRONICS ENGINEERING,23,14,0
11541A0377,RT21031,METALLURGY & MATERIALS SCIENCE,14,47,3
11541A0377,RT21032,MECHANICS OF SOLIDS,12,5,0
11541A0377,RT21033,THERMODYNAMICS,12,12,0
11541A0377,RT21034,MANAGERIAL ECONOMICS & FINANCIAL ANALYSIS,13,47,3
11541A0377,RT21035,COMPUTER AIDED ENGINEERING DRAWING PRACTICE,23,62,3
11541A0377,RT21036,BASIC ELECTRICAL & ELECTRONICS ENGG. LAB,25,45,2
11541A0377,RT21037,MECHANICS OF SOLIDS & METALLURGY LAB,19,39,2
12541A0306,RT21011,BASIC ELECTRICAL & ELECTRONICS ENGINEERING,20,24,3
12541A0306,RT21031,METALLURGY & MATERIALS SCIENCE,13,17,0
12541A0306,RT21032,MECHANICS OF SOLIDS,11,3,0
12541A0306,RT21033,THERMODYNAMICS,10,7,0
12541A0306,RT21034,MANAGERIAL ECONOMICS & FINANCIAL ANALYSIS,10,36,3
12541A0306,RT21035,COMPUTER AIDED ENGINEERING DRAWING PRACTICE,23,47,3
12541A0306,RT21036,BASIC ELECTRICAL & ELECTRONICS ENGG. LAB,23,42,2
12541A0306,RT21037,MECHANICS OF SOLIDS & METALLURGY LAB,15,32,2
12541A0406,RT21034,MANAGERIAL ECONOMICS & FINANCIAL ANALYSIS,18,52,3
12541A0406,RT21041,ELECTRONIC DEVICES AND CIRCUITS,21,40,3
12541A0406,RT21042,DATA STRUCTURES,23,44,3
12541A0406,RT21043,ENVIRONMENTAL STUDIES,28,36,3
12541A0406,RT21044,SIGNALS AND SYSTEMS,24,34,3
12541A0406,RT21045,ELECTRICAL TECHNOLOGY,22,40,3
12541A0406,RT21046,ELECTRONIC DEVICES AND CIRCUITS LAB,25,48,2
12541A0406,RT21047,NETWORKS & ELECTRICAL TECHNOLOGY LAB,21,47,2
13541A0201,RT21021,ELECTRICAL CIRCUIT ANALYSIS-II,22,41,3
13541A0201,RT21022,THERMAL AND HYDRO LRIME MOVERS,21,31,3
13541A0201,RT21023,BASIC ELECTRONICS AND DEVICES,23,41,3
13541A0201,RT21024,COMPLEX VARIABLES AND STATISTICAL METHODS,22,29,3
13541A0201,RT21025,ELECTRO MAGNETIC FIELDS,22,37,3
13541A0201,RT21026,ELECTRICAL MACHINES-I,23,52,3
13541A0201,RT21027,THERMAL AND HYDRO LAB,24,46,2
13541A0201,RT21028,ELECTRICAL CIRCUITS LAB,22,47,2
13541A0202,RT21021,ELECTRICAL CIRCUIT ANALYSIS-II,24,58,3
13541A0202,RT21022,THERMAL AND HYDRO LRIME MOVERS,21,29,3
13541A0202,RT21023,BASIC ELECTRONICS AND DEVICES,25,35,3
13541A0202,RT21024,COMPLEX VARIABLES AND STATISTICAL METHODS,23,41,3
13541A0202,RT21025,ELECTRO MAGNETIC FIELDS,23,34,3
13541A0202,RT21026,ELECTRICAL MACHINES-I,25,25,3
13541A0202,RT21027,THERMAL AND HYDRO LAB,23,47,2
13541A0202,RT21028,ELECTRICAL CIRCUITS LAB,23,48,2
13541A0203,RT21021,ELECTRICAL CIRCUIT ANALYSIS-II,23,35,3
13541A0203,RT21022,THERMAL AND HYDRO LRIME MOVERS,19,24,3
13541A0203,RT21023,BASIC ELECTRONICS AND DEVICES,23,25,3
13541A0203,RT21024,COMPLEX VARIABLES AND STATISTICAL METHODS,21,26,3
13541A0203,RT21025,ELECTRO MAGNETIC FIELDS,23,6,0
13541A0203,RT21026,ELECTRICAL MACHINES-I,23,31,3
13541A0203,RT21027,THERMAL AND HYDRO LAB,23,46,2
13541A0203,RT21028,ELECTRICAL CIRCUITS LAB,22,44,2
13541A0205,RT21021,ELECTRICAL CIRCUIT ANALYSIS-II,23,29,3
13541A0205,RT21022,THERMAL AND HYDRO LRIME MOVERS,20,28,3
13541A0205,RT21023,BASIC ELECTRONICS AND DEVICES,20,24,3
13541A0205,RT21024,COMPLEX VARIABLES AND STATISTICAL METHODS,23,36,3
13541A0205,RT21025,ELECTRO MAGNETIC FIELDS,26,58,3
13541A0205,RT21026,ELECTRICAL MACHINES-I,24,57,3
13541A0205,RT21027,THERMAL AND HYDRO LAB,24,45,2
13541A0205,RT21028,ELECTRICAL CIRCUITS LAB,19,47,2
13541A0206,RT21021,ELECTRICAL CIRCUIT ANALYSIS-II,21,51,3
13541A0206,RT21022,THERMAL AND HYDRO LRIME MOVERS,21,42,3
13541A0206,RT21023,BASIC ELECTRONICS AND DEVICES,26,31,3
13541A0206,RT21024,COMPLEX VARIABLES AND STATISTICAL METHODS,28,53,3
13541A0206,RT21025,ELECTRO MAGNETIC FIELDS,23,40,3
13541A0206,RT21026,ELECTRICAL MACHINES-I,23,55,3
13541A0206,RT21027,THERMAL AND HYDRO LAB,24,47,2
13541A0206,RT21028,ELECTRICAL CIRCUITS LAB,24,48,2
13541A0301,RT21011,BASIC ELECTRICAL & ELECTRONICS ENGINEERING,22,32,3
13541A0301,RT21031,METALLURGY & MATERIALS SCIENCE,22,51,3
13541A0301,RT21032,MECHANICS OF SOLIDS,14,11,0
13541A0301,RT21033,THERMODYNAMICS,15,4,0
13541A0301,RT21034,MANAGERIAL ECONOMICS & FINANCIAL ANALYSIS,16,52,3
13541A0301,RT21035,COMPUTER AIDED ENGINEERING DRAWING PRACTICE,27,55,3
13541A0301,RT21036,BASIC ELECTRICAL & ELECTRONICS ENGG. LAB,24,44,2
13541A0301,RT21037,MECHANICS OF SOLIDS & METALLURGY LAB,20,36,2
13541A0302,RT21011,BASIC ELECTRICAL & ELECTRONICS ENGINEERING,25,57,3
13541A0302,RT21031,METALLURGY & MATERIALS SCIENCE,24,53,3
13541A0302,RT21032,MECHANICS OF SOLIDS,25,47,3
13541A0302,RT21033,THERMODYNAMICS,22,50,3
13541A0302,RT21034,MANAGERIAL ECONOMICS & FINANCIAL ANALYSIS,14,37,3
13541A0302,RT21035,COMPUTER AIDED ENGINEERING DRAWING PRACTICE,29,68,3
13541A0302,RT21036,BASIC ELECTRICAL & ELECTRONICS ENGG. LAB,25,50,2
13541A0302,RT21037,MECHANICS OF SOLIDS & METALLURGY LAB,23,48,2
13541A0303,RT21011,BASIC ELECTRICAL & ELECTRONICS ENGINEERING,24,30,3
13541A0303,RT21031,METALLURGY & MATERIALS SCIENCE,22,39,3
13541A0303,RT21032,MECHANICS OF SOLIDS,18,8,0
13541A0303,RT21033,THERMODYNAMICS,21,25,3
13541A0303,RT21034,MANAGERIAL ECONOMICS & FINANCIAL ANALYSIS,21,56,3
13541A0303,RT21035,COMPUTER AIDED ENGINEERING DRAWING PRACTICE,26,60,3
13541A0303,RT21036,BASIC ELECTRICAL & ELECTRONICS ENGG. LAB,24,46,2
13541A0303,RT21037,MECHANICS OF SOLIDS & METALLURGY LAB,20,46,2
13541A0304,RT21011,BASIC ELECTRICAL & ELECTRONICS ENGINEERING,23,34,3
13541A0304,RT21031,METALLURGY & MATERIALS SCIENCE,14,30,3
13541A0304,RT21032,MECHANICS OF SOLIDS,20,11,0
13541A0304,RT21033,THERMODYNAMICS,16,35,3
13541A0304,RT21034,MANAGERIAL ECONOMICS & FINANCIAL ANALYSIS,16,46,3
13541A0304,RT21035,COMPUTER AIDED ENGINEERING DRAWING PRACTICE,26,54,3
13541A0304,RT21036,BASIC ELECTRICAL & ELECTRONICS ENGG. LAB,24,48,2
13541A0304,RT21037,MECHANICS OF SOLIDS & METALLURGY LAB,20,40,2
13541A0305,RT21011,BASIC ELECTRICAL & ELECTRONICS ENGINEERING,21,33,3
13541A0305,RT21031,METALLURGY & MATERIALS SCIENCE,19,54,3
13541A0305,RT21032,MECHANICS OF SOLIDS,19,24,3
13541A0305,RT21033,THERMODYNAMICS,16,28,3
13541A0305,RT21034,MANAGERIAL ECONOMICS & FINANCIAL ANALYSIS,17,50,3
13541A0305,RT21035,COMPUTER AIDED ENGINEERING DRAWING PRACTICE,27,47,3
13541A0305,RT21036,BASIC ELECTRICAL & ELECTRONICS ENGG. LAB,24,44,2
13541A0305,RT21037,MECHANICS OF SOLIDS & METALLURGY LAB,20,39,2
13541A0306,RT21011,BASIC ELECTRICAL & ELECTRONICS ENGINEERING,21,49,3
13541A0306,RT21031,METALLURGY & MATERIALS SCIENCE,15,45,3
13541A0306,RT21032,MECHANICS OF SOLIDS,14,14,0
13541A0306,RT21033,THERMODYNAMICS,17,35,3
13541A0306,RT21034,MANAGERIAL ECONOMICS & FINANCIAL ANALYSIS,17,24,3
13541A0306,RT21035,COMPUTER AIDED ENGINEERING DRAWING PRACTICE,21,43,3
13541A0306,RT21036,BASIC ELECTRICAL & ELECTRONICS ENGG. LAB,25,45,2
13541A0306,RT21037,MECHANICS OF SOLIDS & METALLURGY LAB,20,38,2
13541A0307,RT21011,BASIC ELECTRICAL & ELECTRONICS ENGINEERING,24,3,0
13541A0307,RT21031,METALLURGY & MATERIALS SCIENCE,19,37,3
13541A0307,RT21032,MECHANICS OF SOLIDS,19,9,0
13541A0307,RT21033,THERMODYNAMICS,18,18,0
13541A0307,RT21034,MANAGERIAL ECONOMICS & FINANCIAL ANALYSIS,16,45,3
13541A0307,RT21035,COMPUTER AIDED ENGINEERING DRAWING PRACTICE,29,50,3
13541A0307,RT21036,BASIC ELECTRICAL & ELECTRONICS ENGG. LAB,25,48,2
13541A0307,RT21037,MECHANICS OF SOLIDS & METALLURGY LAB,22,41,2
13541A0308,RT21011,BASIC ELECTRICAL & ELECTRONICS ENGINEERING,23,46,3
13541A0308,RT21031,METALLURGY & MATERIALS SCIENCE,19,28,3
13541A0308,RT21032,MECHANICS OF SOLIDS,18,35,3
13541A0308,RT21033,THERMODYNAMICS,15,0,0
13541A0308,RT21034,MANAGERIAL ECONOMICS & FINANCIAL ANALYSIS,16,51,3
13541A0308,RT21035,COMPUTER AIDED ENGINEERING DRAWING PRACTICE,26,56,3
13541A0308,RT21036,BASIC ELECTRICAL & ELECTRONICS ENGG. LAB,25,44,2
13541A0308,RT21037,MECHANICS OF SOLIDS & METALLURGY LAB,17,38,2
13541A0309,RT21011,BASIC ELECTRICAL & ELECTRONICS ENGINEERING,23,34,3
13541A0309,RT21031,METALLURGY & MATERIALS SCIENCE,19,48,3
13541A0309,RT21032,MECHANICS OF SOLIDS,18,13,0
13541A0309,RT21033,THERMODYNAMICS,21,26,3
13541A0309,RT21034,MANAGERIAL ECONOMICS & FINANCIAL ANALYSIS,16,41,3
13541A0309,RT21035,COMPUTER AIDED ENGINEERING DRAWING PRACTICE,26,55,3
13541A0309,RT21036,BASIC ELECTRICAL & ELECTRONICS ENGG. LAB,24,43,2
13541A0309,RT21037,MECHANICS OF SOLIDS & METALLURGY LAB,21,40,2
13541A0310,RT21011,BASIC ELECTRICAL & ELECTRONICS ENGINEERING,21,24,3
13541A0310,RT21031,METALLURGY & MATERIALS SCIENCE,12,29,3
13541A0310,RT21032,MECHANICS OF SOLIDS,18,8,0
13541A0310,RT21033,THERMODYNAMICS,17,4,0
13541A0310,RT21034,MANAGERIAL ECONOMICS & FINANCIAL ANALYSIS,10,31,3
13541A0310,RT21035,COMPUTER AIDED ENGINEERING DRAWING PRACTICE,24,45,3
13541A0310,RT21036,BASIC ELECTRICAL & ELECTRONICS ENGG. LAB,23,42,2
13541A0310,RT21037,MECHANICS OF SOLIDS & METALLURGY LAB,14,30,2
13541A0311,RT21011,BASIC ELECTRICAL & ELECTRONICS ENGINEERING,22,29,3
13541A0311,RT21031,METALLURGY & MATERIALS SCIENCE,19,41,3
13541A0311,RT21032,MECHANICS OF SOLIDS,21,4,0
13541A0311,RT21033,THERMODYNAMICS,15,15,0
13541A0311,RT21034,MANAGERIAL ECONOMICS & FINANCIAL ANALYSIS,13,46,3
13541A0311,RT21035,COMPUTER AIDED ENGINEERING DRAWING PRACTICE,26,47,3
13541A0311,RT21036,BASIC ELECTRICAL & ELECTRONICS ENGG. LAB,25,45,2
13541A0311,RT21037,MECHANICS OF SOLIDS & METALLURGY LAB,20,41,2
13541A0312,RT21011,BASIC ELECTRICAL & ELECTRONICS ENGINEERING,20,39,3
13541A0312,RT21031,METALLURGY & MATERIALS SCIENCE,18,28,3
13541A0312,RT21032,MECHANICS OF SOLIDS,17,5,0
13541A0312,RT21033,THERMODYNAMICS,16,0,0
13541A0312,RT21034,MANAGERIAL ECONOMICS & FINANCIAL ANALYSIS,18,38,3
13541A0312,RT21035,COMPUTER AIDED ENGINEERING DRAWING PRACTICE,29,56,3
13541A0312,RT21036,BASIC ELECTRICAL & ELECTRONICS ENGG. LAB,25,44,2
13541A0312,RT21037,MECHANICS OF SOLIDS & METALLURGY LAB,23,44,2
13541A0313,RT21011,BASIC ELECTRICAL & ELECTRONICS ENGINEERING,25,32,3
13541A0313,RT21031,METALLURGY & MATERIALS SCIENCE,21,54,3
13541A0313,RT21032,MECHANICS OF SOLIDS,21,36,3
13541A0313,RT21033,THERMODYNAMICS,15,35,3
13541A0313,RT21034,MANAGERIAL ECONOMICS & FINANCIAL ANALYSIS,16,50,3
13541A0313,RT21035,COMPUTER AIDED ENGINEERING DRAWING PRACTICE,26,59,3
13541A0313,RT21036,BASIC ELECTRICAL & ELECTRONICS ENGG. LAB,23,43,2
13541A0313,RT21037,MECHANICS OF SOLIDS & METALLURGY LAB,20,33,2
13541A0314,RT21011,BASIC ELECTRICAL & ELECTRONICS ENGINEERING,21,42,3
13541A0314,RT21031,METALLURGY & MATERIALS SCIENCE,23,41,3
13541A0314,RT21032,MECHANICS OF SOLIDS,19,30,3
13541A0314,RT21033,THERMODYNAMICS,20,34,3
13541A0314,RT21034,MANAGERIAL ECONOMICS & FINANCIAL ANALYSIS,20,52,3
13541A0314,RT21035,COMPUTER AIDED ENGINEERING DRAWING PRACTICE,29,63,3
13541A0314,RT21036,BASIC ELECTRICAL & ELECTRONICS ENGG. LAB,25,49,2
13541A0314,RT21037,MECHANICS OF SOLIDS & METALLURGY LAB,24,44,2
13541A0315,RT21011,BASIC ELECTRICAL & ELECTRONICS ENGINEERING,22,6,0
13541A0315,RT21031,METALLURGY & MATERIALS SCIENCE,18,34,3
13541A0315,RT21032,MECHANICS OF SOLIDS,18,1,0
13541A0315,RT21033,THERMODYNAMICS,20,11,0
13541A0315,RT21034,MANAGERIAL ECONOMICS & FINANCIAL ANALYSIS,16,47,3
13541A0315,RT21035,COMPUTER AIDED ENGINEERING DRAWING PRACTICE,26,45,3
13541A0315,RT21036,BASIC ELECTRICAL & ELECTRONICS ENGG. LAB,24,47,2
13541A0315,RT21037,MECHANICS OF SOLIDS & METALLURGY LAB,20,38,2
13541A0316,RT21011,BASIC ELECTRICAL & ELECTRONICS ENGINEERING,22,43,3
13541A0316,RT21031,METALLURGY & MATERIALS SCIENCE,18,28,3
13541A0316,RT21032,MECHANICS OF SOLIDS,18,26,3
13541A0316,RT21033,THERMODYNAMICS,21,12,0
13541A0316,RT21034,MANAGERIAL ECONOMICS & FINANCIAL ANALYSIS,18,35,3
13541A0316,RT21035,COMPUTER AIDED ENGINEERING DRAWING PRACTICE,28,60,3
13541A0316,RT21036,BASIC ELECTRICAL & ELECTRONICS ENGG. LAB,24,44,2
13541A0316,RT21037,MECHANICS OF SOLIDS & METALLURGY LAB,21,40,2
13541A0317,RT21011,BASIC ELECTRICAL & ELECTRONICS ENGINEERING,25,31,3
13541A0317,RT21031,METALLURGY & MATERIALS SCIENCE,16,47,3
13541A0317,RT21032,MECHANICS OF SOLIDS,20,24,3
13541A0317,RT21033,THERMODYNAMICS,17,27,3
13541A0317,RT21034,MANAGERIAL ECONOMICS & FINANCIAL ANALYSIS,15,52,3
13541A0317,RT21035,COMPUTER AIDED ENGINEERING DRAWING PRACTICE,25,55,3
13541A0317,RT21036,BASIC ELECTRICAL & ELECTRONICS ENGG. LAB,24,46,2
13541A0317,RT21037,MECHANICS OF SOLIDS & METALLURGY LAB,21,44,2
13541A0318,RT21011,BASIC ELECTRICAL & ELECTRONICS ENGINEERING,22,42,3
13541A0318,RT21031,METALLURGY & MATERIALS SCIENCE,21,45,3
13541A0318,RT21032,MECHANICS OF SOLIDS,17,6,0
13541A0318,RT21033,THERMODYNAMICS,19,32,3
13541A0318,RT21034,MANAGERIAL ECONOMICS & FINANCIAL ANALYSIS,18,54,3
13541A0318,RT21035,COMPUTER AIDED ENGINEERING DRAWING PRACTICE,28,48,3
13541A0318,RT21036,BASIC ELECTRICAL & ELECTRONICS ENGG. LAB,24,45,2
13541A0318,RT21037,MECHANICS OF SOLIDS & METALLURGY LAB,23,46,2
13541A0319,RT21011,BASIC ELECTRICAL & ELECTRONICS ENGINEERING,23,29,3
13541A0319,RT21031,METALLURGY & MATERIALS SCIENCE,22,40,3
13541A0319,RT21032,MECHANICS OF SOLIDS,18,7,0
13541A0319,RT21033,THERMODYNAMICS,14,11,0
13541A0319,RT21034,MANAGERIAL ECONOMICS & FINANCIAL ANALYSIS,20,47,3
13541A0319,RT21035,COMPUTER AIDED ENGINEERING DRAWING PRACTICE,25,51,3
13541A0319,RT21036,BASIC ELECTRICAL & ELECTRONICS ENGG. LAB,25,43,2
13541A0319,RT21037,MECHANICS OF SOLIDS & METALLURGY LAB,21,43,2
13541A0320,RT21011,BASIC ELECTRICAL & ELECTRONICS ENGINEERING,22,46,3
13541A0320,RT21031,METALLURGY & MATERIALS SCIENCE,23,32,3
13541A0320,RT21032,MECHANICS OF SOLIDS,20,10,0
13541A0320,RT21033,THERMODYNAMICS,21,13,0
13541A0320,RT21034,MANAGERIAL ECONOMICS & FINANCIAL ANALYSIS,16,48,3
13541A0320,RT21035,COMPUTER AIDED ENGINEERING DRAWING PRACTICE,25,47,3
13541A0320,RT21036,BASIC ELECTRICAL & ELECTRONICS ENGG. LAB,25,44,2
13541A0320,RT21037,MECHANICS OF SOLIDS & METALLURGY LAB,23,32,2
13541A0321,RT21011,BASIC ELECTRICAL & ELECTRONICS ENGINEERING,22,31,3
13541A0321,RT21031,METALLURGY & MATERIALS SCIENCE,19,41,3
13541A0321,RT21032,MECHANICS OF SOLIDS,16,9,0
13541A0321,RT21033,THERMODYNAMICS,17,24,3
13541A0321,RT21034,MANAGERIAL ECONOMICS & FINANCIAL ANALYSIS,15,33,3
13541A0321,RT21035,COMPUTER AIDED ENGINEERING DRAWING PRACTICE,24,51,3
13541A0321,RT21036,BASIC ELECTRICAL & ELECTRONICS ENGG. LAB,25,49,2
13541A0321,RT21037,MECHANICS OF SOLIDS & METALLURGY LAB,22,43,2
13541A0322,RT21011,BASIC ELECTRICAL & ELECTRONICS ENGINEERING,21,40,3
13541A0322,RT21031,METALLURGY & MATERIALS SCIENCE,20,31,3
13541A0322,RT21032,MECHANICS OF SOLIDS,17,7,0
13541A0322,RT21033,THERMODYNAMICS,17,37,3
13541A0322,RT21034,MANAGERIAL ECONOMICS & FINANCIAL ANALYSIS,16,41,3
13541A0322,RT21035,COMPUTER AIDED ENGINEERING DRAWING PRACTICE,24,53,3
13541A0322,RT21036,BASIC ELECTRICAL & ELECTRONICS ENGG. LAB,24,44,2
13541A0322,RT21037,MECHANICS OF SOLIDS & METALLURGY LAB,17,40,2
13541A0323,RT21011,BASIC ELECTRICAL & ELECTRONICS ENGINEERING,23,34,3
13541A0323,RT21031,METALLURGY & MATERIALS SCIENCE,21,52,3
13541A0323,RT21032,MECHANICS OF SOLIDS,16,36,3
13541A0323,RT21033,THERMODYNAMICS,18,25,3
13541A0323,RT21034,MANAGERIAL ECONOMICS & FINANCIAL ANALYSIS,22,55,3
13541A0323,RT21035,COMPUTER AIDED ENGINEERING DRAWING PRACTICE,27,61,3
13541A0323,RT21036,BASIC ELECTRICAL & ELECTRONICS ENGG. LAB,25,44,2
13541A0323,RT21037,MECHANICS OF SOLIDS & METALLURGY LAB,23,44,2
13541A0324,RT21011,BASIC ELECTRICAL & ELECTRONICS ENGINEERING,23,26,3
13541A0324,RT21031,METALLURGY & MATERIALS SCIENCE,20,26,3
13541A0324,RT21032,MECHANICS OF SOLIDS,16,24,3
13541A0324,RT21033,THERMODYNAMICS,18,8,0
13541A0324,RT21034,MANAGERIAL ECONOMICS & FINANCIAL ANALYSIS,21,30,3
13541A0324,RT21035,COMPUTER AIDED ENGINEERING DRAWING PRACTICE,27,58,3
13541A0324,RT21036,BASIC ELECTRICAL & ELECTRONICS ENGG. LAB,25,48,2
13541A0324,RT21037,MECHANICS OF SOLIDS & METALLURGY LAB,21,45,2
13541A0326,RT21011,BASIC ELECTRICAL & ELECTRONICS ENGINEERING,19,38,3
13541A0326,RT21031,METALLURGY & MATERIALS SCIENCE,20,54,3
13541A0326,RT21032,MECHANICS OF SOLIDS,15,13,0
13541A0326,RT21033,THERMODYNAMICS,16,40,3
13541A0326,RT21034,MANAGERIAL ECONOMICS & FINANCIAL ANALYSIS,15,53,3
13541A0326,RT21035,COMPUTER AIDED ENGINEERING DRAWING PRACTICE,23,50,3
13541A0326,RT21036,BASIC ELECTRICAL & ELECTRONICS ENGG. LAB,25,47,2
13541A0326,RT21037,MECHANICS OF SOLIDS & METALLURGY LAB,20,46,2
13541A0327,RT21011,BASIC ELECTRICAL & ELECTRONICS ENGINEERING,22,31,3
13541A0327,RT21031,METALLURGY & MATERIALS SCIENCE,19,35,3
13541A0327,RT21032,MECHANICS OF SOLIDS,17,24,3
13541A0327,RT21033,THERMODYNAMICS,15,25,3
13541A0327,RT21034,MANAGERIAL ECONOMICS & FINANCIAL ANALYSIS,18,34,3
13541A0327,RT21035,COMPUTER AIDED ENGINEERING DRAWING PRACTICE,28,60,3
13541A0327,RT21036,BASIC ELECTRICAL & ELECTRONICS ENGG. LAB,23,43,2
13541A0327,RT21037,MECHANICS OF SOLIDS & METALLURGY LAB,20,42,2
13541A0328,RT21011,BASIC ELECTRICAL & ELECTRONICS ENGINEERING,24,30,3
13541A0328,RT21031,METALLURGY & MATERIALS SCIENCE,21,36,3
13541A0328,RT21032,MECHANICS OF SOLIDS,19,36,3
13541A0328,RT21033,THERMODYNAMICS,22,26,3
13541A0328,RT21034,MANAGERIAL ECONOMICS & FINANCIAL ANALYSIS,18,46,3
13541A0328,RT21035,COMPUTER AIDED ENGINEERING DRAWING PRACTICE,26,56,3
13541A0328,RT21036,BASIC ELECTRICAL & ELECTRONICS ENGG. LAB,23,47,2
13541A0328,RT21037,MECHANICS OF SOLIDS & METALLURGY LAB,22,43,2
13541A0329,RT21011,BASIC ELECTRICAL & ELECTRONICS ENGINEERING,25,38,3
13541A0329,RT21031,METALLURGY & MATERIALS SCIENCE,16,28,3
13541A0329,RT21032,MECHANICS OF SOLIDS,14,0,0
13541A0329,RT21033,THERMODYNAMICS,17,0,0
13541A0329,RT21034,MANAGERIAL ECONOMICS & FINANCIAL ANALYSIS,16,44,3
13541A0329,RT21035,COMPUTER AIDED ENGINEERING DRAWING PRACTICE,21,47,3
13541A0329,RT21036,BASIC ELECTRICAL & ELECTRONICS ENGG. LAB,25,49,2
13541A0329,RT21037,MECHANICS OF SOLIDS & METALLURGY LAB,19,36,2
13541A0330,RT21011,BASIC ELECTRICAL & ELECTRONICS ENGINEERING,23,34,3
13541A0330,RT21031,METALLURGY & MATERIALS SCIENCE,17,43,3
13541A0330,RT21032,MECHANICS OF SOLIDS,16,10,0
13541A0330,RT21033,THERMODYNAMICS,22,24,3
13541A0330,RT21034,MANAGERIAL ECONOMICS & FINANCIAL ANALYSIS,18,44,3
13541A0330,RT21035,COMPUTER AIDED ENGINEERING DRAWING PRACTICE,18,54,3
13541A0330,RT21036,BASIC ELECTRICAL & ELECTRONICS ENGG. LAB,23,46,2
13541A0330,RT21037,MECHANICS OF SOLIDS & METALLURGY LAB,19,40,2
13541A0331,RT21011,BASIC ELECTRICAL & ELECTRONICS ENGINEERING,24,45,3
13541A0331,RT21031,METALLURGY & MATERIALS SCIENCE,21,37,3
13541A0331,RT21032,MECHANICS OF SOLIDS,17,46,3
13541A0331,RT21033,THERMODYNAMICS,19,28,3
13541A0331,RT21034,MANAGERIAL ECONOMICS & FINANCIAL ANALYSIS,16,43,3
13541A0331,RT21035,COMPUTER AIDED ENGINEERING DRAWING PRACTICE,24,45,3
13541A0331,RT21036,BASIC ELECTRICAL & ELECTRONICS ENGG. LAB,25,49,2
13541A0331,RT21037,MECHANICS OF SOLIDS & METALLURGY LAB,20,39,2
13541A0332,RT21011,BASIC ELECTRICAL & ELECTRONICS ENGINEERING,21,29,3
13541A0332,RT21031,METALLURGY & MATERIALS SCIENCE,18,30,3
13541A0332,RT21032,MECHANICS OF SOLIDS,11,30,3
13541A0332,RT21033,THERMODYNAMICS,9,19,0
13541A0332,RT21034,MANAGERIAL ECONOMICS & FINANCIAL ANALYSIS,15,49,3
13541A0332,RT21035,COMPUTER AIDED ENGINEERING DRAWING PRACTICE,20,46,3
13541A0332,RT21036,BASIC ELECTRICAL & ELECTRONICS ENGG. LAB,25,45,2
13541A0332,RT21037,MECHANICS OF SOLIDS & METALLURGY LAB,18,36,2
13541A0333,RT21011,BASIC ELECTRICAL & ELECTRONICS ENGINEERING,21,49,3
13541A0333,RT21031,METALLURGY & MATERIALS SCIENCE,19,29,3
13541A0333,RT21032,MECHANICS OF SOLIDS,15,5,0
13541A0333,RT21033,THERMODYNAMICS,18,4,0
13541A0333,RT21034,MANAGERIAL ECONOMICS & FINANCIAL ANALYSIS,16,35,3
13541A0333,RT21035,COMPUTER AIDED ENGINEERING DRAWING PRACTICE,24,57,3
13541A0333,RT21036,BASIC ELECTRICAL & ELECTRONICS ENGG. LAB,23,43,2
13541A0333,RT21037,MECHANICS OF SOLIDS & METALLURGY LAB,20,39,2
13541A0334,RT21011,BASIC ELECTRICAL & ELECTRONICS ENGINEERING,20,14,0
13541A0334,RT21031,METALLURGY & MATERIALS SCIENCE,17,38,3
13541A0334,RT21032,MECHANICS OF SOLIDS,16,3,0
13541A0334,RT21033,THERMODYNAMICS,9,6,0
13541A0334,RT21034,MANAGERIAL ECONOMICS & FINANCIAL ANALYSIS,15,30,3
13541A0334,RT21035,COMPUTER AIDED ENGINEERING DRAWING PRACTICE,25,58,3
13541A0334,RT21036,BASIC ELECTRICAL & ELECTRONICS ENGG. LAB,24,44,2
13541A0334,RT21037,MECHANICS OF SOLIDS & METALLURGY LAB,20,40,2
13541A0335,RT21011,BASIC ELECTRICAL & ELECTRONICS ENGINEERING,21,36,3
13541A0335,RT21031,METALLURGY & MATERIALS SCIENCE,19,32,3
13541A0335,RT21032,MECHANICS OF SOLIDS,13,11,0
13541A0335,RT21033,THERMODYNAMICS,18,12,0
13541A0335,RT21034,MANAGERIAL ECONOMICS & FINANCIAL ANALYSIS,13,29,3
13541A0335,RT21035,COMPUTER AIDED ENGINEERING DRAWING PRACTICE,30,68,3
13541A0335,RT21036,BASIC ELECTRICAL & ELECTRONICS ENGG. LAB,25,47,2
13541A0335,RT21037,MECHANICS OF SOLIDS & METALLURGY LAB,23,47,2
13541A0337,RT21011,BASIC ELECTRICAL & ELECTRONICS ENGINEERING,24,53,3
13541A0337,RT21031,METALLURGY & MATERIALS SCIENCE,23,51,3
13541A0337,RT21032,MECHANICS OF SOLIDS,19,40,3
13541A0337,RT21033,THERMODYNAMICS,19,31,3
13541A0337,RT21034,MANAGERIAL ECONOMICS & FINANCIAL ANALYSIS,24,61,3
13541A0337,RT21035,COMPUTER AIDED ENGINEERING DRAWING PRACTICE,25,67,3
13541A0337,RT21036,BASIC ELECTRICAL & ELECTRONICS ENGG. LAB,25,48,2
13541A0337,RT21037,MECHANICS OF SOLIDS & METALLURGY LAB,23,48,2
13541A0338,RT21011,BASIC ELECTRICAL & ELECTRONICS ENGINEERING,23,50,3
13541A0338,RT21031,METALLURGY & MATERIALS SCIENCE,20,29,3
13541A0338,RT21032,MECHANICS OF SOLIDS,17,24,3
13541A0338,RT21033,THERMODYNAMICS,11,19,0
13541A0338,RT21034,MANAGERIAL ECONOMICS & FINANCIAL ANALYSIS,16,45,3
13541A0338,RT21035,COMPUTER AIDED ENGINEERING DRAWING PRACTICE,26,51,3
13541A0338,RT21036,BASIC ELECTRICAL & ELECTRONICS ENGG. LAB,25,46,2
13541A0338,RT21037,MECHANICS OF SOLIDS & METALLURGY LAB,23,44,2
13541A0339,RT21011,BASIC ELECTRICAL & ELECTRONICS ENGINEERING,21,30,3
13541A0339,RT21031,METALLURGY & MATERIALS SCIENCE,21,56,3
13541A0339,RT21032,MECHANICS OF SOLIDS,16,9,0
13541A0339,RT21033,THERMODYNAMICS,14,11,0
13541A0339,RT21034,MANAGERIAL ECONOMICS & FINANCIAL ANALYSIS,17,43,3
13541A0339,RT21035,COMPUTER AIDED ENGINEERING DRAWING PRACTICE,28,65,3
13541A0339,RT21036,BASIC ELECTRICAL & ELECTRONICS ENGG. LAB,24,45,2
13541A0339,RT21037,MECHANICS OF SOLIDS & METALLURGY LAB,22,47,2
13541A0340,RT21011,BASIC ELECTRICAL & ELECTRONICS ENGINEERING,18,37,3
13541A0340,RT21031,METALLURGY & MATERIALS SCIENCE,13,34,3
13541A0340,RT21032,MECHANICS OF SOLIDS,13,2,0
13541A0340,RT21033,THERMODYNAMICS,11,1,0
13541A0340,RT21034,MANAGERIAL ECONOMICS & FINANCIAL ANALYSIS,10,32,3
13541A0340,RT21035,COMPUTER AIDED ENGINEERING DRAWING PRACTICE,17,45,3
13541A0340,RT21036,BASIC ELECTRICAL & ELECTRONICS ENGG. LAB,24,44,2
13541A0340,RT21037,MECHANICS OF SOLIDS & METALLURGY LAB,18,37,2
13541A0401,RT21034,MANAGERIAL ECONOMICS & FINANCIAL ANALYSIS,10,-1,0
13541A0401,RT21041,ELECTRONIC DEVICES AND CIRCUITS,22,-1,0
13541A0401,RT21042,DATA STRUCTURES,22,-1,0
13541A0401,RT21043,ENVIRONMENTAL STUDIES,5,-1,0
13541A0401,RT21044,SIGNALS AND SYSTEMS,24,-1,0
13541A0401,RT21045,ELECTRICAL TECHNOLOGY,22,-1,0
13541A0401,RT21046,ELECTRONIC DEVICES AND CIRCUITS LAB,15,-1,0
13541A0401,RT21047,NETWORKS & ELECTRICAL TECHNOLOGY LAB,15,-1,0
13541A0402,RT21034,MANAGERIAL ECONOMICS & FINANCIAL ANALYSIS,14,36,3
13541A0402,RT21041,ELECTRONIC DEVICES AND CIRCUITS,24,44,3
13541A0402,RT21042,DATA STRUCTURES,22,39,3
13541A0402,RT21043,ENVIRONMENTAL STUDIES,21,40,3
13541A0402,RT21044,SIGNALS AND SYSTEMS,26,34,3
13541A0402,RT21045,ELECTRICAL TECHNOLOGY,23,33,3
13541A0402,RT21046,ELECTRONIC DEVICES AND CIRCUITS LAB,15,44,2
13541A0402,RT21047,NETWORKS & ELECTRICAL TECHNOLOGY LAB,15,48,2
13541A0403,RT21034,MANAGERIAL ECONOMICS & FINANCIAL ANALYSIS,17,24,3
13541A0403,RT21041,ELECTRONIC DEVICES AND CIRCUITS,14,18,0
13541A0403,RT21042,DATA STRUCTURES,22,33,3
13541A0403,RT21043,ENVIRONMENTAL STUDIES,23,30,3
13541A0403,RT21044,SIGNALS AND SYSTEMS,19,15,0
13541A0403,RT21045,ELECTRICAL TECHNOLOGY,16,37,3
13541A0403,RT21046,ELECTRONIC DEVICES AND CIRCUITS LAB,20,43,2
13541A0403,RT21047,NETWORKS & ELECTRICAL TECHNOLOGY LAB,22,45,2
13541A0404,RT21034,MANAGERIAL ECONOMICS & FINANCIAL ANALYSIS,16,38,3
13541A0404,RT21041,ELECTRONIC DEVICES AND CIRCUITS,11,12,0
13541A0404,RT21042,DATA STRUCTURES,17,39,3
13541A0404,RT21043,ENVIRONMENTAL STUDIES,20,30,3
13541A0404,RT21044,SIGNALS AND SYSTEMS,16,11,0
13541A0404,RT21045,ELECTRICAL TECHNOLOGY,17,8,0
13541A0404,RT21046,ELECTRONIC DEVICES AND CIRCUITS LAB,20,40,2
13541A0404,RT21047,NETWORKS & ELECTRICAL TECHNOLOGY LAB,22,24,2
13541A0405,RT21034,MANAGERIAL ECONOMICS & FINANCIAL ANALYSIS,20,58,3
13541A0405,RT21041,ELECTRONIC DEVICES AND CIRCUITS,23,35,3
13541A0405,RT21042,DATA STRUCTURES,24,50,3
13541A0405,RT21043,ENVIRONMENTAL STUDIES,24,50,3
13541A0405,RT21044,SIGNALS AND SYSTEMS,24,41,3
13541A0405,RT21045,ELECTRICAL TECHNOLOGY,24,38,3
13541A0405,RT21046,ELECTRONIC DEVICES AND CIRCUITS LAB,25,50,2
13541A0405,RT21047,NETWORKS & ELECTRICAL TECHNOLOGY LAB,24,48,2
13541A0406,RT21034,MANAGERIAL ECONOMICS & FINANCIAL ANALYSIS,18,47,3
13541A0406,RT21041,ELECTRONIC DEVICES AND CIRCUITS,24,50,3
13541A0406,RT21042,DATA STRUCTURES,24,51,3
13541A0406,RT21043,ENVIRONMENTAL STUDIES,24,35,3
13541A0406,RT21044,SIGNALS AND SYSTEMS,25,42,3
13541A0406,RT21045,ELECTRICAL TECHNOLOGY,23,35,3
13541A0406,RT21046,ELECTRONIC DEVICES AND CIRCUITS LAB,25,49,2
13541A0406,RT21047,NETWORKS & ELECTRICAL TECHNOLOGY LAB,23,44,2
13541A0407,RT21034,MANAGERIAL ECONOMICS & FINANCIAL ANALYSIS,21,41,3
13541A0407,RT21041,ELECTRONIC DEVICES AND CIRCUITS,24,41,3
13541A0407,RT21042,DATA STRUCTURES,25,50,3
13541A0407,RT21043,ENVIRONMENTAL STUDIES,21,39,3
13541A0407,RT21044,SIGNALS AND SYSTEMS,24,40,3
13541A0407,RT21045,ELECTRICAL TECHNOLOGY,23,55,3
13541A0407,RT21046,ELECTRONIC DEVICES AND CIRCUITS LAB,24,48,2
13541A0407,RT21047,NETWORKS & ELECTRICAL TECHNOLOGY LAB,23,46,2
13541A0408,RT21034,MANAGERIAL ECONOMICS & FINANCIAL ANALYSIS,18,46,3
13541A0408,RT21041,ELECTRONIC DEVICES AND CIRCUITS,25,50,3
13541A0408,RT21042,DATA STRUCTURES,23,44,3
13541A0408,RT21043,ENVIRONMENTAL STUDIES,23,40,3
13541A0408,RT21044,SIGNALS AND SYSTEMS,22,34,3
13541A0408,RT21045,ELECTRICAL TECHNOLOGY,23,29,3
13541A0408,RT21046,ELECTRONIC DEVICES AND CIRCUITS LAB,23,47,2
13541A0408,RT21047,NETWORKS & ELECTRICAL TECHNOLOGY LAB,23,45,2
13541A0409,RT21034,MANAGERIAL ECONOMICS & FINANCIAL ANALYSIS,22,44,3
13541A0409,RT21041,ELECTRONIC DEVICES AND CIRCUITS,23,37,3
13541A0409,RT21042,DATA STRUCTURES,21,30,3
13541A0409,RT21043,ENVIRONMENTAL STUDIES,22,34,3
13541A0409,RT21044,SIGNALS AND SYSTEMS,23,40,3
13541A0409,RT21045,ELECTRICAL TECHNOLOGY,24,30,3
13541A0409,RT21046,ELECTRONIC DEVICES AND CIRCUITS LAB,24,45,2
13541A0409,RT21047,NETWORKS & ELECTRICAL TECHNOLOGY LAB,23,45,2
13541A0410,RT21034,MANAGERIAL ECONOMICS & FINANCIAL ANALYSIS,18,41,3
13541A0410,RT21041,ELECTRONIC DEVICES AND CIRCUITS,24,35,3
13541A0410,RT21042,DATA STRUCTURES,19,36,3
13541A0410,RT21043,ENVIRONMENTAL STUDIES,18,30,3
13541A0410,RT21044,SIGNALS AND SYSTEMS,24,28,3
13541A0410,RT21045,ELECTRICAL TECHNOLOGY,18,14,0
13541A0410,RT21046,ELECTRONIC DEVICES AND CIRCUITS LAB,20,44,2
13541A0410,RT21047,NETWORKS & ELECTRICAL TECHNOLOGY LAB,23,29,2
13541A0411,RT21034,MANAGERIAL ECONOMICS & FINANCIAL ANALYSIS,17,25,3
13541A0411,RT21041,ELECTRONIC DEVICES AND CIRCUITS,17,8,0
13541A0411,RT21042,DATA STRUCTURES,16,41,3
13541A0411,RT21043,ENVIRONMENTAL STUDIES,17,16,0
13541A0411,RT21044,SIGNALS AND SYSTEMS,22,17,0
13541A0411,RT21045,ELECTRICAL TECHNOLOGY,15,25,3
13541A0411,RT21046,ELECTRONIC DEVICES AND CIRCUITS LAB,20,44,2
13541A0411,RT21047,NETWORKS & ELECTRICAL TECHNOLOGY LAB,21,41,2
13541A0412,RT21034,MANAGERIAL ECONOMICS & FINANCIAL ANALYSIS,20,46,3
13541A0412,RT21041,ELECTRONIC DEVICES AND CIRCUITS,22,53,3
13541A0412,RT21042,DATA STRUCTURES,23,39,3
13541A0412,RT21043,ENVIRONMENTAL STUDIES,23,34,3
13541A0412,RT21044,SIGNALS AND SYSTEMS,25,38,3
13541A0412,RT21045,ELECTRICAL TECHNOLOGY,22,34,3
13541A0412,RT21046,ELECTRONIC DEVICES AND CIRCUITS LAB,25,49,2
13541A0412,RT21047,NETWORKS & ELECTRICAL TECHNOLOGY LAB,24,47,2
13541A0413,RT21034,MANAGERIAL ECONOMICS & FINANCIAL ANALYSIS,23,45,3
13541A0413,RT21041,ELECTRONIC DEVICES AND CIRCUITS,22,35,3
13541A0413,RT21042,DATA STRUCTURES,24,31,3
13541A0413,RT21043,ENVIRONMENTAL STUDIES,23,39,3
13541A0413,RT21044,SIGNALS AND SYSTEMS,24,25,3
13541A0413,RT21045,ELECTRICAL TECHNOLOGY,23,5,0
13541A0413,RT21046,ELECTRONIC DEVICES AND CIRCUITS LAB,25,48,2
13541A0413,RT21047,NETWORKS & ELECTRICAL TECHNOLOGY LAB,23,47,2
13541A0415,RT21034,MANAGERIAL ECONOMICS & FINANCIAL ANALYSIS,18,40,3
13541A0415,RT21041,ELECTRONIC DEVICES AND CIRCUITS,22,33,3
13541A0415,RT21042,DATA STRUCTURES,21,37,3
13541A0415,RT21043,ENVIRONMENTAL STUDIES,20,31,3
13541A0415,RT21044,SIGNALS AND SYSTEMS,23,41,3
13541A0415,RT21045,ELECTRICAL TECHNOLOGY,14,6,0
13541A0415,RT21046,ELECTRONIC DEVICES AND CIRCUITS LAB,22,46,2
13541A0415,RT21047,NETWORKS & ELECTRICAL TECHNOLOGY LAB,23,43,2
13541A0416,RT21034,MANAGERIAL ECONOMICS & FINANCIAL ANALYSIS,20,44,3
13541A0416,RT21041,ELECTRONIC DEVICES AND CIRCUITS,22,45,3
13541A0416,RT21042,DATA STRUCTURES,23,43,3
13541A0416,RT21043,ENVIRONMENTAL STUDIES,20,41,3
13541A0416,RT21044,SIGNALS AND SYSTEMS,21,41,3
13541A0416,RT21045,ELECTRICAL TECHNOLOGY,23,54,3
13541A0416,RT21046,ELECTRONIC DEVICES AND CIRCUITS LAB,25,49,2
13541A0416,RT21047,NETWORKS & ELECTRICAL TECHNOLOGY LAB,24,33,2
13541A0417,RT21034,MANAGERIAL ECONOMICS & FINANCIAL ANALYSIS,21,51,3
13541A0417,RT21041,ELECTRONIC DEVICES AND CIRCUITS,23,56,3
13541A0417,RT21042,DATA STRUCTURES,22,29,3
13541A0417,RT21043,ENVIRONMENTAL STUDIES,22,39,3
13541A0417,RT21044,SIGNALS AND SYSTEMS,22,30,3
13541A0417,RT21045,ELECTRICAL TECHNOLOGY,22,30,3
13541A0417,RT21046,ELECTRONIC DEVICES AND CIRCUITS LAB,24,48,2
13541A0417,RT21047,NETWORKS & ELECTRICAL TECHNOLOGY LAB,24,46,2
13541A0418,RT21034,MANAGERIAL ECONOMICS & FINANCIAL ANALYSIS,20,43,3
13541A0418,RT21041,ELECTRONIC DEVICES AND CIRCUITS,21,31,3
13541A0418,RT21042,DATA STRUCTURES,24,24,3
13541A0418,RT21043,ENVIRONMENTAL STUDIES,20,33,3
13541A0418,RT21044,SIGNALS AND SYSTEMS,20,32,3
13541A0418,RT21045,ELECTRICAL TECHNOLOGY,22,13,0
13541A0418,RT21046,ELECTRONIC DEVICES AND CIRCUITS LAB,23,48,2
13541A0418,RT21047,NETWORKS & ELECTRICAL TECHNOLOGY LAB,23,43,2
13541A0419,RT21034,MANAGERIAL ECONOMICS & FINANCIAL ANALYSIS,4,-1,0
13541A0419,RT21041,ELECTRONIC DEVICES AND CIRCUITS,5,-1,0
13541A0419,RT21042,DATA STRUCTURES,16,12,0
13541A0419,RT21043,ENVIRONMENTAL STUDIES,5,-1,0
13541A0419,RT21044,SIGNALS AND SYSTEMS,20,-1,0
13541A0419,RT21045,ELECTRICAL TECHNOLOGY,10,-1,0
13541A0419,RT21046,ELECTRONIC DEVICES AND CIRCUITS LAB,20,43,2
13541A0419,RT21047,NETWORKS & ELECTRICAL TECHNOLOGY LAB,21,41,2
13541A0420,RT21034,MANAGERIAL ECONOMICS & FINANCIAL ANALYSIS,17,34,3
13541A0420,RT21041,ELECTRONIC DEVICES AND CIRCUITS,22,48,3
13541A0420,RT21042,DATA STRUCTURES,22,43,3
13541A0420,RT21043,ENVIRONMENTAL STUDIES,20,27,3
13541A0420,RT21044,SIGNALS AND SYSTEMS,17,16,0
13541A0420,RT21045,ELECTRICAL TECHNOLOGY,20,31,3
13541A0420,RT21046,ELECTRONIC DEVICES AND CIRCUITS LAB,21,45,2
13541A0420,RT21047,NETWORKS & ELECTRICAL TECHNOLOGY LAB,22,43,2
13541A0421,RT21034,MANAGERIAL ECONOMICS & FINANCIAL ANALYSIS,17,49,3
13541A0421,RT21041,ELECTRONIC DEVICES AND CIRCUITS,20,15,0
13541A0421,RT21042,DATA STRUCTURES,19,24,3
13541A0421,RT21043,ENVIRONMENTAL STUDIES,21,27,3
13541A0421,RT21044,SIGNALS AND SYSTEMS,16,0,0
13541A0421,RT21045,ELECTRICAL TECHNOLOGY,19,11,0
13541A0421,RT21046,ELECTRONIC DEVICES AND CIRCUITS LAB,20,43,2
13541A0421,RT21047,NETWORKS & ELECTRICAL TECHNOLOGY LAB,21,40,2
13541A0422,RT21034,MANAGERIAL ECONOMICS & FINANCIAL ANALYSIS,21,46,3
13541A0422,RT21041,ELECTRONIC DEVICES AND CIRCUITS,23,29,3
13541A0422,RT21042,DATA STRUCTURES,19,39,3
13541A0422,RT21043,ENVIRONMENTAL STUDIES,23,41,3
13541A0422,RT21044,SIGNALS AND SYSTEMS,22,16,0
13541A0422,RT21045,ELECTRICAL TECHNOLOGY,20,27,3
13541A0422,RT21046,ELECTRONIC DEVICES AND CIRCUITS LAB,23,45,2
13541A0422,RT21047,NETWORKS & ELECTRICAL TECHNOLOGY LAB,23,43,2
13541A0423,RT21034,MANAGERIAL ECONOMICS & FINANCIAL ANALYSIS,16,31,3
13541A0423,RT21041,ELECTRONIC DEVICES AND CIRCUITS,15,34,3
13541A0423,RT21042,DATA STRUCTURES,18,29,3
13541A0423,RT21043,ENVIRONMENTAL STUDIES,16,32,3
13541A0423,RT21044,SIGNALS AND SYSTEMS,18,10,0
13541A0423,RT21045,ELECTRICAL TECHNOLOGY,18,6,0
13541A0423,RT21046,ELECTRONIC DEVICES AND CIRCUITS LAB,21,43,2
13541A0423,RT21047,NETWORKS & ELECTRICAL TECHNOLOGY LAB,22,42,2
13541A0424,RT21034,MANAGERIAL ECONOMICS & FINANCIAL ANALYSIS,19,46,3
13541A0424,RT21041,ELECTRONIC DEVICES AND CIRCUITS,23,27,3
13541A0424,RT21042,DATA STRUCTURES,23,51,3
13541A0424,RT21043,ENVIRONMENTAL STUDIES,21,34,3
13541A0424,RT21044,SIGNALS AND SYSTEMS,22,24,3
13541A0424,RT21045,ELECTRICAL TECHNOLOGY,19,42,3
13541A0424,RT21046,ELECTRONIC DEVICES AND CIRCUITS LAB,24,47,2
13541A0424,RT21047,NETWORKS & ELECTRICAL TECHNOLOGY LAB,23,48,2
13541A0425,RT21034,MANAGERIAL ECONOMICS & FINANCIAL ANALYSIS,19,38,3
13541A0425,RT21041,ELECTRONIC DEVICES AND CIRCUITS,24,52,3
13541A0425,RT21042,DATA STRUCTURES,25,31,3
13541A0425,RT21043,ENVIRONMENTAL STUDIES,22,40,3
13541A0425,RT21044,SIGNALS AND SYSTEMS,24,39,3
13541A0425,RT21045,ELECTRICAL TECHNOLOGY,24,29,3
13541A0425,RT21046,ELECTRONIC DEVICES AND CIRCUITS LAB,25,50,2
13541A0425,RT21047,NETWORKS & ELECTRICAL TECHNOLOGY LAB,23,42,2
13541A0426,RT21034,MANAGERIAL ECONOMICS & FINANCIAL ANALYSIS,17,41,3
13541A0426,RT21041,ELECTRONIC DEVICES AND CIRCUITS,24,38,3
13541A0426,RT21042,DATA STRUCTURES,23,47,3
13541A0426,RT21043,ENVIRONMENTAL STUDIES,18,36,3
13541A0426,RT21044,SIGNALS AND SYSTEMS,25,43,3
13541A0426,RT21045,ELECTRICAL TECHNOLOGY,25,30,3
13541A0426,RT21046,ELECTRONIC DEVICES AND CIRCUITS LAB,23,43,2
13541A0426,RT21047,NETWORKS & ELECTRICAL TECHNOLOGY LAB,25,44,2
13541A0427,RT21034,MANAGERIAL ECONOMICS & FINANCIAL ANALYSIS,17,52,3
13541A0427,RT21041,ELECTRONIC DEVICES AND CIRCUITS,23,43,3
13541A0427,RT21042,DATA STRUCTURES,22,33,3
13541A0427,RT21043,ENVIRONMENTAL STUDIES,21,36,3
13541A0427,RT21044,SIGNALS AND SYSTEMS,22,36,3
13541A0427,RT21045,ELECTRICAL TECHNOLOGY,18,37,3
13541A0427,RT21046,ELECTRONIC DEVICES AND CIRCUITS LAB,24,44,2
13541A0427,RT21047,NETWORKS & ELECTRICAL TECHNOLOGY LAB,24,39,2
13541A0428,RT21034,MANAGERIAL ECONOMICS & FINANCIAL ANALYSIS,17,35,3
13541A0428,RT21041,ELECTRONIC DEVICES AND CIRCUITS,20,33,3
13541A0428,RT21042,DATA STRUCTURES,21,55,3
13541A0428,RT21043,ENVIRONMENTAL STUDIES,17,25,3
13541A0428,RT21044,SIGNALS AND SYSTEMS,17,24,3
13541A0428,RT21045,ELECTRICAL TECHNOLOGY,21,45,3
13541A0428,RT21046,ELECTRONIC DEVICES AND CIRCUITS LAB,20,42,2
13541A0428,RT21047,NETWORKS & ELECTRICAL TECHNOLOGY LAB,22,39,2
13541A0429,RT21034,MANAGERIAL ECONOMICS & FINANCIAL ANALYSIS,19,47,3
13541A0429,RT21041,ELECTRONIC DEVICES AND CIRCUITS,23,51,3
13541A0429,RT21042,DATA STRUCTURES,23,32,3
13541A0429,RT21043,ENVIRONMENTAL STUDIES,24,40,3
13541A0429,RT21044,SIGNALS AND SYSTEMS,23,16,0
13541A0429,RT21045,ELECTRICAL TECHNOLOGY,19,14,0
13541A0429,RT21046,ELECTRONIC DEVICES AND CIRCUITS LAB,23,45,2
13541A0429,RT21047,NETWORKS & ELECTRICAL TECHNOLOGY LAB,23,47,2
13541A0430,RT21034,MANAGERIAL ECONOMICS & FINANCIAL ANALYSIS,18,48,3
13541A0430,RT21041,ELECTRONIC DEVICES AND CIRCUITS,24,13,0
13541A0430,RT21042,DATA STRUCTURES,20,33,3
13541A0430,RT21043,ENVIRONMENTAL STUDIES,23,48,3
13541A0430,RT21044,SIGNALS AND SYSTEMS,25,14,0
13541A0430,RT21045,ELECTRICAL TECHNOLOGY,22,4,0
13541A0430,RT21046,ELECTRONIC DEVICES AND CIRCUITS LAB,24,48,2
13541A0430,RT21047,NETWORKS & ELECTRICAL TECHNOLOGY LAB,20,47,2
13541A0431,RT21034,MANAGERIAL ECONOMICS & FINANCIAL ANALYSIS,24,46,3
13541A0431,RT21041,ELECTRONIC DEVICES AND CIRCUITS,25,43,3
13541A0431,RT21042,DATA STRUCTURES,24,58,3
13541A0431,RT21043,ENVIRONMENTAL STUDIES,24,33,3
13541A0431,RT21044,SIGNALS AND SYSTEMS,25,47,3
13541A0431,RT21045,ELECTRICAL TECHNOLOGY,26,45,3
13541A0431,RT21046,ELECTRONIC DEVICES AND CIRCUITS LAB,24,48,2
13541A0431,RT21047,NETWORKS & ELECTRICAL TECHNOLOGY LAB,25,49,2
13541A0432,RT21034,MANAGERIAL ECONOMICS & FINANCIAL ANALYSIS,22,41,3
13541A0432,RT21041,ELECTRONIC DEVICES AND CIRCUITS,24,56,3
13541A0432,RT21042,DATA STRUCTURES,23,45,3
13541A0432,RT21043,ENVIRONMENTAL STUDIES,22,28,3
13541A0432,RT21044,SIGNALS AND SYSTEMS,23,24,3
13541A0432,RT21045,ELECTRICAL TECHNOLOGY,21,56,3
13541A0432,RT21046,ELECTRONIC DEVICES AND CIRCUITS LAB,23,46,2
13541A0432,RT21047,NETWORKS & ELECTRICAL TECHNOLOGY LAB,25,45,2
13541A0433,RT21034,MANAGERIAL ECONOMICS & FINANCIAL ANALYSIS,19,42,3
13541A0433,RT21041,ELECTRONIC DEVICES AND CIRCUITS,23,37,3
13541A0433,RT21042,DATA STRUCTURES,17,29,3
13541A0433,RT21043,ENVIRONMENTAL STUDIES,22,31,3
13541A0433,RT21044,SIGNALS AND SYSTEMS,20,24,3
13541A0433,RT21045,ELECTRICAL TECHNOLOGY,20,28,3
13541A0433,RT21046,ELECTRONIC DEVICES AND CIRCUITS LAB,24,46,2
13541A0433,RT21047,NETWORKS & ELECTRICAL TECHNOLOGY LAB,22,46,2
13541A0434,RT21034,MANAGERIAL ECONOMICS & FINANCIAL ANALYSIS,20,48,3
13541A0434,RT21041,ELECTRONIC DEVICES AND CIRCUITS,25,43,3
13541A0434,RT21042,DATA STRUCTURES,24,53,3
13541A0434,RT21043,ENVIRONMENTAL STUDIES,21,44,3
13541A0434,RT21044,SIGNALS AND SYSTEMS,25,30,3
13541A0434,RT21045,ELECTRICAL TECHNOLOGY,22,24,3
13541A0434,RT21046,ELECTRONIC DEVICES AND CIRCUITS LAB,23,45,2
13541A0434,RT21047,NETWORKS & ELECTRICAL TECHNOLOGY LAB,23,46,2
13541A0435,RT21034,MANAGERIAL ECONOMICS & FINANCIAL ANALYSIS,19,56,3
13541A0435,RT21041,ELECTRONIC DEVICES AND CIRCUITS,23,49,3
13541A0435,RT21042,DATA STRUCTURES,22,51,3
13541A0435,RT21043,ENVIRONMENTAL STUDIES,22,35,3
13541A0435,RT21044,SIGNALS AND SYSTEMS,25,44,3
13541A0435,RT21045,ELECTRICAL TECHNOLOGY,24,41,3
13541A0435,RT21046,ELECTRONIC DEVICES AND CIRCUITS LAB,24,47,2
13541A0435,RT21047,NETWORKS & ELECTRICAL TECHNOLOGY LAB,23,45,2
13541A0436,RT21034,MANAGERIAL ECONOMICS & FINANCIAL ANALYSIS,19,24,3
13541A0436,RT21041,ELECTRONIC DEVICES AND CIRCUITS,22,28,3
13541A0436,RT21042,DATA STRUCTURES,19,29,3
13541A0436,RT21043,ENVIRONMENTAL STUDIES,18,25,3
13541A0436,RT21044,SIGNALS AND SYSTEMS,23,8,0
13541A0436,RT21045,ELECTRICAL TECHNOLOGY,22,38,3
13541A0436,RT21046,ELECTRONIC DEVICES AND CIRCUITS LAB,23,45,2
13541A0436,RT21047,NETWORKS & ELECTRICAL TECHNOLOGY LAB,23,45,2
13541A0437,RT21034,MANAGERIAL ECONOMICS & FINANCIAL ANALYSIS,22,48,3
13541A0437,RT21041,ELECTRONIC DEVICES AND CIRCUITS,25,48,3
13541A0437,RT21042,DATA STRUCTURES,22,29,3
13541A0437,RT21043,ENVIRONMENTAL STUDIES,24,45,3
13541A0437,RT21044,SIGNALS AND SYSTEMS,24,31,3
13541A0437,RT21045,ELECTRICAL TECHNOLOGY,23,31,3
13541A0437,RT21046,ELECTRONIC DEVICES AND CIRCUITS LAB,24,48,2
13541A0437,RT21047,NETWORKS & ELECTRICAL TECHNOLOGY LAB,25,49,2
13541A0501,RT21034,MANAGERIAL ECONOMICS & FINANCIAL ANALYSIS,17,54,3
13541A0501,RT21042,DATA STRUCTURES,22,43,3
13541A0501,RT21051,OBJECT ORIENTED PROGRAMMING THROUGH C++,21,13,0
13541A0501,RT21052,MATHEMATICAL FOUNDATIONS OF COMLUTER SCIENCE,18,25,3
13541A0501,RT21053,DIGITAL LOGIC DESIGN,22,13,0
13541A0501,RT21054,OBJECT ORIENTED PROGRAMMING LAB,20,46,2
13541A0501,RT21055,DATA STRUCTURES LAB,23,48,2
13541A0501,RT21056,DIGITAL LOGIC DESIGN LAB,23,47,2
13541A0501,RT21057,SEMINAR,46,0,1
13541A0502,RT21034,MANAGERIAL ECONOMICS & FINANCIAL ANALYSIS,16,7,0
13541A0502,RT21042,DATA STRUCTURES,17,6,0
13541A0502,RT21051,OBJECT ORIENTED PROGRAMMING THROUGH C++,21,0,0
13541A0502,RT21052,MATHEMATICAL FOUNDATIONS OF COMLUTER SCIENCE,18,0,0
13541A0502,RT21053,DIGITAL LOGIC DESIGN,19,13,0
13541A0502,RT21054,OBJECT ORIENTED PROGRAMMING LAB,20,45,2
13541A0502,RT21055,DATA STRUCTURES LAB,22,46,2
13541A0502,RT21056,DIGITAL LOGIC DESIGN LAB,22,46,2
13541A0502,RT21057,SEMINAR,45,0,1
13541A0503,RT21034,MANAGERIAL ECONOMICS & FINANCIAL ANALYSIS,15,25,3
13541A0503,RT21042,DATA STRUCTURES,20,34,3
13541A0503,RT21051,OBJECT ORIENTED PROGRAMMING THROUGH C++,26,25,3
13541A0503,RT21052,MATHEMATICAL FOUNDATIONS OF COMLUTER SCIENCE,20,24,3
13541A0503,RT21053,DIGITAL LOGIC DESIGN,23,45,3
13541A0503,RT21054,OBJECT ORIENTED PROGRAMMING LAB,23,48,2
13541A0503,RT21055,DATA STRUCTURES LAB,25,49,2
13541A0503,RT21056,DIGITAL LOGIC DESIGN LAB,24,49,2
13541A0503,RT21057,SEMINAR,48,0,1
13541A0504,RT21034,MANAGERIAL ECONOMICS & FINANCIAL ANALYSIS,16,39,3
13541A0504,RT21042,DATA STRUCTURES,16,37,3
13541A0504,RT21051,OBJECT ORIENTED PROGRAMMING THROUGH C++,19,13,0
13541A0504,RT21052,MATHEMATICAL FOUNDATIONS OF COMLUTER SCIENCE,17,29,3
13541A0504,RT21053,DIGITAL LOGIC DESIGN,19,26,3
13541A0504,RT21054,OBJECT ORIENTED PROGRAMMING LAB,20,45,2
13541A0504,RT21055,DATA STRUCTURES LAB,23,47,2
13541A0504,RT21056,DIGITAL LOGIC DESIGN LAB,23,48,2
13541A0504,RT21057,SEMINAR,45,0,1
13541A0505,RT21034,MANAGERIAL ECONOMICS & FINANCIAL ANALYSIS,18,51,3
13541A0505,RT21042,DATA STRUCTURES,23,46,3
13541A0505,RT21051,OBJECT ORIENTED PROGRAMMING THROUGH C++,25,24,3
13541A0505,RT21052,MATHEMATICAL FOUNDATIONS OF COMLUTER SCIENCE,26,13,0
13541A0505,RT21053,DIGITAL LOGIC DESIGN,25,37,3
13541A0505,RT21054,OBJECT ORIENTED PROGRAMMING LAB,24,50,2
13541A0505,RT21055,DATA STRUCTURES LAB,25,50,2
13541A0505,RT21056,DIGITAL LOGIC DESIGN LAB,24,48,2
13541A0505,RT21057,SEMINAR,49,0,1
13541A0506,RT21034,MANAGERIAL ECONOMICS & FINANCIAL ANALYSIS,17,42,3
13541A0506,RT21042,DATA STRUCTURES,22,41,3
13541A0506,RT21051,OBJECT ORIENTED PROGRAMMING THROUGH C++,21,27,3
13541A0506,RT21052,MATHEMATICAL FOUNDATIONS OF COMLUTER SCIENCE,24,26,3
13541A0506,RT21053,DIGITAL LOGIC DESIGN,22,50,3
13541A0506,RT21054,OBJECT ORIENTED PROGRAMMING LAB,24,49,2
13541A0506,RT21055,DATA STRUCTURES LAB,25,49,2
13541A0506,RT21056,DIGITAL LOGIC DESIGN LAB,24,48,2
13541A0506,RT21057,SEMINAR,47,0,1
13541A0507,RT21034,MANAGERIAL ECONOMICS & FINANCIAL ANALYSIS,20,29,3
13541A0507,RT21042,DATA STRUCTURES,24,35,3
13541A0507,RT21051,OBJECT ORIENTED PROGRAMMING THROUGH C++,22,30,3
13541A0507,RT21052,MATHEMATICAL FOUNDATIONS OF COMLUTER SCIENCE,23,4,0
13541A0507,RT21053,DIGITAL LOGIC DESIGN,20,32,3
13541A0507,RT21054,OBJECT ORIENTED PROGRAMMING LAB,22,47,2
13541A0507,RT21055,DATA STRUCTURES LAB,24,48,2
13541A0507,RT21056,DIGITAL LOGIC DESIGN LAB,24,48,2
13541A0507,RT21057,SEMINAR,46,0,1
13541A0508,RT21034,MANAGERIAL ECONOMICS & FINANCIAL ANALYSIS,16,27,3
13541A0508,RT21042,DATA STRUCTURES,22,32,3
13541A0508,RT21051,OBJECT ORIENTED PROGRAMMING THROUGH C++,18,5,0
13541A0508,RT21052,MATHEMATICAL FOUNDATIONS OF COMLUTER SCIENCE,19,13,0
13541A0508,RT21053,DIGITAL LOGIC DESIGN,22,27,3
13541A0508,RT21054,OBJECT ORIENTED PROGRAMMING LAB,20,44,2
13541A0508,RT21055,DATA STRUCTURES LAB,22,47,2
13541A0508,RT21056,DIGITAL LOGIC DESIGN LAB,23,47,2
13541A0508,RT21057,SEMINAR,45,0,1
14545A0201,RT21021,ELECTRICAL CIRCUIT ANALYSIS-II,13,6,0
14545A0201,RT21022,THERMAL AND HYDRO LRIME MOVERS,13,28,3
14545A0201,RT21023,BASIC ELECTRONICS AND DEVICES,8,14,0
14545A0201,RT21024,COMPLEX VARIABLES AND STATISTICAL METHODS,9,8,0
14545A0201,RT21025,ELECTRO MAGNETIC FIELDS,11,11,0
14545A0201,RT21026,ELECTRICAL MACHINES-I,7,15,0
14545A0201,RT21027,THERMAL AND HYDRO LAB,15,39,2
14545A0201,RT21028,ELECTRICAL CIRCUITS LAB,16,41,2
14545A0202,RT21021,ELECTRICAL CIRCUIT ANALYSIS-II,17,10,0
14545A0202,RT21022,THERMAL AND HYDRO LRIME MOVERS,19,8,0
14545A0202,RT21023,BASIC ELECTRONICS AND DEVICES,22,24,3
14545A0202,RT21024,COMPLEX VARIABLES AND STATISTICAL METHODS,16,2,0
14545A0202,RT21025,ELECTRO MAGNETIC FIELDS,21,5,0
14545A0202,RT21026,ELECTRICAL MACHINES-I,24,17,0
14545A0202,RT21027,THERMAL AND HYDRO LAB,15,38,2
14545A0202,RT21028,ELECTRICAL CIRCUITS LAB,16,42,2
14545A0203,RT21021,ELECTRICAL CIRCUIT ANALYSIS-II,17,26,3
14545A0203,RT21022,THERMAL AND HYDRO LRIME MOVERS,17,17,0
14545A0203,RT21023,BASIC ELECTRONICS AND DEVICES,21,9,0
14545A0203,RT21024,COMPLEX VARIABLES AND STATISTICAL METHODS,17,0,0
14545A0203,RT21025,ELECTRO MAGNETIC FIELDS,20,13,0
14545A0203,RT21026,ELECTRICAL MACHINES-I,24,38,3
14545A0203,RT21027,THERMAL AND HYDRO LAB,15,38,2
14545A0203,RT21028,ELECTRICAL CIRCUITS LAB,15,44,2
14545A0204,RT21021,ELECTRICAL CIRCUIT ANALYSIS-II,15,26,3
14545A0204,RT21022,THERMAL AND HYDRO LRIME MOVERS,18,19,0
14545A0204,RT21023,BASIC ELECTRONICS AND DEVICES,13,14,0
14545A0204,RT21024,COMPLEX VARIABLES AND STATISTICAL METHODS,14,0,0
14545A0204,RT21025,ELECTRO MAGNETIC FIELDS,20,8,0
14545A0204,RT21026,ELECTRICAL MACHINES-I,20,9,0
14545A0204,RT21027,THERMAL AND HYDRO LAB,15,38,2
14545A0204,RT21028,ELECTRICAL CIRCUITS LAB,15,38,2
14545A0205,RT21021,ELECTRICAL CIRCUIT ANALYSIS-II,15,48,3
14545A0205,RT21022,THERMAL AND HYDRO LRIME MOVERS,19,26,3
14545A0205,RT21023,BASIC ELECTRONICS AND DEVICES,19,26,3
14545A0205,RT21024,COMPLEX VARIABLES AND STATISTICAL METHODS,16,8,0
14545A0205,RT21025,ELECTRO MAGNETIC FIELDS,20,28,3
14545A0205,RT21026,ELECTRICAL MACHINES-I,23,25,3
14545A0205,RT21027,THERMAL AND HYDRO LAB,15,38,2
14545A0205,RT21028,ELECTRICAL CIRCUITS LAB,15,42,2
14545A0206,RT21021,ELECTRICAL CIRCUIT ANALYSIS-II,24,61,3
14545A0206,RT21022,THERMAL AND HYDRO LRIME MOVERS,23,47,3
14545A0206,RT21023,BASIC ELECTRONICS AND DEVICES,26,70,3
14545A0206,RT21024,COMPLEX VARIABLES AND STATISTICAL METHODS,24,39,3
14545A0206,RT21025,ELECTRO MAGNETIC FIELDS,23,35,3
14545A0206,RT21026,ELECTRICAL MACHINES-I,27,51,3
14545A0206,RT21027,THERMAL AND HYDRO LAB,25,49,2
14545A0206,RT21028,ELECTRICAL CIRCUITS LAB,24,49,2
14545A0207,RT21021,ELECTRICAL CIRCUIT ANALYSIS-II,15,3,0
14545A0207,RT21022,THERMAL AND HYDRO LRIME MOVERS,17,-1,0
14545A0207,RT21023,BASIC ELECTRONICS AND DEVICES,17,6,0
14545A0207,RT21024,COMPLEX VARIABLES AND STATISTICAL METHODS,17,-1,0
14545A0207,RT21025,ELECTRO MAGNETIC FIELDS,17,15,0
14545A0207,RT21026,ELECTRICAL MACHINES-I,22,13,0
14545A0207,RT21027,THERMAL AND HYDRO LAB,15,39,2
14545A0207,RT21028,ELECTRICAL CIRCUITS LAB,15,36,2
14545A0208,RT21021,ELECTRICAL CIRCUIT ANALYSIS-II,23,36,3
14545A0208,RT21022,THERMAL AND HYDRO LRIME MOVERS,21,31,3
14545A0208,RT21023,BASIC ELECTRONICS AND DEVICES,25,30,3
14545A0208,RT21024,COMPLEX VARIABLES AND STATISTICAL METHODS,17,24,3
14545A0208,RT21025,ELECTRO MAGNETIC FIELDS,20,35,3
14545A0208,RT21026,ELECTRICAL MACHINES-I,22,38,3
14545A0208,RT21027,THERMAL AND HYDRO LAB,23,48,2
14545A0208,RT21028,ELECTRICAL CIRCUITS LAB,21,47,2
14545A0209,RT21021,ELECTRICAL CIRCUIT ANALYSIS-II,18,36,3
14545A0209,RT21022,THERMAL AND HYDRO LRIME MOVERS,21,24,3
14545A0209,RT21023,BASIC ELECTRONICS AND DEVICES,21,40,3
14545A0209,RT21024,COMPLEX VARIABLES AND STATISTICAL METHODS,11,4,0
14545A0209,RT21025,ELECTRO MAGNETIC FIELDS,20,28,3
14545A0209,RT21026,ELECTRICAL MACHINES-I,21,28,3
14545A0209,RT21027,THERMAL AND HYDRO LAB,22,47,2
14545A0209,RT21028,ELECTRICAL CIRCUITS LAB,17,45,2
14545A0210,RT21021,ELECTRICAL CIRCUIT ANALYSIS-II,18,26,3
14545A0210,RT21022,THERMAL AND HYDRO LRIME MOVERS,15,14,0
14545A0210,RT21023,BASIC ELECTRONICS AND DEVICES,20,10,0
14545A0210,RT21024,COMPLEX VARIABLES AND STATISTICAL METHODS,14,5,0
14545A0210,RT21025,ELECTRO MAGNETIC FIELDS,15,1,0
14545A0210,RT21026,ELECTRICAL MACHINES-I,9,20,0
14545A0210,RT21027,THERMAL AND HYDRO LAB,15,46,2
14545A0210,RT21028,ELECTRICAL CIRCUITS LAB,17,45,2
14545A0211,RT21021,ELECTRICAL CIRCUIT ANALYSIS-II,17,26,3
14545A0211,RT21022,THERMAL AND HYDRO LRIME MOVERS,18,13,0
14545A0211,RT21023,BASIC ELECTRONICS AND DEVICES,17,7,0
14545A0211,RT21024,COMPLEX VARIABLES AND STATISTICAL METHODS,15,0,0
14545A0211,RT21025,ELECTRO MAGNETIC FIELDS,22,2,0
14545A0211,RT21026,ELECTRICAL MACHINES-I,21,27,3
14545A0211,RT21027,THERMAL AND HYDRO LAB,15,40,2
14545A0211,RT21028,ELECTRICAL CIRCUITS LAB,15,44,2
14545A0212,RT21021,ELECTRICAL CIRCUIT ANALYSIS-II,20,35,3
14545A0212,RT21022,THERMAL AND HYDRO LRIME MOVERS,14,46,3
14545A0212,RT21023,BASIC ELECTRONICS AND DEVICES,21,27,3
14545A0212,RT21024,COMPLEX VARIABLES AND STATISTICAL METHODS,18,17,0
14545A0212,RT21025,ELECTRO MAGNETIC FIELDS,17,36,3
14545A0212,RT21026,ELECTRICAL MACHINES-I,25,35,3
14545A0212,RT21027,THERMAL AND HYDRO LAB,12,21,2
14545A0212,RT21028,ELECTRICAL CIRCUITS LAB,20,45,2
14545A0213,RT21021,ELECTRICAL CIRCUIT ANALYSIS-II,24,60,3
14545A0213,RT21022,THERMAL AND HYDRO LRIME MOVERS,19,42,3
14545A0213,RT21023,BASIC ELECTRONICS AND DEVICES,24,37,3
14545A0213,RT21024,COMPLEX VARIABLES AND STATISTICAL METHODS,20,28,3
14545A0213,RT21025,ELECTRO MAGNETIC FIELDS,24,34,3
14545A0213,RT21026,ELECTRICAL MACHINES-I,25,41,3
14545A0213,RT21027,THERMAL AND HYDRO LAB,21,46,2
14545A0213,RT21028,ELECTRICAL CIRCUITS LAB,22,48,2
14545A0214,RT21021,ELECTRICAL CIRCUIT ANALYSIS-II,22,66,3
14545A0214,RT21022,THERMAL AND HYDRO LRIME MOVERS,23,44,3
14545A0214,RT21023,BASIC ELECTRONICS AND DEVICES,23,57,3
14545A0214,RT21024,COMPLEX VARIABLES AND STATISTICAL METHODS,25,36,3
14545A0214,RT21025,ELECTRO MAGNETIC FIELDS,22,42,3
14545A0214,RT21026,ELECTRICAL MACHINES-I,26,51,3
14545A0214,RT21027,THERMAL AND HYDRO LAB,24,48,2
14545A0214,RT21028,ELECTRICAL CIRCUITS LAB,23,49,2
14545A0215,RT21021,ELECTRICAL CIRCUIT ANALYSIS-II,15,25,3
14545A0215,RT21022,THERMAL AND HYDRO LRIME MOVERS,14,14,0
14545A0215,RT21023,BASIC ELECTRONICS AND DEVICES,5,6,0
14545A0215,RT21024,COMPLEX VARIABLES AND STATISTICAL METHODS,11,2,0
14545A0215,RT21025,ELECTRO MAGNETIC FIELDS,15,11,0
14545A0215,RT21026,ELECTRICAL MACHINES-I,17,37,3
14545A0215,RT21027,THERMAL AND HYDRO LAB,15,41,2
14545A0215,RT21028,ELECTRICAL CIRCUITS LAB,16,42,2
14545A0216,RT21021,ELECTRICAL CIRCUIT ANALYSIS-II,17,29,3
14545A0216,RT21022,THERMAL AND HYDRO LRIME MOVERS,17,30,3
14545A0216,RT21023,BASIC ELECTRONICS AND DEVICES,16,31,3
14545A0216,RT21024,COMPLEX VARIABLES AND STATISTICAL METHODS,18,16,0
14545A0216,RT21025,ELECTRO MAGNETIC FIELDS,18,36,3
14545A0216,RT21026,ELECTRICAL MACHINES-I,19,39,3
14545A0216,RT21027,THERMAL AND HYDRO LAB,12,42,2
14545A0216,RT21028,ELECTRICAL CIRCUITS LAB,19,44,2
14545A0217,RT21021,ELECTRICAL CIRCUIT ANALYSIS-II,14,0,0
14545A0217,RT21022,THERMAL AND HYDRO LRIME MOVERS,14,26,3
14545A0217,RT21023,BASIC ELECTRONICS AND DEVICES,18,17,0
14545A0217,RT21024,COMPLEX VARIABLES AND STATISTICAL METHODS,17,0,0
14545A0217,RT21025,ELECTRO MAGNETIC FIELDS,18,10,0
14545A0217,RT21026,ELECTRICAL MACHINES-I,21,11,0
14545A0217,RT21027,THERMAL AND HYDRO LAB,15,39,2
14545A0217,RT21028,ELECTRICAL CIRCUITS LAB,15,40,2
14545A0301,RT21011,BASIC ELECTRICAL & ELECTRONICS ENGINEERING,23,30,3
14545A0301,RT21031,METALLURGY & MATERIALS SCIENCE,20,45,3
14545A0301,RT21032,MECHANICS OF SOLIDS,23,43,3
14545A0301,RT21033,THERMODYNAMICS,19,24,3
14545A0301,RT21034,MANAGERIAL ECONOMICS & FINANCIAL ANALYSIS,17,52,3
14545A0301,RT21035,COMPUTER AIDED ENGINEERING DRAWING PRACTICE,29,59,3
14545A0301,RT21036,BASIC ELECTRICAL & ELECTRONICS ENGG. LAB,25,47,2
14545A0301,RT21037,MECHANICS OF SOLIDS & METALLURGY LAB,22,44,2
14545A0302,RT21011,BASIC ELECTRICAL & ELECTRONICS ENGINEERING,24,33,3
14545A0302,RT21031,METALLURGY & MATERIALS SCIENCE,21,27,3
14545A0302,RT21032,MECHANICS OF SOLIDS,20,26,3
14545A0302,RT21033,THERMODYNAMICS,21,24,3
14545A0302,RT21034,MANAGERIAL ECONOMICS & FINANCIAL ANALYSIS,16,41,3
14545A0302,RT21035,COMPUTER AIDED ENGINEERING DRAWING PRACTICE,29,63,3
14545A0302,RT21036,BASIC ELECTRICAL & ELECTRONICS ENGG. LAB,25,45,2
14545A0302,RT21037,MECHANICS OF SOLIDS & METALLURGY LAB,23,43,2
14545A0303,RT21011,BASIC ELECTRICAL & ELECTRONICS ENGINEERING,23,46,3
14545A0303,RT21031,METALLURGY & MATERIALS SCIENCE,21,54,3
14545A0303,RT21032,MECHANICS OF SOLIDS,22,29,3
14545A0303,RT21033,THERMODYNAMICS,18,28,3
14545A0303,RT21034,MANAGERIAL ECONOMICS & FINANCIAL ANALYSIS,15,60,3
14545A0303,RT21035,COMPUTER AIDED ENGINEERING DRAWING PRACTICE,28,65,3
14545A0303,RT21036,BASIC ELECTRICAL & ELECTRONICS ENGG. LAB,25,49,2
14545A0303,RT21037,MECHANICS OF SOLIDS & METALLURGY LAB,25,49,2
14545A0304,RT21011,BASIC ELECTRICAL & ELECTRONICS ENGINEERING,22,28,3
14545A0304,RT21031,METALLURGY & MATERIALS SCIENCE,13,30,3
14545A0304,RT21032,MECHANICS OF SOLIDS,13,7,0
14545A0304,RT21033,THERMODYNAMICS,13,1,0
14545A0304,RT21034,MANAGERIAL ECONOMICS & FINANCIAL ANALYSIS,8,32,3
14545A0304,RT21035,COMPUTER AIDED ENGINEERING DRAWING PRACTICE,24,63,3
14545A0304,RT21036,BASIC ELECTRICAL & ELECTRONICS ENGG. LAB,25,46,2
14545A0304,RT21037,MECHANICS OF SOLIDS & METALLURGY LAB,23,47,2
14545A0305,RT21011,BASIC ELECTRICAL & ELECTRONICS ENGINEERING,22,4,0
14545A0305,RT21031,METALLURGY & MATERIALS SCIENCE,20,40,3
14545A0305,RT21032,MECHANICS OF SOLIDS,15,34,3
14545A0305,RT21033,THERMODYNAMICS,17,24,3
14545A0305,RT21034,MANAGERIAL ECONOMICS & FINANCIAL ANALYSIS,15,47,3
14545A0305,RT21035,COMPUTER AIDED ENGINEERING DRAWING PRACTICE,29,65,3
14545A0305,RT21036,BASIC ELECTRICAL & ELECTRONICS ENGG. LAB,24,47,2
14545A0305,RT21037,MECHANICS OF SOLIDS & METALLURGY LAB,21,46,2
14545A0306,RT21011,BASIC ELECTRICAL & ELECTRONICS ENGINEERING,23,24,3
14545A0306,RT21031,METALLURGY & MATERIALS SCIENCE,20,30,3
14545A0306,RT21032,MECHANICS OF SOLIDS,21,24,3
14545A0306,RT21033,THERMODYNAMICS,18,0,0
14545A0306,RT21034,MANAGERIAL ECONOMICS & FINANCIAL ANALYSIS,19,43,3
14545A0306,RT21035,COMPUTER AIDED ENGINEERING DRAWING PRACTICE,29,63,3
14545A0306,RT21036,BASIC ELECTRICAL & ELECTRONICS ENGG. LAB,24,45,2
14545A0306,RT21037,MECHANICS OF SOLIDS & METALLURGY LAB,22,45,2
14545A0307,RT21011,BASIC ELECTRICAL & ELECTRONICS ENGINEERING,22,28,3
14545A0307,RT21031,METALLURGY & MATERIALS SCIENCE,20,46,3
14545A0307,RT21032,MECHANICS OF SOLIDS,18,17,0
14545A0307,RT21033,THERMODYNAMICS,17,24,3
14545A0307,RT21034,MANAGERIAL ECONOMICS & FINANCIAL ANALYSIS,17,47,3
14545A0307,RT21035,COMPUTER AIDED ENGINEERING DRAWING PRACTICE,29,62,3
14545A0307,RT21036,BASIC ELECTRICAL & ELECTRONICS ENGG. LAB,25,47,2
14545A0307,RT21037,MECHANICS OF SOLIDS & METALLURGY LAB,22,40,2
14545A0308,RT21011,BASIC ELECTRICAL & ELECTRONICS ENGINEERING,24,52,3
14545A0308,RT21031,METALLURGY & MATERIALS SCIENCE,19,49,3
14545A0308,RT21032,MECHANICS OF SOLIDS,23,39,3
14545A0308,RT21033,THERMODYNAMICS,17,49,3
14545A0308,RT21034,MANAGERIAL ECONOMICS & FINANCIAL ANALYSIS,18,45,3
14545A0308,RT21035,COMPUTER AIDED ENGINEERING DRAWING PRACTICE,25,45,3
14545A0308,RT21036,BASIC ELECTRICAL & ELECTRONICS ENGG. LAB,25,47,2
14545A0308,RT21037,MECHANICS OF SOLIDS & METALLURGY LAB,23,44,2
14545A0309,RT21011,BASIC ELECTRICAL & ELECTRONICS ENGINEERING,25,7,0
14545A0309,RT21031,METALLURGY & MATERIALS SCIENCE,22,5,0
14545A0309,RT21032,MECHANICS OF SOLIDS,21,9,0
14545A0309,RT21033,THERMODYNAMICS,18,4,0
14545A0309,RT21034,MANAGERIAL ECONOMICS & FINANCIAL ANALYSIS,16,34,3
14545A0309,RT21035,COMPUTER AIDED ENGINEERING DRAWING PRACTICE,29,67,3
14545A0309,RT21036,BASIC ELECTRICAL & ELECTRONICS ENGG. LAB,24,45,2
14545A0309,RT21037,MECHANICS OF SOLIDS & METALLURGY LAB,20,46,2
14545A0401,RT21034,MANAGERIAL ECONOMICS & FINANCIAL ANALYSIS,17,47,3
14545A0401,RT21041,ELECTRONIC DEVICES AND CIRCUITS,18,27,3
14545A0401,RT21042,DATA STRUCTURES,20,28,3
14545A0401,RT21043,ENVIRONMENTAL STUDIES,18,42,3
14545A0401,RT21044,SIGNALS AND SYSTEMS,20,39,3
14545A0401,RT21045,ELECTRICAL TECHNOLOGY,16,5,0
14545A0401,RT21046,ELECTRONIC DEVICES AND CIRCUITS LAB,21,44,2
14545A0401,RT21047,NETWORKS & ELECTRICAL TECHNOLOGY LAB,20,43,2
14545A0402,RT21034,MANAGERIAL ECONOMICS & FINANCIAL ANALYSIS,18,-1,0
14545A0402,RT21041,ELECTRONIC DEVICES AND CIRCUITS,18,11,0
14545A0402,RT21042,DATA STRUCTURES,17,-1,0
14545A0402,RT21043,ENVIRONMENTAL STUDIES,15,-1,0
14545A0402,RT21044,SIGNALS AND SYSTEMS,17,-1,0
14545A0402,RT21045,ELECTRICAL TECHNOLOGY,18,0,0
14545A0402,RT21046,ELECTRONIC DEVICES AND CIRCUITS LAB,21,42,2
14545A0402,RT21047,NETWORKS & ELECTRICAL TECHNOLOGY LAB,20,41,2
14545A0403,RT21034,MANAGERIAL ECONOMICS & FINANCIAL ANALYSIS,17,-1,0
14545A0403,RT21041,ELECTRONIC DEVICES AND CIRCUITS,19,-1,0
14545A0403,RT21042,DATA STRUCTURES,17,-1,0
14545A0403,RT21043,ENVIRONMENTAL STUDIES,17,-1,0
14545A0403,RT21044,SIGNALS AND SYSTEMS,18,-1,0
14545A0403,RT21045,ELECTRICAL TECHNOLOGY,19,-1,0
14545A0403,RT21046,ELECTRONIC DEVICES AND CIRCUITS LAB,13,-1,0
14545A0403,RT21047,NETWORKS & ELECTRICAL TECHNOLOGY LAB,20,-1,0
14545A0404,RT21034,MANAGERIAL ECONOMICS & FINANCIAL ANALYSIS,17,30,3
14545A0404,RT21041,ELECTRONIC DEVICES AND CIRCUITS,17,24,3
14545A0404,RT21042,DATA STRUCTURES,19,33,3
14545A0404,RT21043,ENVIRONMENTAL STUDIES,19,-1,0
14545A0404,RT21044,SIGNALS AND SYSTEMS,16,19,0
14545A0404,RT21045,ELECTRICAL TECHNOLOGY,18,6,0
14545A0404,RT21046,ELECTRONIC DEVICES AND CIRCUITS LAB,22,44,2
14545A0404,RT21047,NETWORKS & ELECTRICAL TECHNOLOGY LAB,20,41,2
14545A0405,RT21034,MANAGERIAL ECONOMICS & FINANCIAL ANALYSIS,20,53,3
14545A0405,RT21041,ELECTRONIC DEVICES AND CIRCUITS,24,36,3
14545A0405,RT21042,DATA STRUCTURES,23,41,3
14545A0405,RT21043,ENVIRONMENTAL STUDIES,22,47,3
14545A0405,RT21044,SIGNALS AND SYSTEMS,24,43,3
14545A0405,RT21045,ELECTRICAL TECHNOLOGY,24,25,3
14545A0405,RT21046,ELECTRONIC DEVICES AND CIRCUITS LAB,24,50,2
14545A0405,RT21047,NETWORKS & ELECTRICAL TECHNOLOGY LAB,24,46,2
14545A0406,RT21034,MANAGERIAL ECONOMICS & FINANCIAL ANALYSIS,9,20,0
14545A0406,RT21041,ELECTRONIC DEVICES AND CIRCUITS,10,26,0
14545A0406,RT21042,DATA STRUCTURES,12,21,0
14545A0406,RT21043,ENVIRONMENTAL STUDIES,19,16,0
14545A0406,RT21044,SIGNALS AND SYSTEMS,16,2,0
14545A0406,RT21045,ELECTRICAL TECHNOLOGY,17,4,0
14545A0406,RT21046,ELECTRONIC DEVICES AND CIRCUITS LAB,22,43,2
14545A0406,RT21047,NETWORKS & ELECTRICAL TECHNOLOGY LAB,22,41,2
14545A0407,RT21034,MANAGERIAL ECONOMICS & FINANCIAL ANALYSIS,10,15,0
14545A0407,RT21041,ELECTRONIC DEVICES AND CIRCUITS,14,16,0
14545A0407,RT21042,DATA STRUCTURES,19,35,3
14545A0407,RT21043,ENVIRONMENTAL STUDIES,16,25,3
14545A0407,RT21044,SIGNALS AND SYSTEMS,17,1,0
14545A0407,RT21045,ELECTRICAL TECHNOLOGY,18,13,0
14545A0407,RT21046,ELECTRONIC DEVICES AND CIRCUITS LAB,20,43,2
14545A0407,RT21047,NETWORKS & ELECTRICAL TECHNOLOGY LAB,22,42,2
14545A0408,RT21034,MANAGERIAL ECONOMICS & FINANCIAL ANALYSIS,15,51,3
14545A0408,RT21041,ELECTRONIC DEVICES AND CIRCUITS,18,52,3
14545A0408,RT21042,DATA STRUCTURES,23,25,3
14545A0408,RT21043,ENVIRONMENTAL STUDIES,21,31,3
14545A0408,RT21044,SIGNALS AND SYSTEMS,23,25,3
14545A0408,RT21045,ELECTRICAL TECHNOLOGY,22,31,3
14545A0408,RT21046,ELECTRONIC DEVICES AND CIRCUITS LAB,20,45,2
14545A0408,RT21047,NETWORKS & ELECTRICAL TECHNOLOGY LAB,23,43,2
14545A0409,RT21034,MANAGERIAL ECONOMICS & FINANCIAL ANALYSIS,14,44,3
14545A0409,RT21041,ELECTRONIC DEVICES AND CIRCUITS,19,24,3
14545A0409,RT21042,DATA STRUCTURES,20,27,3
14545A0409,RT21043,ENVIRONMENTAL STUDIES,22,43,3
14545A0409,RT21044,SIGNALS AND SYSTEMS,24,29,3
14545A0409,RT21045,ELECTRICAL TECHNOLOGY,20,4,0
14545A0409,RT21046,ELECTRONIC DEVICES AND CIRCUITS LAB,20,42,2
14545A0409,RT21047,NETWORKS & ELECTRICAL TECHNOLOGY LAB,20,39,2
14545A0410,RT21034,MANAGERIAL ECONOMICS & FINANCIAL ANALYSIS,18,-1,0
14545A0410,RT21041,ELECTRONIC DEVICES AND CIRCUITS,8,-1,0
14545A0410,RT21042,DATA STRUCTURES,18,-1,0
14545A0410,RT21043,ENVIRONMENTAL STUDIES,8,-1,0
14545A0410,RT21044,SIGNALS AND SYSTEMS,17,-1,0
14545A0410,RT21045,ELECTRICAL TECHNOLOGY,18,-1,0
14545A0410,RT21046,ELECTRONIC DEVICES AND CIRCUITS LAB,21,44,2
14545A0410,RT21047,NETWORKS & ELECTRICAL TECHNOLOGY LAB,20,39,2
14545A0411,RT21034,MANAGERIAL ECONOMICS & FINANCIAL ANALYSIS,21,51,3
14545A0411,RT21041,ELECTRONIC DEVICES AND CIRCUITS,24,47,3
14545A0411,RT21042,DATA STRUCTURES,23,53,3
14545A0411,RT21043,ENVIRONMENTAL STUDIES,21,40,3
14545A0411,RT21044,SIGNALS AND SYSTEMS,22,30,3
14545A0411,RT21045,ELECTRICAL TECHNOLOGY,25,58,3
14545A0411,RT21046,ELECTRONIC DEVICES AND CIRCUITS LAB,25,50,2
14545A0411,RT21047,NETWORKS & ELECTRICAL TECHNOLOGY LAB,23,43,2
14545A0412,RT21034,MANAGERIAL ECONOMICS & FINANCIAL ANALYSIS,8,50,3
14545A0412,RT21041,ELECTRONIC DEVICES AND CIRCUITS,17,36,3
14545A0412,RT21042,DATA STRUCTURES,15,8,0
14545A0412,RT21043,ENVIRONMENTAL STUDIES,19,26,3
14545A0412,RT21044,SIGNALS AND SYSTEMS,20,8,0
14545A0412,RT21045,ELECTRICAL TECHNOLOGY,16,9,0
14545A0412,RT21046,ELECTRONIC DEVICES AND CIRCUITS LAB,20,44,2
14545A0412,RT21047,NETWORKS & ELECTRICAL TECHNOLOGY LAB,18,40,2
14545A0413,RT21034,MANAGERIAL ECONOMICS & FINANCIAL ANALYSIS,19,47,3
14545A0413,RT21041,ELECTRONIC DEVICES AND CIRCUITS,23,39,3
14545A0413,RT21042,DATA STRUCTURES,22,47,3
14545A0413,RT21043,ENVIRONMENTAL STUDIES,22,40,3
14545A0413,RT21044,SIGNALS AND SYSTEMS,22,36,3
14545A0413,RT21045,ELECTRICAL TECHNOLOGY,25,24,3
14545A0413,RT21046,ELECTRONIC DEVICES AND CIRCUITS LAB,25,49,2
14545A0413,RT21047,NETWORKS & ELECTRICAL TECHNOLOGY LAB,22,45,2
14545A0414,RT21034,MANAGERIAL ECONOMICS & FINANCIAL ANALYSIS,19,39,3
14545A0414,RT21041,ELECTRONIC DEVICES AND CIRCUITS,19,39,3
14545A0414,RT21042,DATA STRUCTURES,20,35,3
14545A0414,RT21043,ENVIRONMENTAL STUDIES,22,31,3
14545A0414,RT21044,SIGNALS AND SYSTEMS,20,4,0
14545A0414,RT21045,ELECTRICAL TECHNOLOGY,19,24,3
14545A0414,RT21046,ELECTRONIC DEVICES AND CIRCUITS LAB,22,43,2
14545A0414,RT21047,NETWORKS & ELECTRICAL TECHNOLOGY LAB,19,41,2
14545A0415,RT21034,MANAGERIAL ECONOMICS & FINANCIAL ANALYSIS,17,15,0
14545A0415,RT21041,ELECTRONIC DEVICES AND CIRCUITS,18,42,3
14545A0415,RT21042,DATA STRUCTURES,17,9,0
14545A0415,RT21043,ENVIRONMENTAL STUDIES,17,15,0
14545A0415,RT21044,SIGNALS AND SYSTEMS,18,6,0
14545A0415,RT21045,ELECTRICAL TECHNOLOGY,17,12,0
14545A0415,RT21046,ELECTRONIC DEVICES AND CIRCUITS LAB,21,42,2
14545A0415,RT21047,NETWORKS & ELECTRICAL TECHNOLOGY LAB,20,42,2
14545A0416,RT21034,MANAGERIAL ECONOMICS & FINANCIAL ANALYSIS,15,-1,0
14545A0416,RT21041,ELECTRONIC DEVICES AND CIRCUITS,17,-1,0
14545A0416,RT21042,DATA STRUCTURES,18,7,0
14545A0416,RT21043,ENVIRONMENTAL STUDIES,17,-1,0
14545A0416,RT21044,SIGNALS AND SYSTEMS,20,-1,0
14545A0416,RT21045,ELECTRICAL TECHNOLOGY,17,-1,0
14545A0416,RT21046,ELECTRONIC DEVICES AND CIRCUITS LAB,21,43,2
14545A0416,RT21047,NETWORKS & ELECTRICAL TECHNOLOGY LAB,20,39,2
14545A0417,RT21034,MANAGERIAL ECONOMICS & FINANCIAL ANALYSIS,16,45,3
14545A0417,RT21041,ELECTRONIC DEVICES AND CIRCUITS,19,29,3
14545A0417,RT21042,DATA STRUCTURES,19,34,3
14545A0417,RT21043,ENVIRONMENTAL STUDIES,21,35,3
14545A0417,RT21044,SIGNALS AND SYSTEMS,19,42,3
14545A0417,RT21045,ELECTRICAL TECHNOLOGY,16,8,0
14545A0417,RT21046,ELECTRONIC DEVICES AND CIRCUITS LAB,22,43,2
14545A0417,RT21047,NETWORKS & ELECTRICAL TECHNOLOGY LAB,20,42,2
14545A0501,RT21034,MANAGERIAL ECONOMICS & FINANCIAL ANALYSIS,18,49,3
14545A0501,RT21042,DATA STRUCTURES,18,27,3
14545A0501,RT21051,OBJECT ORIENTED PROGRAMMING THROUGH C++,17,24,3
14545A0501,RT21052,MATHEMATICAL FOUNDATIONS OF COMLUTER SCIENCE,20,4,0
14545A0501,RT21053,DIGITAL LOGIC DESIGN,16,2,0
14545A0501,RT21054,OBJECT ORIENTED PROGRAMMING LAB,20,45,2
14545A0501,RT21055,DATA STRUCTURES LAB,22,45,2
14545A0501,RT21056,DIGITAL LOGIC DESIGN LAB,21,45,2
14545A0501,RT21057,SEMINAR,45,0,1
14545A0502,RT21034,MANAGERIAL ECONOMICS & FINANCIAL ANALYSIS,15,45,3
14545A0502,RT21042,DATA STRUCTURES,24,38,3
14545A0502,RT21051,OBJECT ORIENTED PROGRAMMING THROUGH C++,20,14,0
14545A0502,RT21052,MATHEMATICAL FOUNDATIONS OF COMLUTER SCIENCE,19,25,3
14545A0502,RT21053,DIGITAL LOGIC DESIGN,18,49,3
14545A0502,RT21054,OBJECT ORIENTED PROGRAMMING LAB,21,48,2
14545A0502,RT21055,DATA STRUCTURES LAB,25,49,2
14545A0502,RT21056,DIGITAL LOGIC DESIGN LAB,24,49,2
14545A0502,RT21057,SEMINAR,48,0,1
