06U91A0460,V3218,DIGITAL SIGNAL PROCESSING,11,41,4
06U91A0460,V3221,MICRO PROCESSORS AND INTERFACING,2,-1,0
08541A0218,V3207,MICRO PROCESSORS AND MICRO CONTROLLERS,11,34,4
08541A0218,V3209,INSTRUMENTATION,11,36,4
08541A0218,V3218,DIGITAL SIGNAL PROCESSING,14,37,4
08541A0218,V3219,VLSI DESIGN,11,37,4
08541A0234,V3207,MICRO PROCESSORS AND MICRO CONTROLLERS,5,45,4
08541A0234,V3219,VLSI DESIGN,12,42,4
09541A0253,V3209,INSTRUMENTATION,5,-1,0
09541A0542,V3224,COMPUTER NETWORKS,11,34,4
10541A0208,R32024,MICROPROCESSORS AND MICROCONTROLLER,13,-1,0
10541A0214,R32021,ELECTRICAL MACHINE DESIGN,10,28,0
10541A0214,R32024,MICROPROCESSORS AND MICROCONTROLLER,13,-1,0
10541A0214,R32025,POWER  SEMICONDUCTOR  DRIVES,13,7,0
10541A0228,R32023,UTILIZATION OF ELECTRICAL  ENERGY,18,35,4
10541A0244,R32021,ELECTRICAL MACHINE DESIGN,3,40,4
10541A0244,R32024,MICROPROCESSORS AND MICROCONTROLLER,13,31,4
10541A0485,R32043,DIGITAL SIGNAL PROCESSING,14,7,0
10541A0485,R32044,MICROPROCESSORS AND MICROCONTROLLERSS,11,31,4
10541A1228,R32051,ADVANCED COMPUTER NETWORKS,15,30,4
10541A1228,R32122,ADVANCED  JAVA PROGRAMMING,15,32,4
11481A05D3,R32053,DESIGN AND ANALYSIS OF ALGORITHMS,9,-1,0
11481A05D3,R32054,UNIX PROGRAMMING,14,11,0
11481A05D3,R32055,ADVANCED JAVA AND WEB TECHNOLOGIES,12,6,0
11541A0212,R32023,UTILIZATION OF ELECTRICAL  ENERGY,14,20,0
11541A0212,R32024,MICROPROCESSORS AND MICROCONTROLLER,8,9,0
11541A0311,R32033,HEAT TRANSFER,19,7,0
11541A0321,R32031,METROLOGY,5,17,0
11541A0321,R32033,HEAT TRANSFER,17,2,0
11541A0321,R32035,DESIGN OF MACHINE MEMBERS_II,13,6,0
11541A0349,R32032,ROBOTICS,18,-1,0
11541A0377,RT32031,OPERATIONS RESEARCH,17,27,3
11541A0377,RT32032,INTERACTIVE COMPUTER GRAPHICS,16,16,0
11541A0377,RT32033,DESIGN OF MACHINE MEMBERS  II,16,3,0
11541A0377,RT32034,ROBOTICS,16,50,3
11541A0377,RT32035,HEAT TRANSFER,12,14,0
11541A0377,RT32036,INDUSTRIAL ENGINEERING MANAGEMENT,8,40,3
11541A0377,RT32037A,REFRIGERATION & AIR CONDITIONING,11,29,3
11541A0377,RT32038,HEAT TRANSFER LAB,22,45,2
11541A0417,R32043,DIGITAL SIGNAL PROCESSING,21,31,4
11541A0417,R32044,MICROPROCESSORS AND MICROCONTROLLERSS,15,14,0
11541A0438,R32026,MANAGEMENT SCIENCE,20,33,4
11541A0438,R32043,DIGITAL SIGNAL PROCESSING,16,14,0
11541A0476,R32043,DIGITAL SIGNAL PROCESSING,21,12,0
11541A0518,R32026,MANAGEMENT SCIENCE,14,-1,0
11541A0518,R32051,ADVANCED COMPUTER NETWORKS,17,16,0
11541A0518,R32052,COMPUTER ARCHITECTURE,8,32,4
12541A0201,R32021,ELECTRICAL MACHINE DESIGN,22,39,4
12541A0205,R32026,MANAGEMENT SCIENCE,15,27,4
12541A0306,RT32031,OPERATIONS RESEARCH,18,24,3
12541A0306,RT32032,INTERACTIVE COMPUTER GRAPHICS,22,30,3
12541A0306,RT32033,DESIGN OF MACHINE MEMBERS  II,17,30,3
12541A0306,RT32034,ROBOTICS,19,32,3
12541A0306,RT32035,HEAT TRANSFER,17,24,3
12541A0306,RT32036,INDUSTRIAL ENGINEERING MANAGEMENT,21,30,3
12541A0306,RT32037A,REFRIGERATION & AIR CONDITIONING,19,28,3
12541A0306,RT32038,HEAT TRANSFER LAB,22,44,2
12541A0317,R32032,ROBOTICS,21,26,4
12541A0317,R32035,DESIGN OF MACHINE MEMBERS_II,19,29,4
12541A0318,R32033,HEAT TRANSFER,18,4,0
12541A0318,R32035,DESIGN OF MACHINE MEMBERS_II,20,15,0
12541A0406,RT32041,MICROPROCESSORS AND MICROCONTROLLERS,24,13,0
12541A0406,RT32042,DIGITAL SIGNAL PROCESSING,23,31,3
12541A0406,RT32043,DIGITAL COMMUNICATIONS,23,38,3
12541A0406,RT32044,MICROWAVE ENGINEERING,14,45,3
12541A0406,RT32045A,BIO MEDICAL ENGINEERING,19,40,3
12541A0406,RT32046,MICROPROCESSORS AND MICROCONTROLLERS LAB,23,50,2
12541A0406,RT32047,DIGITAL COMMUNICATIONS LAB,25,50,2
12541A0406,RT32048,DIGITAL SIGNAL PROCESSING LAB,25,50,2
12541A0406,RT32049,SEMINAR,50,0,1
12541A0408,R32026,MANAGEMENT SCIENCE,15,30,4
12541A0410,R32026,MANAGEMENT SCIENCE,15,36,4
12541A0410,R32042,MICROWAVE ENGINEERING,8,40,4
12541A0410,R32043,DIGITAL SIGNAL PROCESSING,16,13,0
12541A0416,R32026,MANAGEMENT SCIENCE,16,32,4
12541A0417,R32041,COMPUTER NETWORKS,18,17,0
12541A0417,R32042,MICROWAVE ENGINEERING,17,36,4
12541A0417,R32043,DIGITAL SIGNAL PROCESSING,12,1,0
12541A0425,R32042,MICROWAVE ENGINEERING,23,42,4
12541A0429,R32042,MICROWAVE ENGINEERING,9,34,4
12541A0429,R32043,DIGITAL SIGNAL PROCESSING,17,17,0
12541A0429,R32044,MICROPROCESSORS AND MICROCONTROLLERSS,21,14,0
12541A0442,R32044,MICROPROCESSORS AND MICROCONTROLLERSS,21,4,0
12545A0408,R32043,DIGITAL SIGNAL PROCESSING,13,-1,0
12545A0408,R32045,VLSI DESIGN,11,-1,0
13541A0201,RT32021,MICROPROCESSORS & MICROCONTROLLERS,25,24,3
13541A0201,RT32022,SWITCHGEAR AND PROTECTION,20,47,3
13541A0201,RT32023,UTILIZATION OF ELECTRICAL ENERGY,22,48,3
13541A0201,RT32024,POWER SYSTEM ANALYSIS,24,42,3
13541A0201,RT32025,MANAGEMENT SCIENCE,24,34,3
13541A0201,RT32026,POWER SEMICONDUCTOR DRIVES,23,46,3
13541A0201,RT32027,POWER ELECTRONICS LAB,25,49,2
13541A0201,RT32028,ELECTRICAL MEASUREMENTS LAB,25,48,2
13541A0202,RT32021,MICROPROCESSORS & MICROCONTROLLERS,24,13,0
13541A0202,RT32022,SWITCHGEAR AND PROTECTION,24,39,3
13541A0202,RT32023,UTILIZATION OF ELECTRICAL ENERGY,24,28,3
13541A0202,RT32024,POWER SYSTEM ANALYSIS,23,57,3
13541A0202,RT32025,MANAGEMENT SCIENCE,24,44,3
13541A0202,RT32026,POWER SEMICONDUCTOR DRIVES,25,30,3
13541A0202,RT32027,POWER ELECTRONICS LAB,25,49,2
13541A0202,RT32028,ELECTRICAL MEASUREMENTS LAB,25,49,2
13541A0203,RT32021,MICROPROCESSORS & MICROCONTROLLERS,24,38,3
13541A0203,RT32022,SWITCHGEAR AND PROTECTION,26,37,3
13541A0203,RT32023,UTILIZATION OF ELECTRICAL ENERGY,23,57,3
13541A0203,RT32024,POWER SYSTEM ANALYSIS,24,48,3
13541A0203,RT32025,MANAGEMENT SCIENCE,24,52,3
13541A0203,RT32026,POWER SEMICONDUCTOR DRIVES,23,45,3
13541A0203,RT32027,POWER ELECTRONICS LAB,25,48,2
13541A0203,RT32028,ELECTRICAL MEASUREMENTS LAB,25,48,2
13541A0205,RT32021,MICROPROCESSORS & MICROCONTROLLERS,25,47,3
13541A0205,RT32022,SWITCHGEAR AND PROTECTION,17,33,3
13541A0205,RT32023,UTILIZATION OF ELECTRICAL ENERGY,22,30,3
13541A0205,RT32024,POWER SYSTEM ANALYSIS,23,34,3
13541A0205,RT32025,MANAGEMENT SCIENCE,22,42,3
13541A0205,RT32026,POWER SEMICONDUCTOR DRIVES,23,16,0
13541A0205,RT32027,POWER ELECTRONICS LAB,25,49,2
13541A0205,RT32028,ELECTRICAL MEASUREMENTS LAB,25,49,2
13541A0206,RT32021,MICROPROCESSORS & MICROCONTROLLERS,22,31,3
13541A0206,RT32022,SWITCHGEAR AND PROTECTION,23,57,3
13541A0206,RT32023,UTILIZATION OF ELECTRICAL ENERGY,25,58,3
13541A0206,RT32024,POWER SYSTEM ANALYSIS,23,62,3
13541A0206,RT32025,MANAGEMENT SCIENCE,23,48,3
13541A0206,RT32026,POWER SEMICONDUCTOR DRIVES,23,68,3
13541A0206,RT32027,POWER ELECTRONICS LAB,25,49,2
13541A0206,RT32028,ELECTRICAL MEASUREMENTS LAB,25,50,2
13541A0301,RT32031,OPERATIONS RESEARCH,21,15,0
13541A0301,RT32032,INTERACTIVE COMPUTER GRAPHICS,20,31,3
13541A0301,RT32033,DESIGN OF MACHINE MEMBERS  II,19,13,0
13541A0301,RT32034,ROBOTICS,19,42,3
13541A0301,RT32035,HEAT TRANSFER,23,24,3
13541A0301,RT32036,INDUSTRIAL ENGINEERING MANAGEMENT,20,24,3
13541A0301,RT32037A,REFRIGERATION & AIR CONDITIONING,19,29,3
13541A0301,RT32038,HEAT TRANSFER LAB,23,46,2
13541A0302,RT32031,OPERATIONS RESEARCH,27,39,3
13541A0302,RT32032,INTERACTIVE COMPUTER GRAPHICS,25,56,3
13541A0302,RT32033,DESIGN OF MACHINE MEMBERS  II,25,60,3
13541A0302,RT32034,ROBOTICS,24,47,3
13541A0302,RT32035,HEAT TRANSFER,24,53,3
13541A0302,RT32036,INDUSTRIAL ENGINEERING MANAGEMENT,26,64,3
13541A0302,RT32037A,REFRIGERATION & AIR CONDITIONING,26,38,3
13541A0302,RT32038,HEAT TRANSFER LAB,25,49,2
13541A0303,RT32031,OPERATIONS RESEARCH,21,40,3
13541A0303,RT32032,INTERACTIVE COMPUTER GRAPHICS,23,44,3
13541A0303,RT32033,DESIGN OF MACHINE MEMBERS  II,22,41,3
13541A0303,RT32034,ROBOTICS,23,58,3
13541A0303,RT32035,HEAT TRANSFER,25,26,3
13541A0303,RT32036,INDUSTRIAL ENGINEERING MANAGEMENT,18,45,3
13541A0303,RT32037A,REFRIGERATION & AIR CONDITIONING,23,39,3
13541A0303,RT32038,HEAT TRANSFER LAB,24,47,2
13541A0304,RT32031,OPERATIONS RESEARCH,16,32,3
13541A0304,RT32032,INTERACTIVE COMPUTER GRAPHICS,22,31,3
13541A0304,RT32033,DESIGN OF MACHINE MEMBERS  II,20,36,3
13541A0304,RT32034,ROBOTICS,17,30,3
13541A0304,RT32035,HEAT TRANSFER,21,12,0
13541A0304,RT32036,INDUSTRIAL ENGINEERING MANAGEMENT,21,40,3
13541A0304,RT32037A,REFRIGERATION & AIR CONDITIONING,20,37,3
13541A0304,RT32038,HEAT TRANSFER LAB,23,43,2
13541A0305,RT32031,OPERATIONS RESEARCH,19,29,3
13541A0305,RT32032,INTERACTIVE COMPUTER GRAPHICS,21,44,3
13541A0305,RT32033,DESIGN OF MACHINE MEMBERS  II,17,25,3
13541A0305,RT32034,ROBOTICS,16,44,3
13541A0305,RT32035,HEAT TRANSFER,21,32,3
13541A0305,RT32036,INDUSTRIAL ENGINEERING MANAGEMENT,19,27,3
13541A0305,RT32037A,REFRIGERATION & AIR CONDITIONING,17,32,3
13541A0305,RT32038,HEAT TRANSFER LAB,23,45,2
13541A0306,RT32031,OPERATIONS RESEARCH,16,25,3
13541A0306,RT32032,INTERACTIVE COMPUTER GRAPHICS,22,15,0
13541A0306,RT32033,DESIGN OF MACHINE MEMBERS  II,13,10,0
13541A0306,RT32034,ROBOTICS,13,35,3
13541A0306,RT32035,HEAT TRANSFER,18,9,0
13541A0306,RT32036,INDUSTRIAL ENGINEERING MANAGEMENT,15,37,3
13541A0306,RT32037A,REFRIGERATION & AIR CONDITIONING,17,24,3
13541A0306,RT32038,HEAT TRANSFER LAB,22,45,2
13541A0307,RT32031,OPERATIONS RESEARCH,20,28,3
13541A0307,RT32032,INTERACTIVE COMPUTER GRAPHICS,22,11,0
13541A0307,RT32033,DESIGN OF MACHINE MEMBERS  II,19,24,3
13541A0307,RT32034,ROBOTICS,19,31,3
13541A0307,RT32035,HEAT TRANSFER,21,24,3
13541A0307,RT32036,INDUSTRIAL ENGINEERING MANAGEMENT,20,41,3
13541A0307,RT32037A,REFRIGERATION & AIR CONDITIONING,20,28,3
13541A0307,RT32038,HEAT TRANSFER LAB,22,44,2
13541A0308,RT32031,OPERATIONS RESEARCH,19,24,3
13541A0308,RT32032,INTERACTIVE COMPUTER GRAPHICS,18,24,3
13541A0308,RT32033,DESIGN OF MACHINE MEMBERS  II,20,24,3
13541A0308,RT32034,ROBOTICS,16,26,3
13541A0308,RT32035,HEAT TRANSFER,20,13,0
13541A0308,RT32036,INDUSTRIAL ENGINEERING MANAGEMENT,20,32,3
13541A0308,RT32037A,REFRIGERATION & AIR CONDITIONING,20,6,0
13541A0308,RT32038,HEAT TRANSFER LAB,23,46,2
13541A0309,RT32031,OPERATIONS RESEARCH,22,29,3
13541A0309,RT32032,INTERACTIVE COMPUTER GRAPHICS,17,37,3
13541A0309,RT32033,DESIGN OF MACHINE MEMBERS  II,16,43,3
13541A0309,RT32034,ROBOTICS,20,44,3
13541A0309,RT32035,HEAT TRANSFER,20,33,3
13541A0309,RT32036,INDUSTRIAL ENGINEERING MANAGEMENT,18,32,3
13541A0309,RT32037A,REFRIGERATION & AIR CONDITIONING,21,36,3
13541A0309,RT32038,HEAT TRANSFER LAB,23,44,2
13541A0310,RT32031,OPERATIONS RESEARCH,18,10,0
13541A0310,RT32032,INTERACTIVE COMPUTER GRAPHICS,16,24,3
13541A0310,RT32033,DESIGN OF MACHINE MEMBERS  II,17,0,0
13541A0310,RT32034,ROBOTICS,19,29,3
13541A0310,RT32035,HEAT TRANSFER,18,2,0
13541A0310,RT32036,INDUSTRIAL ENGINEERING MANAGEMENT,19,39,3
13541A0310,RT32037A,REFRIGERATION & AIR CONDITIONING,18,24,3
13541A0310,RT32038,HEAT TRANSFER LAB,22,44,2
13541A0311,RT32031,OPERATIONS RESEARCH,19,24,3
13541A0311,RT32032,INTERACTIVE COMPUTER GRAPHICS,22,24,3
13541A0311,RT32033,DESIGN OF MACHINE MEMBERS  II,16,16,0
13541A0311,RT32034,ROBOTICS,17,16,0
13541A0311,RT32035,HEAT TRANSFER,18,25,3
13541A0311,RT32036,INDUSTRIAL ENGINEERING MANAGEMENT,17,39,3
13541A0311,RT32037A,REFRIGERATION & AIR CONDITIONING,18,24,3
13541A0311,RT32038,HEAT TRANSFER LAB,21,46,2
13541A0312,RT32031,OPERATIONS RESEARCH,16,27,3
13541A0312,RT32032,INTERACTIVE COMPUTER GRAPHICS,18,33,3
13541A0312,RT32033,DESIGN OF MACHINE MEMBERS  II,18,42,3
13541A0312,RT32034,ROBOTICS,17,33,3
13541A0312,RT32035,HEAT TRANSFER,20,11,0
13541A0312,RT32036,INDUSTRIAL ENGINEERING MANAGEMENT,21,40,3
13541A0312,RT32037A,REFRIGERATION & AIR CONDITIONING,21,15,0
13541A0312,RT32038,HEAT TRANSFER LAB,23,47,2
13541A0313,RT32031,OPERATIONS RESEARCH,20,32,3
13541A0313,RT32032,INTERACTIVE COMPUTER GRAPHICS,22,36,3
13541A0313,RT32033,DESIGN OF MACHINE MEMBERS  II,17,44,3
13541A0313,RT32034,ROBOTICS,20,31,3
13541A0313,RT32035,HEAT TRANSFER,23,53,3
13541A0313,RT32036,INDUSTRIAL ENGINEERING MANAGEMENT,18,29,3
13541A0313,RT32037A,REFRIGERATION & AIR CONDITIONING,24,32,3
13541A0313,RT32038,HEAT TRANSFER LAB,24,45,2
13541A0314,RT32031,OPERATIONS RESEARCH,23,39,3
13541A0314,RT32032,INTERACTIVE COMPUTER GRAPHICS,24,28,3
13541A0314,RT32033,DESIGN OF MACHINE MEMBERS  II,17,47,3
13541A0314,RT32034,ROBOTICS,22,44,3
13541A0314,RT32035,HEAT TRANSFER,23,39,3
13541A0314,RT32036,INDUSTRIAL ENGINEERING MANAGEMENT,22,39,3
13541A0314,RT32037A,REFRIGERATION & AIR CONDITIONING,21,24,3
13541A0314,RT32038,HEAT TRANSFER LAB,23,46,2
13541A0315,RT32031,OPERATIONS RESEARCH,18,9,0
13541A0315,RT32032,INTERACTIVE COMPUTER GRAPHICS,18,26,3
13541A0315,RT32033,DESIGN OF MACHINE MEMBERS  II,18,12,0
13541A0315,RT32034,ROBOTICS,18,35,3
13541A0315,RT32035,HEAT TRANSFER,18,24,3
13541A0315,RT32036,INDUSTRIAL ENGINEERING MANAGEMENT,18,40,3
13541A0315,RT32037A,REFRIGERATION & AIR CONDITIONING,21,25,3
13541A0315,RT32038,HEAT TRANSFER LAB,22,47,2
13541A0316,RT32031,OPERATIONS RESEARCH,22,44,3
13541A0316,RT32032,INTERACTIVE COMPUTER GRAPHICS,24,40,3
13541A0316,RT32033,DESIGN OF MACHINE MEMBERS  II,20,35,3
13541A0316,RT32034,ROBOTICS,17,53,3
13541A0316,RT32035,HEAT TRANSFER,22,24,3
13541A0316,RT32036,INDUSTRIAL ENGINEERING MANAGEMENT,19,34,3
13541A0316,RT32037A,REFRIGERATION & AIR CONDITIONING,24,39,3
13541A0316,RT32038,HEAT TRANSFER LAB,25,48,2
13541A0317,RT32031,OPERATIONS RESEARCH,19,28,3
13541A0317,RT32032,INTERACTIVE COMPUTER GRAPHICS,17,34,3
13541A0317,RT32033,DESIGN OF MACHINE MEMBERS  II,17,46,3
13541A0317,RT32034,ROBOTICS,18,37,3
13541A0317,RT32035,HEAT TRANSFER,19,24,3
13541A0317,RT32036,INDUSTRIAL ENGINEERING MANAGEMENT,16,28,3
13541A0317,RT32037A,REFRIGERATION & AIR CONDITIONING,18,26,3
13541A0317,RT32038,HEAT TRANSFER LAB,21,45,2
13541A0318,RT32031,OPERATIONS RESEARCH,24,40,3
13541A0318,RT32032,INTERACTIVE COMPUTER GRAPHICS,21,30,3
13541A0318,RT32033,DESIGN OF MACHINE MEMBERS  II,17,24,3
13541A0318,RT32034,ROBOTICS,23,34,3
13541A0318,RT32035,HEAT TRANSFER,21,38,3
13541A0318,RT32036,INDUSTRIAL ENGINEERING MANAGEMENT,22,42,3
13541A0318,RT32037A,REFRIGERATION & AIR CONDITIONING,19,33,3
13541A0318,RT32038,HEAT TRANSFER LAB,22,46,2
13541A0319,RT32031,OPERATIONS RESEARCH,20,29,3
13541A0319,RT32032,INTERACTIVE COMPUTER GRAPHICS,16,24,3
13541A0319,RT32033,DESIGN OF MACHINE MEMBERS  II,16,29,3
13541A0319,RT32034,ROBOTICS,16,39,3
13541A0319,RT32035,HEAT TRANSFER,18,24,3
13541A0319,RT32036,INDUSTRIAL ENGINEERING MANAGEMENT,20,38,3
13541A0319,RT32037A,REFRIGERATION & AIR CONDITIONING,18,29,3
13541A0319,RT32038,HEAT TRANSFER LAB,23,46,2
13541A0320,RT32031,OPERATIONS RESEARCH,19,24,3
13541A0320,RT32032,INTERACTIVE COMPUTER GRAPHICS,21,29,3
13541A0320,RT32033,DESIGN OF MACHINE MEMBERS  II,19,38,3
13541A0320,RT32034,ROBOTICS,21,30,3
13541A0320,RT32035,HEAT TRANSFER,23,11,0
13541A0320,RT32036,INDUSTRIAL ENGINEERING MANAGEMENT,19,29,3
13541A0320,RT32037A,REFRIGERATION & AIR CONDITIONING,21,24,3
13541A0320,RT32038,HEAT TRANSFER LAB,22,48,2
13541A0321,RT32031,OPERATIONS RESEARCH,19,24,3
13541A0321,RT32032,INTERACTIVE COMPUTER GRAPHICS,21,34,3
13541A0321,RT32033,DESIGN OF MACHINE MEMBERS  II,18,24,3
13541A0321,RT32034,ROBOTICS,19,39,3
13541A0321,RT32035,HEAT TRANSFER,24,28,3
13541A0321,RT32036,INDUSTRIAL ENGINEERING MANAGEMENT,20,32,3
13541A0321,RT32037A,REFRIGERATION & AIR CONDITIONING,23,38,3
13541A0321,RT32038,HEAT TRANSFER LAB,22,47,2
13541A0322,RT32031,OPERATIONS RESEARCH,21,30,3
13541A0322,RT32032,INTERACTIVE COMPUTER GRAPHICS,19,28,3
13541A0322,RT32033,DESIGN OF MACHINE MEMBERS  II,21,12,0
13541A0322,RT32034,ROBOTICS,19,29,3
13541A0322,RT32035,HEAT TRANSFER,23,26,3
13541A0322,RT32036,INDUSTRIAL ENGINEERING MANAGEMENT,20,36,3
13541A0322,RT32037A,REFRIGERATION & AIR CONDITIONING,21,14,0
13541A0322,RT32038,HEAT TRANSFER LAB,23,46,2
13541A0323,RT32031,OPERATIONS RESEARCH,22,49,3
13541A0323,RT32032,INTERACTIVE COMPUTER GRAPHICS,21,41,3
13541A0323,RT32033,DESIGN OF MACHINE MEMBERS  II,21,35,3
13541A0323,RT32034,ROBOTICS,18,63,3
13541A0323,RT32035,HEAT TRANSFER,23,26,3
13541A0323,RT32036,INDUSTRIAL ENGINEERING MANAGEMENT,20,42,3
13541A0323,RT32037A,REFRIGERATION & AIR CONDITIONING,18,51,3
13541A0323,RT32038,HEAT TRANSFER LAB,23,45,2
13541A0324,RT32031,OPERATIONS RESEARCH,20,29,3
13541A0324,RT32032,INTERACTIVE COMPUTER GRAPHICS,19,31,3
13541A0324,RT32033,DESIGN OF MACHINE MEMBERS  II,22,15,0
13541A0324,RT32034,ROBOTICS,16,29,3
13541A0324,RT32035,HEAT TRANSFER,21,30,3
13541A0324,RT32036,INDUSTRIAL ENGINEERING MANAGEMENT,21,31,3
13541A0324,RT32037A,REFRIGERATION & AIR CONDITIONING,22,25,3
13541A0324,RT32038,HEAT TRANSFER LAB,24,47,2
13541A0326,RT32031,OPERATIONS RESEARCH,19,8,0
13541A0326,RT32032,INTERACTIVE COMPUTER GRAPHICS,18,36,3
13541A0326,RT32033,DESIGN OF MACHINE MEMBERS  II,15,30,3
13541A0326,RT32034,ROBOTICS,14,43,3
13541A0326,RT32035,HEAT TRANSFER,21,24,3
13541A0326,RT32036,INDUSTRIAL ENGINEERING MANAGEMENT,15,28,3
13541A0326,RT32037A,REFRIGERATION & AIR CONDITIONING,16,32,3
13541A0326,RT32038,HEAT TRANSFER LAB,21,44,2
13541A0327,RT32031,OPERATIONS RESEARCH,21,24,3
13541A0327,RT32032,INTERACTIVE COMPUTER GRAPHICS,23,24,3
13541A0327,RT32033,DESIGN OF MACHINE MEMBERS  II,17,24,3
13541A0327,RT32034,ROBOTICS,18,29,3
13541A0327,RT32035,HEAT TRANSFER,19,34,3
13541A0327,RT32036,INDUSTRIAL ENGINEERING MANAGEMENT,18,38,3
13541A0327,RT32037A,REFRIGERATION & AIR CONDITIONING,17,30,3
13541A0327,RT32038,HEAT TRANSFER LAB,21,45,2
13541A0328,RT32031,OPERATIONS RESEARCH,24,40,3
13541A0328,RT32032,INTERACTIVE COMPUTER GRAPHICS,24,34,3
13541A0328,RT32033,DESIGN OF MACHINE MEMBERS  II,20,30,3
13541A0328,RT32034,ROBOTICS,21,37,3
13541A0328,RT32035,HEAT TRANSFER,23,28,3
13541A0328,RT32036,INDUSTRIAL ENGINEERING MANAGEMENT,21,34,3
13541A0328,RT32037A,REFRIGERATION & AIR CONDITIONING,21,55,3
13541A0328,RT32038,HEAT TRANSFER LAB,24,47,2
13541A0329,RT32031,OPERATIONS RESEARCH,19,24,3
13541A0329,RT32032,INTERACTIVE COMPUTER GRAPHICS,16,38,3
13541A0329,RT32033,DESIGN OF MACHINE MEMBERS  II,17,4,0
13541A0329,RT32034,ROBOTICS,14,15,0
13541A0329,RT32035,HEAT TRANSFER,23,2,0
13541A0329,RT32036,INDUSTRIAL ENGINEERING MANAGEMENT,17,28,3
13541A0329,RT32037A,REFRIGERATION & AIR CONDITIONING,18,7,0
13541A0329,RT32038,HEAT TRANSFER LAB,22,44,2
13541A0330,RT32031,OPERATIONS RESEARCH,22,29,3
13541A0330,RT32032,INTERACTIVE COMPUTER GRAPHICS,20,38,3
13541A0330,RT32033,DESIGN OF MACHINE MEMBERS  II,17,30,3
13541A0330,RT32034,ROBOTICS,22,43,3
13541A0330,RT32035,HEAT TRANSFER,24,13,0
13541A0330,RT32036,INDUSTRIAL ENGINEERING MANAGEMENT,19,34,3
13541A0330,RT32037A,REFRIGERATION & AIR CONDITIONING,21,30,3
13541A0330,RT32038,HEAT TRANSFER LAB,23,45,2
13541A0331,RT32031,OPERATIONS RESEARCH,22,28,3
13541A0331,RT32032,INTERACTIVE COMPUTER GRAPHICS,22,42,3
13541A0331,RT32033,DESIGN OF MACHINE MEMBERS  II,18,46,3
13541A0331,RT32034,ROBOTICS,19,36,3
13541A0331,RT32035,HEAT TRANSFER,19,53,3
13541A0331,RT32036,INDUSTRIAL ENGINEERING MANAGEMENT,17,37,3
13541A0331,RT32037A,REFRIGERATION & AIR CONDITIONING,15,30,3
13541A0331,RT32038,HEAT TRANSFER LAB,23,47,2
13541A0332,RT32031,OPERATIONS RESEARCH,16,24,3
13541A0332,RT32032,INTERACTIVE COMPUTER GRAPHICS,17,25,3
13541A0332,RT32033,DESIGN OF MACHINE MEMBERS  II,13,27,3
13541A0332,RT32034,ROBOTICS,17,43,3
13541A0332,RT32035,HEAT TRANSFER,21,20,0
13541A0332,RT32036,INDUSTRIAL ENGINEERING MANAGEMENT,13,27,3
13541A0332,RT32037A,REFRIGERATION & AIR CONDITIONING,14,27,3
13541A0332,RT32038,HEAT TRANSFER LAB,22,46,2
13541A0333,RT32031,OPERATIONS RESEARCH,16,27,3
13541A0333,RT32032,INTERACTIVE COMPUTER GRAPHICS,16,27,3
13541A0333,RT32033,DESIGN OF MACHINE MEMBERS  II,17,6,0
13541A0333,RT32034,ROBOTICS,17,24,3
13541A0333,RT32035,HEAT TRANSFER,21,4,0
13541A0333,RT32036,INDUSTRIAL ENGINEERING MANAGEMENT,18,31,3
13541A0333,RT32037A,REFRIGERATION & AIR CONDITIONING,16,31,3
13541A0333,RT32038,HEAT TRANSFER LAB,22,45,2
13541A0334,RT32031,OPERATIONS RESEARCH,17,1,0
13541A0334,RT32032,INTERACTIVE COMPUTER GRAPHICS,16,13,0
13541A0334,RT32033,DESIGN OF MACHINE MEMBERS  II,17,24,3
13541A0334,RT32034,ROBOTICS,20,7,0
13541A0334,RT32035,HEAT TRANSFER,21,32,3
13541A0334,RT32036,INDUSTRIAL ENGINEERING MANAGEMENT,17,26,3
13541A0334,RT32037A,REFRIGERATION & AIR CONDITIONING,19,32,3
13541A0334,RT32038,HEAT TRANSFER LAB,22,46,2
13541A0335,RT32031,OPERATIONS RESEARCH,20,18,0
13541A0335,RT32032,INTERACTIVE COMPUTER GRAPHICS,19,27,3
13541A0335,RT32033,DESIGN OF MACHINE MEMBERS  II,20,24,3
13541A0335,RT32034,ROBOTICS,16,26,3
13541A0335,RT32035,HEAT TRANSFER,22,-3,0
13541A0335,RT32036,INDUSTRIAL ENGINEERING MANAGEMENT,22,36,3
13541A0335,RT32037A,REFRIGERATION & AIR CONDITIONING,23,32,3
13541A0335,RT32038,HEAT TRANSFER LAB,24,47,2
13541A0337,RT32031,OPERATIONS RESEARCH,21,47,3
13541A0337,RT32032,INTERACTIVE COMPUTER GRAPHICS,25,52,3
13541A0337,RT32033,DESIGN OF MACHINE MEMBERS  II,14,29,3
13541A0337,RT32034,ROBOTICS,16,63,3
13541A0337,RT32035,HEAT TRANSFER,23,27,3
13541A0337,RT32036,INDUSTRIAL ENGINEERING MANAGEMENT,19,44,3
13541A0337,RT32037A,REFRIGERATION & AIR CONDITIONING,19,26,3
13541A0337,RT32038,HEAT TRANSFER LAB,24,48,2
13541A0338,RT32031,OPERATIONS RESEARCH,20,24,3
13541A0338,RT32032,INTERACTIVE COMPUTER GRAPHICS,23,30,3
13541A0338,RT32033,DESIGN OF MACHINE MEMBERS  II,13,27,3
13541A0338,RT32034,ROBOTICS,14,28,3
13541A0338,RT32035,HEAT TRANSFER,22,14,0
13541A0338,RT32036,INDUSTRIAL ENGINEERING MANAGEMENT,16,32,3
13541A0338,RT32037A,REFRIGERATION & AIR CONDITIONING,16,29,3
13541A0338,RT32038,HEAT TRANSFER LAB,23,45,2
13541A0339,RT32031,OPERATIONS RESEARCH,19,32,3
13541A0339,RT32032,INTERACTIVE COMPUTER GRAPHICS,22,43,3
13541A0339,RT32033,DESIGN OF MACHINE MEMBERS  II,21,47,3
13541A0339,RT32034,ROBOTICS,15,44,3
13541A0339,RT32035,HEAT TRANSFER,22,38,3
13541A0339,RT32036,INDUSTRIAL ENGINEERING MANAGEMENT,19,35,3
13541A0339,RT32037A,REFRIGERATION & AIR CONDITIONING,22,40,3
13541A0339,RT32038,HEAT TRANSFER LAB,23,47,2
13541A0340,RT32031,OPERATIONS RESEARCH,17,17,0
13541A0340,RT32032,INTERACTIVE COMPUTER GRAPHICS,18,15,0
13541A0340,RT32033,DESIGN OF MACHINE MEMBERS  II,16,1,0
13541A0340,RT32034,ROBOTICS,18,32,3
13541A0340,RT32035,HEAT TRANSFER,22,3,0
13541A0340,RT32036,INDUSTRIAL ENGINEERING MANAGEMENT,20,31,3
13541A0340,RT32037A,REFRIGERATION & AIR CONDITIONING,17,24,3
13541A0340,RT32038,HEAT TRANSFER LAB,23,45,2
13541A0402,RT32041,MICROPROCESSORS AND MICROCONTROLLERS,24,29,3
13541A0402,RT32042,DIGITAL SIGNAL PROCESSING,22,27,3
13541A0402,RT32043,DIGITAL COMMUNICATIONS,21,24,3
13541A0402,RT32044,MICROWAVE ENGINEERING,22,46,3
13541A0402,RT32045A,BIO MEDICAL ENGINEERING,22,27,3
13541A0402,RT32046,MICROPROCESSORS AND MICROCONTROLLERS LAB,24,48,2
13541A0402,RT32047,DIGITAL COMMUNICATIONS LAB,15,47,2
13541A0402,RT32048,DIGITAL SIGNAL PROCESSING LAB,23,49,2
13541A0402,RT32049,SEMINAR,46,0,1
13541A0403,RT32041,MICROPROCESSORS AND MICROCONTROLLERS,20,14,0
13541A0403,RT32042,DIGITAL SIGNAL PROCESSING,17,30,3
13541A0403,RT32043,DIGITAL COMMUNICATIONS,18,38,3
13541A0403,RT32044,MICROWAVE ENGINEERING,19,42,3
13541A0403,RT32045A,BIO MEDICAL ENGINEERING,17,32,3
13541A0403,RT32046,MICROPROCESSORS AND MICROCONTROLLERS LAB,20,48,2
13541A0403,RT32047,DIGITAL COMMUNICATIONS LAB,22,46,2
13541A0403,RT32048,DIGITAL SIGNAL PROCESSING LAB,22,48,2
13541A0403,RT32049,SEMINAR,46,0,1
13541A0404,RT32041,MICROPROCESSORS AND MICROCONTROLLERS,17,-1,0
13541A0404,RT32042,DIGITAL SIGNAL PROCESSING,15,-1,0
13541A0404,RT32043,DIGITAL COMMUNICATIONS,17,-1,0
13541A0404,RT32044,MICROWAVE ENGINEERING,16,-1,0
13541A0404,RT32045A,BIO MEDICAL ENGINEERING,18,-1,0
13541A0404,RT32046,MICROPROCESSORS AND MICROCONTROLLERS LAB,20,40,2
13541A0404,RT32047,DIGITAL COMMUNICATIONS LAB,15,45,2
13541A0404,RT32048,DIGITAL SIGNAL PROCESSING LAB,21,41,2
13541A0404,RT32049,SEMINAR,47,0,1
13541A0405,RT32041,MICROPROCESSORS AND MICROCONTROLLERS,24,38,3
13541A0405,RT32042,DIGITAL SIGNAL PROCESSING,23,48,3
13541A0405,RT32043,DIGITAL COMMUNICATIONS,23,38,3
13541A0405,RT32044,MICROWAVE ENGINEERING,24,39,3
13541A0405,RT32045A,BIO MEDICAL ENGINEERING,22,46,3
13541A0405,RT32046,MICROPROCESSORS AND MICROCONTROLLERS LAB,25,50,2
13541A0405,RT32047,DIGITAL COMMUNICATIONS LAB,24,50,2
13541A0405,RT32048,DIGITAL SIGNAL PROCESSING LAB,23,50,2
13541A0405,RT32049,SEMINAR,50,0,1
13541A0406,RT32041,MICROPROCESSORS AND MICROCONTROLLERS,24,26,3
13541A0406,RT32042,DIGITAL SIGNAL PROCESSING,23,14,0
13541A0406,RT32043,DIGITAL COMMUNICATIONS,23,41,3
13541A0406,RT32044,MICROWAVE ENGINEERING,22,46,3
13541A0406,RT32045A,BIO MEDICAL ENGINEERING,22,27,3
13541A0406,RT32046,MICROPROCESSORS AND MICROCONTROLLERS LAB,23,46,2
13541A0406,RT32047,DIGITAL COMMUNICATIONS LAB,24,50,2
13541A0406,RT32048,DIGITAL SIGNAL PROCESSING LAB,24,47,2
13541A0406,RT32049,SEMINAR,47,0,1
13541A0407,RT32041,MICROPROCESSORS AND MICROCONTROLLERS,24,36,3
13541A0407,RT32042,DIGITAL SIGNAL PROCESSING,20,32,3
13541A0407,RT32043,DIGITAL COMMUNICATIONS,21,38,3
13541A0407,RT32044,MICROWAVE ENGINEERING,22,52,3
13541A0407,RT32045A,BIO MEDICAL ENGINEERING,22,37,3
13541A0407,RT32046,MICROPROCESSORS AND MICROCONTROLLERS LAB,22,46,2
13541A0407,RT32047,DIGITAL COMMUNICATIONS LAB,22,48,2
13541A0407,RT32048,DIGITAL SIGNAL PROCESSING LAB,23,47,2
13541A0407,RT32049,SEMINAR,48,0,1
13541A0408,RT32041,MICROPROCESSORS AND MICROCONTROLLERS,24,36,3
13541A0408,RT32042,DIGITAL SIGNAL PROCESSING,25,15,0
13541A0408,RT32043,DIGITAL COMMUNICATIONS,23,29,3
13541A0408,RT32044,MICROWAVE ENGINEERING,25,33,3
13541A0408,RT32045A,BIO MEDICAL ENGINEERING,21,41,3
13541A0408,RT32046,MICROPROCESSORS AND MICROCONTROLLERS LAB,23,48,2
13541A0408,RT32047,DIGITAL COMMUNICATIONS LAB,23,48,2
13541A0408,RT32048,DIGITAL SIGNAL PROCESSING LAB,22,48,2
13541A0408,RT32049,SEMINAR,46,0,1
13541A0409,RT32041,MICROPROCESSORS AND MICROCONTROLLERS,24,28,3
13541A0409,RT32042,DIGITAL SIGNAL PROCESSING,22,40,3
13541A0409,RT32043,DIGITAL COMMUNICATIONS,23,43,3
13541A0409,RT32044,MICROWAVE ENGINEERING,25,48,3
13541A0409,RT32045A,BIO MEDICAL ENGINEERING,17,32,3
13541A0409,RT32046,MICROPROCESSORS AND MICROCONTROLLERS LAB,23,47,2
13541A0409,RT32047,DIGITAL COMMUNICATIONS LAB,23,49,2
13541A0409,RT32048,DIGITAL SIGNAL PROCESSING LAB,24,47,2
13541A0409,RT32049,SEMINAR,47,0,1
13541A0410,RT32041,MICROPROCESSORS AND MICROCONTROLLERS,20,33,3
13541A0410,RT32042,DIGITAL SIGNAL PROCESSING,23,2,0
13541A0410,RT32043,DIGITAL COMMUNICATIONS,23,10,0
13541A0410,RT32044,MICROWAVE ENGINEERING,26,40,3
13541A0410,RT32045A,BIO MEDICAL ENGINEERING,19,30,3
13541A0410,RT32046,MICROPROCESSORS AND MICROCONTROLLERS LAB,22,49,2
13541A0410,RT32047,DIGITAL COMMUNICATIONS LAB,22,46,2
13541A0410,RT32048,DIGITAL SIGNAL PROCESSING LAB,22,48,2
13541A0410,RT32049,SEMINAR,46,0,1
13541A0411,RT32041,MICROPROCESSORS AND MICROCONTROLLERS,20,17,0
13541A0411,RT32042,DIGITAL SIGNAL PROCESSING,17,29,3
13541A0411,RT32043,DIGITAL COMMUNICATIONS,18,48,3
13541A0411,RT32044,MICROWAVE ENGINEERING,19,37,3
13541A0411,RT32045A,BIO MEDICAL ENGINEERING,18,39,3
13541A0411,RT32046,MICROPROCESSORS AND MICROCONTROLLERS LAB,21,48,2
13541A0411,RT32047,DIGITAL COMMUNICATIONS LAB,22,46,2
13541A0411,RT32048,DIGITAL SIGNAL PROCESSING LAB,21,48,2
13541A0411,RT32049,SEMINAR,48,0,1
13541A0412,RT32041,MICROPROCESSORS AND MICROCONTROLLERS,23,36,3
13541A0412,RT32042,DIGITAL SIGNAL PROCESSING,19,31,3
13541A0412,RT32043,DIGITAL COMMUNICATIONS,22,31,3
13541A0412,RT32044,MICROWAVE ENGINEERING,21,55,3
13541A0412,RT32045A,BIO MEDICAL ENGINEERING,26,43,3
13541A0412,RT32046,MICROPROCESSORS AND MICROCONTROLLERS LAB,23,48,2
13541A0412,RT32047,DIGITAL COMMUNICATIONS LAB,23,49,2
13541A0412,RT32048,DIGITAL SIGNAL PROCESSING LAB,25,48,2
13541A0412,RT32049,SEMINAR,47,0,1
13541A0413,RT32041,MICROPROCESSORS AND MICROCONTROLLERS,21,12,0
13541A0413,RT32042,DIGITAL SIGNAL PROCESSING,21,37,3
13541A0413,RT32043,DIGITAL COMMUNICATIONS,22,31,3
13541A0413,RT32044,MICROWAVE ENGINEERING,23,35,3
13541A0413,RT32045A,BIO MEDICAL ENGINEERING,24,2,0
13541A0413,RT32046,MICROPROCESSORS AND MICROCONTROLLERS LAB,24,49,2
13541A0413,RT32047,DIGITAL COMMUNICATIONS LAB,24,49,2
13541A0413,RT32048,DIGITAL SIGNAL PROCESSING LAB,25,48,2
13541A0413,RT32049,SEMINAR,50,0,1
13541A0415,RT32041,MICROPROCESSORS AND MICROCONTROLLERS,23,41,3
13541A0415,RT32042,DIGITAL SIGNAL PROCESSING,21,5,0
13541A0415,RT32043,DIGITAL COMMUNICATIONS,18,50,3
13541A0415,RT32044,MICROWAVE ENGINEERING,22,44,3
13541A0415,RT32045A,BIO MEDICAL ENGINEERING,21,27,3
13541A0415,RT32046,MICROPROCESSORS AND MICROCONTROLLERS LAB,22,48,2
13541A0415,RT32047,DIGITAL COMMUNICATIONS LAB,23,45,2
13541A0415,RT32048,DIGITAL SIGNAL PROCESSING LAB,23,47,2
13541A0415,RT32049,SEMINAR,46,0,1
13541A0416,RT32041,MICROPROCESSORS AND MICROCONTROLLERS,22,38,3
13541A0416,RT32042,DIGITAL SIGNAL PROCESSING,18,31,3
13541A0416,RT32043,DIGITAL COMMUNICATIONS,25,46,3
13541A0416,RT32044,MICROWAVE ENGINEERING,23,59,3
13541A0416,RT32045A,BIO MEDICAL ENGINEERING,22,35,3
13541A0416,RT32046,MICROPROCESSORS AND MICROCONTROLLERS LAB,23,47,2
13541A0416,RT32047,DIGITAL COMMUNICATIONS LAB,24,49,2
13541A0416,RT32048,DIGITAL SIGNAL PROCESSING LAB,23,47,2
13541A0416,RT32049,SEMINAR,47,0,1
13541A0417,RT32041,MICROPROCESSORS AND MICROCONTROLLERS,24,24,3
13541A0417,RT32042,DIGITAL SIGNAL PROCESSING,22,30,3
13541A0417,RT32043,DIGITAL COMMUNICATIONS,23,24,3
13541A0417,RT32044,MICROWAVE ENGINEERING,22,44,3
13541A0417,RT32045A,BIO MEDICAL ENGINEERING,22,44,3
13541A0417,RT32046,MICROPROCESSORS AND MICROCONTROLLERS LAB,24,49,2
13541A0417,RT32047,DIGITAL COMMUNICATIONS LAB,24,49,2
13541A0417,RT32048,DIGITAL SIGNAL PROCESSING LAB,22,48,2
13541A0417,RT32049,SEMINAR,46,0,1
13541A0418,RT32041,MICROPROCESSORS AND MICROCONTROLLERS,23,25,3
13541A0418,RT32042,DIGITAL SIGNAL PROCESSING,22,40,3
13541A0418,RT32043,DIGITAL COMMUNICATIONS,20,40,3
13541A0418,RT32044,MICROWAVE ENGINEERING,22,35,3
13541A0418,RT32045A,BIO MEDICAL ENGINEERING,19,44,3
13541A0418,RT32046,MICROPROCESSORS AND MICROCONTROLLERS LAB,24,50,2
13541A0418,RT32047,DIGITAL COMMUNICATIONS LAB,23,47,2
13541A0418,RT32048,DIGITAL SIGNAL PROCESSING LAB,22,50,2
13541A0418,RT32049,SEMINAR,49,0,1
13541A0420,RT32041,MICROPROCESSORS AND MICROCONTROLLERS,22,33,3
13541A0420,RT32042,DIGITAL SIGNAL PROCESSING,18,6,0
13541A0420,RT32043,DIGITAL COMMUNICATIONS,22,40,3
13541A0420,RT32044,MICROWAVE ENGINEERING,16,50,3
13541A0420,RT32045A,BIO MEDICAL ENGINEERING,17,24,3
13541A0420,RT32046,MICROPROCESSORS AND MICROCONTROLLERS LAB,22,48,2
13541A0420,RT32047,DIGITAL COMMUNICATIONS LAB,22,46,2
13541A0420,RT32048,DIGITAL SIGNAL PROCESSING LAB,21,49,2
13541A0420,RT32049,SEMINAR,46,0,1
13541A0421,RT32041,MICROPROCESSORS AND MICROCONTROLLERS,23,29,3
13541A0421,RT32042,DIGITAL SIGNAL PROCESSING,20,18,0
13541A0421,RT32043,DIGITAL COMMUNICATIONS,18,27,3
13541A0421,RT32044,MICROWAVE ENGINEERING,18,40,3
13541A0421,RT32045A,BIO MEDICAL ENGINEERING,17,28,3
13541A0421,RT32046,MICROPROCESSORS AND MICROCONTROLLERS LAB,21,48,2
13541A0421,RT32047,DIGITAL COMMUNICATIONS LAB,21,46,2
13541A0421,RT32048,DIGITAL SIGNAL PROCESSING LAB,21,49,2
13541A0421,RT32049,SEMINAR,47,0,1
13541A0422,RT32041,MICROPROCESSORS AND MICROCONTROLLERS,23,29,3
13541A0422,RT32042,DIGITAL SIGNAL PROCESSING,21,10,0
13541A0422,RT32043,DIGITAL COMMUNICATIONS,19,24,3
13541A0422,RT32044,MICROWAVE ENGINEERING,18,49,3
13541A0422,RT32045A,BIO MEDICAL ENGINEERING,21,37,3
13541A0422,RT32046,MICROPROCESSORS AND MICROCONTROLLERS LAB,23,48,2
13541A0422,RT32047,DIGITAL COMMUNICATIONS LAB,23,47,2
13541A0422,RT32048,DIGITAL SIGNAL PROCESSING LAB,22,47,2
13541A0422,RT32049,SEMINAR,47,0,1
13541A0423,RT32041,MICROPROCESSORS AND MICROCONTROLLERS,22,13,0
13541A0423,RT32042,DIGITAL SIGNAL PROCESSING,24,24,3
13541A0423,RT32043,DIGITAL COMMUNICATIONS,22,29,3
13541A0423,RT32044,MICROWAVE ENGINEERING,19,36,3
13541A0423,RT32045A,BIO MEDICAL ENGINEERING,20,30,3
13541A0423,RT32046,MICROPROCESSORS AND MICROCONTROLLERS LAB,23,48,2
13541A0423,RT32047,DIGITAL COMMUNICATIONS LAB,22,46,2
13541A0423,RT32048,DIGITAL SIGNAL PROCESSING LAB,21,49,2
13541A0423,RT32049,SEMINAR,48,0,1
13541A0424,RT32041,MICROPROCESSORS AND MICROCONTROLLERS,24,31,3
13541A0424,RT32042,DIGITAL SIGNAL PROCESSING,24,30,3
13541A0424,RT32043,DIGITAL COMMUNICATIONS,24,26,3
13541A0424,RT32044,MICROWAVE ENGINEERING,22,41,3
13541A0424,RT32045A,BIO MEDICAL ENGINEERING,18,16,0
13541A0424,RT32046,MICROPROCESSORS AND MICROCONTROLLERS LAB,23,48,2
13541A0424,RT32047,DIGITAL COMMUNICATIONS LAB,24,48,2
13541A0424,RT32048,DIGITAL SIGNAL PROCESSING LAB,22,48,2
13541A0424,RT32049,SEMINAR,46,0,1
13541A0425,RT32041,MICROPROCESSORS AND MICROCONTROLLERS,22,32,3
13541A0425,RT32042,DIGITAL SIGNAL PROCESSING,21,34,3
13541A0425,RT32043,DIGITAL COMMUNICATIONS,23,32,3
13541A0425,RT32044,MICROWAVE ENGINEERING,21,51,3
13541A0425,RT32045A,BIO MEDICAL ENGINEERING,21,35,3
13541A0425,RT32046,MICROPROCESSORS AND MICROCONTROLLERS LAB,23,47,2
13541A0425,RT32047,DIGITAL COMMUNICATIONS LAB,24,49,2
13541A0425,RT32048,DIGITAL SIGNAL PROCESSING LAB,23,47,2
13541A0425,RT32049,SEMINAR,47,0,1
13541A0426,RT32041,MICROPROCESSORS AND MICROCONTROLLERS,24,28,3
13541A0426,RT32042,DIGITAL SIGNAL PROCESSING,23,26,3
13541A0426,RT32043,DIGITAL COMMUNICATIONS,21,24,3
13541A0426,RT32044,MICROWAVE ENGINEERING,21,31,3
13541A0426,RT32045A,BIO MEDICAL ENGINEERING,21,38,3
13541A0426,RT32046,MICROPROCESSORS AND MICROCONTROLLERS LAB,24,47,2
13541A0426,RT32047,DIGITAL COMMUNICATIONS LAB,23,48,2
13541A0426,RT32048,DIGITAL SIGNAL PROCESSING LAB,23,47,2
13541A0426,RT32049,SEMINAR,47,0,1
13541A0427,RT32041,MICROPROCESSORS AND MICROCONTROLLERS,22,13,0
13541A0427,RT32042,DIGITAL SIGNAL PROCESSING,24,37,3
13541A0427,RT32043,DIGITAL COMMUNICATIONS,24,46,3
13541A0427,RT32044,MICROWAVE ENGINEERING,21,43,3
13541A0427,RT32045A,BIO MEDICAL ENGINEERING,23,35,3
13541A0427,RT32046,MICROPROCESSORS AND MICROCONTROLLERS LAB,23,49,2
13541A0427,RT32047,DIGITAL COMMUNICATIONS LAB,24,48,2
13541A0427,RT32048,DIGITAL SIGNAL PROCESSING LAB,24,48,2
13541A0427,RT32049,SEMINAR,48,0,1
13541A0428,RT32041,MICROPROCESSORS AND MICROCONTROLLERS,21,32,3
13541A0428,RT32042,DIGITAL SIGNAL PROCESSING,21,15,0
13541A0428,RT32043,DIGITAL COMMUNICATIONS,20,8,0
13541A0428,RT32044,MICROWAVE ENGINEERING,16,47,3
13541A0428,RT32045A,BIO MEDICAL ENGINEERING,16,8,0
13541A0428,RT32046,MICROPROCESSORS AND MICROCONTROLLERS LAB,22,40,2
13541A0428,RT32047,DIGITAL COMMUNICATIONS LAB,21,45,2
13541A0428,RT32048,DIGITAL SIGNAL PROCESSING LAB,21,42,2
13541A0428,RT32049,SEMINAR,49,0,1
13541A0429,RT32041,MICROPROCESSORS AND MICROCONTROLLERS,23,36,3
13541A0429,RT32042,DIGITAL SIGNAL PROCESSING,23,40,3
13541A0429,RT32043,DIGITAL COMMUNICATIONS,23,34,3
13541A0429,RT32044,MICROWAVE ENGINEERING,23,44,3
13541A0429,RT32045A,BIO MEDICAL ENGINEERING,17,39,3
13541A0429,RT32046,MICROPROCESSORS AND MICROCONTROLLERS LAB,21,48,2
13541A0429,RT32047,DIGITAL COMMUNICATIONS LAB,23,47,2
13541A0429,RT32048,DIGITAL SIGNAL PROCESSING LAB,23,48,2
13541A0429,RT32049,SEMINAR,48,0,1
13541A0430,RT32041,MICROPROCESSORS AND MICROCONTROLLERS,22,40,3
13541A0430,RT32042,DIGITAL SIGNAL PROCESSING,22,27,3
13541A0430,RT32043,DIGITAL COMMUNICATIONS,18,14,0
13541A0430,RT32044,MICROWAVE ENGINEERING,26,54,3
13541A0430,RT32045A,BIO MEDICAL ENGINEERING,20,41,3
13541A0430,RT32046,MICROPROCESSORS AND MICROCONTROLLERS LAB,23,48,2
13541A0430,RT32047,DIGITAL COMMUNICATIONS LAB,23,47,2
13541A0430,RT32048,DIGITAL SIGNAL PROCESSING LAB,22,47,2
13541A0430,RT32049,SEMINAR,47,0,1
13541A0431,RT32041,MICROPROCESSORS AND MICROCONTROLLERS,24,36,3
13541A0431,RT32042,DIGITAL SIGNAL PROCESSING,24,52,3
13541A0431,RT32043,DIGITAL COMMUNICATIONS,23,61,3
13541A0431,RT32044,MICROWAVE ENGINEERING,22,44,3
13541A0431,RT32045A,BIO MEDICAL ENGINEERING,25,40,3
13541A0431,RT32046,MICROPROCESSORS AND MICROCONTROLLERS LAB,25,50,2
13541A0431,RT32047,DIGITAL COMMUNICATIONS LAB,25,50,2
13541A0431,RT32048,DIGITAL SIGNAL PROCESSING LAB,25,50,2
13541A0431,RT32049,SEMINAR,50,0,1
13541A0432,RT32041,MICROPROCESSORS AND MICROCONTROLLERS,23,39,3
13541A0432,RT32042,DIGITAL SIGNAL PROCESSING,24,27,3
13541A0432,RT32043,DIGITAL COMMUNICATIONS,21,39,3
13541A0432,RT32044,MICROWAVE ENGINEERING,23,45,3
13541A0432,RT32045A,BIO MEDICAL ENGINEERING,25,31,3
13541A0432,RT32046,MICROPROCESSORS AND MICROCONTROLLERS LAB,25,50,2
13541A0432,RT32047,DIGITAL COMMUNICATIONS LAB,24,50,2
13541A0432,RT32048,DIGITAL SIGNAL PROCESSING LAB,25,50,2
13541A0432,RT32049,SEMINAR,49,0,1
13541A0433,RT32041,MICROPROCESSORS AND MICROCONTROLLERS,23,24,3
13541A0433,RT32042,DIGITAL SIGNAL PROCESSING,14,11,0
13541A0433,RT32043,DIGITAL COMMUNICATIONS,16,26,3
13541A0433,RT32044,MICROWAVE ENGINEERING,18,43,3
13541A0433,RT32045A,BIO MEDICAL ENGINEERING,16,27,3
13541A0433,RT32046,MICROPROCESSORS AND MICROCONTROLLERS LAB,23,48,2
13541A0433,RT32047,DIGITAL COMMUNICATIONS LAB,24,47,2
13541A0433,RT32048,DIGITAL SIGNAL PROCESSING LAB,23,49,2
13541A0433,RT32049,SEMINAR,45,0,1
13541A0434,RT32041,MICROPROCESSORS AND MICROCONTROLLERS,22,50,3
13541A0434,RT32042,DIGITAL SIGNAL PROCESSING,24,38,3
13541A0434,RT32043,DIGITAL COMMUNICATIONS,21,43,3
13541A0434,RT32044,MICROWAVE ENGINEERING,22,33,3
13541A0434,RT32045A,BIO MEDICAL ENGINEERING,24,43,3
13541A0434,RT32046,MICROPROCESSORS AND MICROCONTROLLERS LAB,24,49,2
13541A0434,RT32047,DIGITAL COMMUNICATIONS LAB,25,49,2
13541A0434,RT32048,DIGITAL SIGNAL PROCESSING LAB,23,48,2
13541A0434,RT32049,SEMINAR,46,0,1
13541A0435,RT32041,MICROPROCESSORS AND MICROCONTROLLERS,22,26,3
13541A0435,RT32042,DIGITAL SIGNAL PROCESSING,24,35,3
13541A0435,RT32043,DIGITAL COMMUNICATIONS,21,40,3
13541A0435,RT32044,MICROWAVE ENGINEERING,24,38,3
13541A0435,RT32045A,BIO MEDICAL ENGINEERING,22,36,3
13541A0435,RT32046,MICROPROCESSORS AND MICROCONTROLLERS LAB,24,49,2
13541A0435,RT32047,DIGITAL COMMUNICATIONS LAB,24,48,2
13541A0435,RT32048,DIGITAL SIGNAL PROCESSING LAB,24,48,2
13541A0435,RT32049,SEMINAR,47,0,1
13541A0436,RT32041,MICROPROCESSORS AND MICROCONTROLLERS,23,37,3
13541A0436,RT32042,DIGITAL SIGNAL PROCESSING,21,13,0
13541A0436,RT32043,DIGITAL COMMUNICATIONS,22,24,3
13541A0436,RT32044,MICROWAVE ENGINEERING,19,29,3
13541A0436,RT32045A,BIO MEDICAL ENGINEERING,19,7,0
13541A0436,RT32046,MICROPROCESSORS AND MICROCONTROLLERS LAB,22,47,2
13541A0436,RT32047,DIGITAL COMMUNICATIONS LAB,23,47,2
13541A0436,RT32048,DIGITAL SIGNAL PROCESSING LAB,23,48,2
13541A0436,RT32049,SEMINAR,47,0,1
13541A0437,RT32041,MICROPROCESSORS AND MICROCONTROLLERS,24,36,3
13541A0437,RT32042,DIGITAL SIGNAL PROCESSING,17,26,3
13541A0437,RT32043,DIGITAL COMMUNICATIONS,17,34,3
13541A0437,RT32044,MICROWAVE ENGINEERING,22,40,3
13541A0437,RT32045A,BIO MEDICAL ENGINEERING,21,28,3
13541A0437,RT32046,MICROPROCESSORS AND MICROCONTROLLERS LAB,23,48,2
13541A0437,RT32047,DIGITAL COMMUNICATIONS LAB,23,47,2
13541A0437,RT32048,DIGITAL SIGNAL PROCESSING LAB,23,48,2
13541A0437,RT32049,SEMINAR,48,0,1
13541A0501,RT32051,SOFTWARE ENGINEERING,23,43,3
13541A0501,RT32052,DATA WARE HOUSING AND MINING,20,31,3
13541A0501,RT32053,COMPUTER NETWORKS,18,17,0
13541A0501,RT32054,DESIGN AND ANALYSIS OF ALGORITHMS,22,24,3
13541A0501,RT32055,WEB TECHNOLOGIES,19,32,3
13541A0501,RT32056,IPR AND PATENTS,20,13,0
13541A0501,RT32057,COMPUTER NETWORKS AND NETWORK PROGRAMMING,24,48,2
13541A0501,RT32058,SOFTWARE ENGINEERING LAB,24,48,2
13541A0501,RT32059,WEB TECHNOLOGIES LAB,22,48,2
13541A0503,RT32051,SOFTWARE ENGINEERING,19,50,3
13541A0503,RT32052,DATA WARE HOUSING AND MINING,17,32,3
13541A0503,RT32053,COMPUTER NETWORKS,16,30,3
13541A0503,RT32054,DESIGN AND ANALYSIS OF ALGORITHMS,23,28,3
13541A0503,RT32055,WEB TECHNOLOGIES,21,24,3
13541A0503,RT32056,IPR AND PATENTS,21,27,2
13541A0503,RT32057,COMPUTER NETWORKS AND NETWORK PROGRAMMING,21,49,2
13541A0503,RT32058,SOFTWARE ENGINEERING LAB,24,47,2
13541A0503,RT32059,WEB TECHNOLOGIES LAB,23,48,2
13541A0504,RT32051,SOFTWARE ENGINEERING,15,32,3
13541A0504,RT32052,DATA WARE HOUSING AND MINING,18,24,3
13541A0504,RT32053,COMPUTER NETWORKS,16,26,3
13541A0504,RT32054,DESIGN AND ANALYSIS OF ALGORITHMS,19,11,0
13541A0504,RT32055,WEB TECHNOLOGIES,16,14,0
13541A0504,RT32056,IPR AND PATENTS,21,30,2
13541A0504,RT32057,COMPUTER NETWORKS AND NETWORK PROGRAMMING,21,48,2
13541A0504,RT32058,SOFTWARE ENGINEERING LAB,23,46,2
13541A0504,RT32059,WEB TECHNOLOGIES LAB,22,45,2
13541A0505,RT32051,SOFTWARE ENGINEERING,23,60,3
13541A0505,RT32052,DATA WARE HOUSING AND MINING,23,34,3
13541A0505,RT32053,COMPUTER NETWORKS,23,33,3
13541A0505,RT32054,DESIGN AND ANALYSIS OF ALGORITHMS,22,30,3
13541A0505,RT32055,WEB TECHNOLOGIES,19,45,3
13541A0505,RT32056,IPR AND PATENTS,22,36,2
13541A0505,RT32057,COMPUTER NETWORKS AND NETWORK PROGRAMMING,25,49,2
13541A0505,RT32058,SOFTWARE ENGINEERING LAB,25,49,2
13541A0505,RT32059,WEB TECHNOLOGIES LAB,24,49,2
13541A0506,RT32051,SOFTWARE ENGINEERING,17,37,3
13541A0506,RT32052,DATA WARE HOUSING AND MINING,17,35,3
13541A0506,RT32053,COMPUTER NETWORKS,17,13,0
13541A0506,RT32054,DESIGN AND ANALYSIS OF ALGORITHMS,22,10,0
13541A0506,RT32055,WEB TECHNOLOGIES,24,39,3
13541A0506,RT32056,IPR AND PATENTS,20,30,2
13541A0506,RT32057,COMPUTER NETWORKS AND NETWORK PROGRAMMING,23,49,2
13541A0506,RT32058,SOFTWARE ENGINEERING LAB,24,49,2
13541A0506,RT32059,WEB TECHNOLOGIES LAB,23,46,2
13541A0507,RT32051,SOFTWARE ENGINEERING,17,51,3
13541A0507,RT32052,DATA WARE HOUSING AND MINING,17,40,3
13541A0507,RT32053,COMPUTER NETWORKS,18,43,3
13541A0507,RT32054,DESIGN AND ANALYSIS OF ALGORITHMS,23,34,3
13541A0507,RT32055,WEB TECHNOLOGIES,23,27,3
13541A0507,RT32056,IPR AND PATENTS,21,37,2
13541A0507,RT32057,COMPUTER NETWORKS AND NETWORK PROGRAMMING,22,49,2
13541A0507,RT32058,SOFTWARE ENGINEERING LAB,23,49,2
13541A0507,RT32059,WEB TECHNOLOGIES LAB,23,47,2
13541A0508,RT32051,SOFTWARE ENGINEERING,20,32,3
13541A0508,RT32052,DATA WARE HOUSING AND MINING,22,49,3
13541A0508,RT32053,COMPUTER NETWORKS,17,27,3
13541A0508,RT32054,DESIGN AND ANALYSIS OF ALGORITHMS,23,35,3
13541A0508,RT32055,WEB TECHNOLOGIES,21,33,3
13541A0508,RT32056,IPR AND PATENTS,21,58,2
13541A0508,RT32057,COMPUTER NETWORKS AND NETWORK PROGRAMMING,23,48,2
13541A0508,RT32058,SOFTWARE ENGINEERING LAB,24,48,2
13541A0508,RT32059,WEB TECHNOLOGIES LAB,23,46,2
13545A0411,R32026,MANAGEMENT SCIENCE,16,31,4
14545A0201,RT32021,MICROPROCESSORS & MICROCONTROLLERS,22,6,0
14545A0201,RT32022,SWITCHGEAR AND PROTECTION,19,40,3
14545A0201,RT32023,UTILIZATION OF ELECTRICAL ENERGY,21,24,3
14545A0201,RT32024,POWER SYSTEM ANALYSIS,20,36,3
14545A0201,RT32025,MANAGEMENT SCIENCE,23,33,3
14545A0201,RT32026,POWER SEMICONDUCTOR DRIVES,20,13,0
14545A0201,RT32027,POWER ELECTRONICS LAB,24,48,2
14545A0201,RT32028,ELECTRICAL MEASUREMENTS LAB,24,48,2
14545A0202,RT32021,MICROPROCESSORS & MICROCONTROLLERS,20,4,0
14545A0202,RT32022,SWITCHGEAR AND PROTECTION,20,8,0
14545A0202,RT32023,UTILIZATION OF ELECTRICAL ENERGY,18,44,3
14545A0202,RT32024,POWER SYSTEM ANALYSIS,20,13,0
14545A0202,RT32025,MANAGEMENT SCIENCE,21,11,0
14545A0202,RT32026,POWER SEMICONDUCTOR DRIVES,21,35,3
14545A0202,RT32027,POWER ELECTRONICS LAB,23,47,2
14545A0202,RT32028,ELECTRICAL MEASUREMENTS LAB,22,47,2
14545A0204,RT32021,MICROPROCESSORS & MICROCONTROLLERS,22,29,3
14545A0204,RT32022,SWITCHGEAR AND PROTECTION,20,26,3
14545A0204,RT32023,UTILIZATION OF ELECTRICAL ENERGY,20,25,3
14545A0204,RT32024,POWER SYSTEM ANALYSIS,23,16,0
14545A0204,RT32025,MANAGEMENT SCIENCE,22,25,3
14545A0204,RT32026,POWER SEMICONDUCTOR DRIVES,21,24,3
14545A0204,RT32027,POWER ELECTRONICS LAB,23,47,2
14545A0204,RT32028,ELECTRICAL MEASUREMENTS LAB,22,47,2
14545A0205,RT32021,MICROPROCESSORS & MICROCONTROLLERS,22,9,0
14545A0205,RT32022,SWITCHGEAR AND PROTECTION,23,41,3
14545A0205,RT32023,UTILIZATION OF ELECTRICAL ENERGY,22,42,3
14545A0205,RT32024,POWER SYSTEM ANALYSIS,22,24,3
14545A0205,RT32025,MANAGEMENT SCIENCE,20,35,3
14545A0205,RT32026,POWER SEMICONDUCTOR DRIVES,20,45,3
14545A0205,RT32027,POWER ELECTRONICS LAB,23,47,2
14545A0205,RT32028,ELECTRICAL MEASUREMENTS LAB,23,47,2
14545A0206,RT32021,MICROPROCESSORS & MICROCONTROLLERS,24,38,3
14545A0206,RT32022,SWITCHGEAR AND PROTECTION,29,54,3
14545A0206,RT32023,UTILIZATION OF ELECTRICAL ENERGY,25,40,3
14545A0206,RT32024,POWER SYSTEM ANALYSIS,26,65,3
14545A0206,RT32025,MANAGEMENT SCIENCE,24,45,3
14545A0206,RT32026,POWER SEMICONDUCTOR DRIVES,26,59,3
14545A0206,RT32027,POWER ELECTRONICS LAB,25,49,2
14545A0206,RT32028,ELECTRICAL MEASUREMENTS LAB,25,50,2
14545A0207,RT32021,MICROPROCESSORS & MICROCONTROLLERS,21,-1,0
14545A0207,RT32022,SWITCHGEAR AND PROTECTION,18,-1,0
14545A0207,RT32023,UTILIZATION OF ELECTRICAL ENERGY,18,-1,0
14545A0207,RT32024,POWER SYSTEM ANALYSIS,22,-1,0
14545A0207,RT32025,MANAGEMENT SCIENCE,23,-1,0
14545A0207,RT32026,POWER SEMICONDUCTOR DRIVES,19,-1,0
14545A0207,RT32027,POWER ELECTRONICS LAB,23,-1,0
14545A0207,RT32028,ELECTRICAL MEASUREMENTS LAB,22,-1,0
14545A0208,RT32021,MICROPROCESSORS & MICROCONTROLLERS,24,45,3
14545A0208,RT32022,SWITCHGEAR AND PROTECTION,21,32,3
14545A0208,RT32023,UTILIZATION OF ELECTRICAL ENERGY,23,40,3
14545A0208,RT32024,POWER SYSTEM ANALYSIS,24,46,3
14545A0208,RT32025,MANAGEMENT SCIENCE,25,37,3
14545A0208,RT32026,POWER SEMICONDUCTOR DRIVES,26,27,3
14545A0208,RT32027,POWER ELECTRONICS LAB,25,49,2
14545A0208,RT32028,ELECTRICAL MEASUREMENTS LAB,24,49,2
14545A0209,RT32021,MICROPROCESSORS & MICROCONTROLLERS,22,7,0
14545A0209,RT32022,SWITCHGEAR AND PROTECTION,21,36,3
14545A0209,RT32023,UTILIZATION OF ELECTRICAL ENERGY,21,51,3
14545A0209,RT32024,POWER SYSTEM ANALYSIS,24,16,0
14545A0209,RT32025,MANAGEMENT SCIENCE,17,32,3
14545A0209,RT32026,POWER SEMICONDUCTOR DRIVES,22,44,3
14545A0209,RT32027,POWER ELECTRONICS LAB,24,49,2
14545A0209,RT32028,ELECTRICAL MEASUREMENTS LAB,24,48,2
14545A0210,RT32021,MICROPROCESSORS & MICROCONTROLLERS,22,5,0
14545A0210,RT32022,SWITCHGEAR AND PROTECTION,19,26,3
14545A0210,RT32023,UTILIZATION OF ELECTRICAL ENERGY,19,15,0
14545A0210,RT32024,POWER SYSTEM ANALYSIS,24,24,3
14545A0210,RT32025,MANAGEMENT SCIENCE,19,35,3
14545A0210,RT32026,POWER SEMICONDUCTOR DRIVES,19,13,0
14545A0210,RT32027,POWER ELECTRONICS LAB,24,48,2
14545A0210,RT32028,ELECTRICAL MEASUREMENTS LAB,24,48,2
14545A0211,RT32021,MICROPROCESSORS & MICROCONTROLLERS,22,10,0
14545A0211,RT32022,SWITCHGEAR AND PROTECTION,19,9,0
14545A0211,RT32023,UTILIZATION OF ELECTRICAL ENERGY,18,50,3
14545A0211,RT32024,POWER SYSTEM ANALYSIS,20,11,0
14545A0211,RT32025,MANAGEMENT SCIENCE,21,16,0
14545A0211,RT32026,POWER SEMICONDUCTOR DRIVES,17,45,3
14545A0211,RT32027,POWER ELECTRONICS LAB,23,47,2
14545A0211,RT32028,ELECTRICAL MEASUREMENTS LAB,22,47,2
14545A0212,RT32021,MICROPROCESSORS & MICROCONTROLLERS,24,40,3
14545A0212,RT32022,SWITCHGEAR AND PROTECTION,21,29,3
14545A0212,RT32023,UTILIZATION OF ELECTRICAL ENERGY,21,32,3
14545A0212,RT32024,POWER SYSTEM ANALYSIS,25,27,3
14545A0212,RT32025,MANAGEMENT SCIENCE,23,46,3
14545A0212,RT32026,POWER SEMICONDUCTOR DRIVES,23,45,3
14545A0212,RT32027,POWER ELECTRONICS LAB,24,48,2
14545A0212,RT32028,ELECTRICAL MEASUREMENTS LAB,24,47,2
14545A0213,RT32021,MICROPROCESSORS & MICROCONTROLLERS,26,24,3
14545A0213,RT32022,SWITCHGEAR AND PROTECTION,23,47,3
14545A0213,RT32023,UTILIZATION OF ELECTRICAL ENERGY,24,63,3
14545A0213,RT32024,POWER SYSTEM ANALYSIS,23,37,3
14545A0213,RT32025,MANAGEMENT SCIENCE,25,41,3
14545A0213,RT32026,POWER SEMICONDUCTOR DRIVES,23,52,3
14545A0213,RT32027,POWER ELECTRONICS LAB,25,48,2
14545A0213,RT32028,ELECTRICAL MEASUREMENTS LAB,25,49,2
14545A0214,RT32021,MICROPROCESSORS & MICROCONTROLLERS,24,33,3
14545A0214,RT32022,SWITCHGEAR AND PROTECTION,24,40,3
14545A0214,RT32023,UTILIZATION OF ELECTRICAL ENERGY,24,38,3
14545A0214,RT32024,POWER SYSTEM ANALYSIS,26,58,3
14545A0214,RT32025,MANAGEMENT SCIENCE,21,52,3
14545A0214,RT32026,POWER SEMICONDUCTOR DRIVES,25,40,3
14545A0214,RT32027,POWER ELECTRONICS LAB,25,48,2
14545A0214,RT32028,ELECTRICAL MEASUREMENTS LAB,25,50,2
14545A0215,RT32021,MICROPROCESSORS & MICROCONTROLLERS,25,7,0
14545A0215,RT32022,SWITCHGEAR AND PROTECTION,19,9,0
14545A0215,RT32023,UTILIZATION OF ELECTRICAL ENERGY,16,59,3
14545A0215,RT32024,POWER SYSTEM ANALYSIS,21,3,0
14545A0215,RT32025,MANAGEMENT SCIENCE,22,28,3
14545A0215,RT32026,POWER SEMICONDUCTOR DRIVES,11,37,3
14545A0215,RT32027,POWER ELECTRONICS LAB,24,48,2
14545A0215,RT32028,ELECTRICAL MEASUREMENTS LAB,25,48,2
14545A0216,RT32021,MICROPROCESSORS & MICROCONTROLLERS,19,38,3
14545A0216,RT32022,SWITCHGEAR AND PROTECTION,20,34,3
14545A0216,RT32023,UTILIZATION OF ELECTRICAL ENERGY,12,43,3
14545A0216,RT32024,POWER SYSTEM ANALYSIS,22,39,3
14545A0216,RT32025,MANAGEMENT SCIENCE,21,41,3
14545A0216,RT32026,POWER SEMICONDUCTOR DRIVES,11,32,3
14545A0216,RT32027,POWER ELECTRONICS LAB,24,48,2
14545A0216,RT32028,ELECTRICAL MEASUREMENTS LAB,24,48,2
14545A0217,RT32021,MICROPROCESSORS & MICROCONTROLLERS,22,-1,0
14545A0217,RT32022,SWITCHGEAR AND PROTECTION,19,-1,0
14545A0217,RT32023,UTILIZATION OF ELECTRICAL ENERGY,21,-1,0
14545A0217,RT32024,POWER SYSTEM ANALYSIS,23,-1,0
14545A0217,RT32025,MANAGEMENT SCIENCE,20,-1,0
14545A0217,RT32026,POWER SEMICONDUCTOR DRIVES,18,-1,0
14545A0217,RT32027,POWER ELECTRONICS LAB,23,-1,0
14545A0217,RT32028,ELECTRICAL MEASUREMENTS LAB,22,-1,0
14545A0301,RT32031,OPERATIONS RESEARCH,23,33,3
14545A0301,RT32032,INTERACTIVE COMPUTER GRAPHICS,21,24,3
14545A0301,RT32033,DESIGN OF MACHINE MEMBERS  II,22,33,3
14545A0301,RT32034,ROBOTICS,22,60,3
14545A0301,RT32035,HEAT TRANSFER,20,28,3
14545A0301,RT32036,INDUSTRIAL ENGINEERING MANAGEMENT,18,34,3
14545A0301,RT32037A,REFRIGERATION & AIR CONDITIONING,24,27,3
14545A0301,RT32038,HEAT TRANSFER LAB,24,48,2
14545A0302,RT32031,OPERATIONS RESEARCH,22,37,3
14545A0302,RT32032,INTERACTIVE COMPUTER GRAPHICS,20,34,3
14545A0302,RT32033,DESIGN OF MACHINE MEMBERS  II,19,28,3
14545A0302,RT32034,ROBOTICS,21,38,3
14545A0302,RT32035,HEAT TRANSFER,26,33,3
14545A0302,RT32036,INDUSTRIAL ENGINEERING MANAGEMENT,21,42,3
14545A0302,RT32037A,REFRIGERATION & AIR CONDITIONING,25,36,3
14545A0302,RT32038,HEAT TRANSFER LAB,25,49,2
14545A0303,RT32031,OPERATIONS RESEARCH,22,29,3
14545A0303,RT32032,INTERACTIVE COMPUTER GRAPHICS,27,48,3
14545A0303,RT32033,DESIGN OF MACHINE MEMBERS  II,24,31,3
14545A0303,RT32034,ROBOTICS,23,56,3
14545A0303,RT32035,HEAT TRANSFER,25,55,3
14545A0303,RT32036,INDUSTRIAL ENGINEERING MANAGEMENT,23,39,3
14545A0303,RT32037A,REFRIGERATION & AIR CONDITIONING,25,53,3
14545A0303,RT32038,HEAT TRANSFER LAB,25,49,2
14545A0304,RT32031,OPERATIONS RESEARCH,17,16,0
14545A0304,RT32032,INTERACTIVE COMPUTER GRAPHICS,17,37,3
14545A0304,RT32033,DESIGN OF MACHINE MEMBERS  II,17,9,0
14545A0304,RT32034,ROBOTICS,20,24,3
14545A0304,RT32035,HEAT TRANSFER,17,5,0
14545A0304,RT32036,INDUSTRIAL ENGINEERING MANAGEMENT,21,29,3
14545A0304,RT32037A,REFRIGERATION & AIR CONDITIONING,17,2,0
14545A0304,RT32038,HEAT TRANSFER LAB,23,45,2
14545A0305,RT32031,OPERATIONS RESEARCH,17,12,0
14545A0305,RT32032,INTERACTIVE COMPUTER GRAPHICS,16,12,0
14545A0305,RT32033,DESIGN OF MACHINE MEMBERS  II,17,32,3
14545A0305,RT32034,ROBOTICS,18,54,3
14545A0305,RT32035,HEAT TRANSFER,21,28,3
14545A0305,RT32036,INDUSTRIAL ENGINEERING MANAGEMENT,17,35,3
14545A0305,RT32037A,REFRIGERATION & AIR CONDITIONING,19,12,0
14545A0305,RT32038,HEAT TRANSFER LAB,24,47,2
14545A0306,RT32031,OPERATIONS RESEARCH,19,26,3
14545A0306,RT32032,INTERACTIVE COMPUTER GRAPHICS,22,31,3
14545A0306,RT32033,DESIGN OF MACHINE MEMBERS  II,20,24,3
14545A0306,RT32034,ROBOTICS,18,52,3
14545A0306,RT32035,HEAT TRANSFER,20,24,3
14545A0306,RT32036,INDUSTRIAL ENGINEERING MANAGEMENT,20,36,3
14545A0306,RT32037A,REFRIGERATION & AIR CONDITIONING,20,24,3
14545A0306,RT32038,HEAT TRANSFER LAB,24,46,2
14545A0307,RT32031,OPERATIONS RESEARCH,18,4,0
14545A0307,RT32032,INTERACTIVE COMPUTER GRAPHICS,17,35,3
14545A0307,RT32033,DESIGN OF MACHINE MEMBERS  II,18,31,3
14545A0307,RT32034,ROBOTICS,20,43,3
14545A0307,RT32035,HEAT TRANSFER,20,49,3
14545A0307,RT32036,INDUSTRIAL ENGINEERING MANAGEMENT,18,24,3
14545A0307,RT32037A,REFRIGERATION & AIR CONDITIONING,23,38,3
14545A0307,RT32038,HEAT TRANSFER LAB,23,46,2
14545A0308,RT32031,OPERATIONS RESEARCH,19,44,3
14545A0308,RT32032,INTERACTIVE COMPUTER GRAPHICS,20,40,3
14545A0308,RT32033,DESIGN OF MACHINE MEMBERS  II,24,42,3
14545A0308,RT32034,ROBOTICS,21,39,3
14545A0308,RT32035,HEAT TRANSFER,22,43,3
14545A0308,RT32036,INDUSTRIAL ENGINEERING MANAGEMENT,19,44,3
14545A0308,RT32037A,REFRIGERATION & AIR CONDITIONING,20,24,3
14545A0308,RT32038,HEAT TRANSFER LAB,24,48,2
14545A0309,RT32031,OPERATIONS RESEARCH,26,42,3
14545A0309,RT32032,INTERACTIVE COMPUTER GRAPHICS,20,53,3
14545A0309,RT32033,DESIGN OF MACHINE MEMBERS  II,18,31,3
14545A0309,RT32034,ROBOTICS,16,56,3
14545A0309,RT32035,HEAT TRANSFER,24,31,3
14545A0309,RT32036,INDUSTRIAL ENGINEERING MANAGEMENT,20,36,3
14545A0309,RT32037A,REFRIGERATION & AIR CONDITIONING,26,11,0
14545A0309,RT32038,HEAT TRANSFER LAB,24,48,2
14545A0401,RT32041,MICROPROCESSORS AND MICROCONTROLLERS,23,32,3
14545A0401,RT32042,DIGITAL SIGNAL PROCESSING,23,2,0
14545A0401,RT32043,DIGITAL COMMUNICATIONS,16,3,0
14545A0401,RT32044,MICROWAVE ENGINEERING,15,8,0
14545A0401,RT32045A,BIO MEDICAL ENGINEERING,16,33,3
14545A0401,RT32046,MICROPROCESSORS AND MICROCONTROLLERS LAB,21,48,2
14545A0401,RT32047,DIGITAL COMMUNICATIONS LAB,22,46,2
14545A0401,RT32048,DIGITAL SIGNAL PROCESSING LAB,22,49,2
14545A0401,RT32049,SEMINAR,48,0,1
14545A0402,RT32041,MICROPROCESSORS AND MICROCONTROLLERS,18,-1,0
14545A0402,RT32042,DIGITAL SIGNAL PROCESSING,16,-1,0
14545A0402,RT32043,DIGITAL COMMUNICATIONS,19,-1,0
14545A0402,RT32044,MICROWAVE ENGINEERING,18,-1,0
14545A0402,RT32045A,BIO MEDICAL ENGINEERING,19,-1,0
14545A0402,RT32046,MICROPROCESSORS AND MICROCONTROLLERS LAB,21,37,2
14545A0402,RT32047,DIGITAL COMMUNICATIONS LAB,20,45,2
14545A0402,RT32048,DIGITAL SIGNAL PROCESSING LAB,21,38,2
14545A0402,RT32049,SEMINAR,46,0,1
14545A0403,RT32041,MICROPROCESSORS AND MICROCONTROLLERS,19,-1,0
14545A0403,RT32042,DIGITAL SIGNAL PROCESSING,16,-1,0
14545A0403,RT32043,DIGITAL COMMUNICATIONS,19,-1,0
14545A0403,RT32044,MICROWAVE ENGINEERING,19,-1,0
14545A0403,RT32045A,BIO MEDICAL ENGINEERING,18,-1,0
14545A0403,RT32046,MICROPROCESSORS AND MICROCONTROLLERS LAB,20,37,2
14545A0403,RT32047,DIGITAL COMMUNICATIONS LAB,20,45,2
14545A0403,RT32048,DIGITAL SIGNAL PROCESSING LAB,21,37,2
14545A0403,RT32049,SEMINAR,46,0,1
14545A0404,RT32041,MICROPROCESSORS AND MICROCONTROLLERS,23,16,0
14545A0404,RT32042,DIGITAL SIGNAL PROCESSING,19,13,0
14545A0404,RT32043,DIGITAL COMMUNICATIONS,19,17,0
14545A0404,RT32044,MICROWAVE ENGINEERING,17,24,3
14545A0404,RT32045A,BIO MEDICAL ENGINEERING,18,26,3
14545A0404,RT32046,MICROPROCESSORS AND MICROCONTROLLERS LAB,23,45,2
14545A0404,RT32047,DIGITAL COMMUNICATIONS LAB,20,46,2
14545A0404,RT32048,DIGITAL SIGNAL PROCESSING LAB,21,45,2
14545A0404,RT32049,SEMINAR,46,0,1
14545A0405,RT32041,MICROPROCESSORS AND MICROCONTROLLERS,22,51,3
14545A0405,RT32042,DIGITAL SIGNAL PROCESSING,23,25,3
14545A0405,RT32043,DIGITAL COMMUNICATIONS,22,11,0
14545A0405,RT32044,MICROWAVE ENGINEERING,23,28,3
14545A0405,RT32045A,BIO MEDICAL ENGINEERING,22,38,3
14545A0405,RT32046,MICROPROCESSORS AND MICROCONTROLLERS LAB,25,50,2
14545A0405,RT32047,DIGITAL COMMUNICATIONS LAB,25,50,2
14545A0405,RT32048,DIGITAL SIGNAL PROCESSING LAB,25,50,2
14545A0405,RT32049,SEMINAR,50,0,1
14545A0406,RT32041,MICROPROCESSORS AND MICROCONTROLLERS,16,12,0
14545A0406,RT32042,DIGITAL SIGNAL PROCESSING,19,10,0
14545A0406,RT32043,DIGITAL COMMUNICATIONS,17,0,0
14545A0406,RT32044,MICROWAVE ENGINEERING,16,17,0
14545A0406,RT32045A,BIO MEDICAL ENGINEERING,19,9,0
14545A0406,RT32046,MICROPROCESSORS AND MICROCONTROLLERS LAB,20,38,2
14545A0406,RT32047,DIGITAL COMMUNICATIONS LAB,21,45,2
14545A0406,RT32048,DIGITAL SIGNAL PROCESSING LAB,22,38,2
14545A0406,RT32049,SEMINAR,46,0,1
14545A0407,RT32041,MICROPROCESSORS AND MICROCONTROLLERS,18,15,0
14545A0407,RT32042,DIGITAL SIGNAL PROCESSING,23,5,0
14545A0407,RT32043,DIGITAL COMMUNICATIONS,18,3,0
14545A0407,RT32044,MICROWAVE ENGINEERING,16,17,0
14545A0407,RT32045A,BIO MEDICAL ENGINEERING,17,2,0
14545A0407,RT32046,MICROPROCESSORS AND MICROCONTROLLERS LAB,20,36,2
14545A0407,RT32047,DIGITAL COMMUNICATIONS LAB,20,45,2
14545A0407,RT32048,DIGITAL SIGNAL PROCESSING LAB,22,38,2
14545A0407,RT32049,SEMINAR,46,0,1
14545A0408,RT32041,MICROPROCESSORS AND MICROCONTROLLERS,25,37,3
14545A0408,RT32042,DIGITAL SIGNAL PROCESSING,22,27,3
14545A0408,RT32043,DIGITAL COMMUNICATIONS,18,24,3
14545A0408,RT32044,MICROWAVE ENGINEERING,19,39,3
14545A0408,RT32045A,BIO MEDICAL ENGINEERING,23,30,3
14545A0408,RT32046,MICROPROCESSORS AND MICROCONTROLLERS LAB,22,49,2
14545A0408,RT32047,DIGITAL COMMUNICATIONS LAB,23,48,2
14545A0408,RT32048,DIGITAL SIGNAL PROCESSING LAB,25,49,2
14545A0408,RT32049,SEMINAR,46,0,1
14545A0409,RT32041,MICROPROCESSORS AND MICROCONTROLLERS,21,17,0
14545A0409,RT32042,DIGITAL SIGNAL PROCESSING,20,0,0
14545A0409,RT32043,DIGITAL COMMUNICATIONS,18,2,0
14545A0409,RT32044,MICROWAVE ENGINEERING,19,2,0
14545A0409,RT32045A,BIO MEDICAL ENGINEERING,18,22,0
14545A0409,RT32046,MICROPROCESSORS AND MICROCONTROLLERS LAB,20,37,2
14545A0409,RT32047,DIGITAL COMMUNICATIONS LAB,20,45,2
14545A0409,RT32048,DIGITAL SIGNAL PROCESSING LAB,21,37,2
14545A0409,RT32049,SEMINAR,46,0,1
14545A0410,RT32041,MICROPROCESSORS AND MICROCONTROLLERS,19,5,0
14545A0410,RT32042,DIGITAL SIGNAL PROCESSING,19,0,0
14545A0410,RT32043,DIGITAL COMMUNICATIONS,20,0,0
14545A0410,RT32044,MICROWAVE ENGINEERING,17,6,0
14545A0410,RT32045A,BIO MEDICAL ENGINEERING,21,3,0
14545A0410,RT32046,MICROPROCESSORS AND MICROCONTROLLERS LAB,20,37,2
14545A0410,RT32047,DIGITAL COMMUNICATIONS LAB,20,45,2
14545A0410,RT32048,DIGITAL SIGNAL PROCESSING LAB,21,37,2
14545A0410,RT32049,SEMINAR,46,0,1
14545A0411,RT32041,MICROPROCESSORS AND MICROCONTROLLERS,25,29,3
14545A0411,RT32042,DIGITAL SIGNAL PROCESSING,24,27,3
14545A0411,RT32043,DIGITAL COMMUNICATIONS,23,38,3
14545A0411,RT32044,MICROWAVE ENGINEERING,22,57,3
14545A0411,RT32045A,BIO MEDICAL ENGINEERING,25,24,3
14545A0411,RT32046,MICROPROCESSORS AND MICROCONTROLLERS LAB,23,50,2
14545A0411,RT32047,DIGITAL COMMUNICATIONS LAB,25,50,2
14545A0411,RT32048,DIGITAL SIGNAL PROCESSING LAB,25,50,2
14545A0411,RT32049,SEMINAR,50,0,1
14545A0412,RT32041,MICROPROCESSORS AND MICROCONTROLLERS,19,29,3
14545A0412,RT32042,DIGITAL SIGNAL PROCESSING,19,17,0
14545A0412,RT32043,DIGITAL COMMUNICATIONS,21,14,0
14545A0412,RT32044,MICROWAVE ENGINEERING,18,24,3
14545A0412,RT32045A,BIO MEDICAL ENGINEERING,18,27,3
14545A0412,RT32046,MICROPROCESSORS AND MICROCONTROLLERS LAB,20,37,2
14545A0412,RT32047,DIGITAL COMMUNICATIONS LAB,20,45,2
14545A0412,RT32048,DIGITAL SIGNAL PROCESSING LAB,21,37,2
14545A0412,RT32049,SEMINAR,47,0,1
14545A0413,RT32041,MICROPROCESSORS AND MICROCONTROLLERS,22,39,3
14545A0413,RT32042,DIGITAL SIGNAL PROCESSING,25,24,3
14545A0413,RT32043,DIGITAL COMMUNICATIONS,24,28,3
14545A0413,RT32044,MICROWAVE ENGINEERING,24,32,3
14545A0413,RT32045A,BIO MEDICAL ENGINEERING,21,35,3
14545A0413,RT32046,MICROPROCESSORS AND MICROCONTROLLERS LAB,22,50,2
14545A0413,RT32047,DIGITAL COMMUNICATIONS LAB,24,49,2
14545A0413,RT32048,DIGITAL SIGNAL PROCESSING LAB,23,50,2
14545A0413,RT32049,SEMINAR,47,0,1
14545A0414,RT32041,MICROPROCESSORS AND MICROCONTROLLERS,23,13,0
14545A0414,RT32042,DIGITAL SIGNAL PROCESSING,23,0,0
14545A0414,RT32043,DIGITAL COMMUNICATIONS,20,10,0
14545A0414,RT32044,MICROWAVE ENGINEERING,17,34,3
14545A0414,RT32045A,BIO MEDICAL ENGINEERING,18,15,0
14545A0414,RT32046,MICROPROCESSORS AND MICROCONTROLLERS LAB,21,49,2
14545A0414,RT32047,DIGITAL COMMUNICATIONS LAB,22,48,2
14545A0414,RT32048,DIGITAL SIGNAL PROCESSING LAB,22,49,2
14545A0414,RT32049,SEMINAR,48,0,1
14545A0415,RT32041,MICROPROCESSORS AND MICROCONTROLLERS,18,3,0
14545A0415,RT32042,DIGITAL SIGNAL PROCESSING,21,13,0
14545A0415,RT32043,DIGITAL COMMUNICATIONS,20,2,0
14545A0415,RT32044,MICROWAVE ENGINEERING,17,4,0
14545A0415,RT32045A,BIO MEDICAL ENGINEERING,17,7,0
14545A0415,RT32046,MICROPROCESSORS AND MICROCONTROLLERS LAB,20,37,2
14545A0415,RT32047,DIGITAL COMMUNICATIONS LAB,20,45,2
14545A0415,RT32048,DIGITAL SIGNAL PROCESSING LAB,21,37,2
14545A0415,RT32049,SEMINAR,46,0,1
14545A0416,RT32041,MICROPROCESSORS AND MICROCONTROLLERS,19,31,3
14545A0416,RT32042,DIGITAL SIGNAL PROCESSING,22,26,3
14545A0416,RT32043,DIGITAL COMMUNICATIONS,21,34,3
14545A0416,RT32044,MICROWAVE ENGINEERING,18,34,3
14545A0416,RT32045A,BIO MEDICAL ENGINEERING,17,32,3
14545A0416,RT32046,MICROPROCESSORS AND MICROCONTROLLERS LAB,20,36,2
14545A0416,RT32047,DIGITAL COMMUNICATIONS LAB,20,45,2
14545A0416,RT32048,DIGITAL SIGNAL PROCESSING LAB,21,37,2
14545A0416,RT32049,SEMINAR,46,0,1
14545A0417,RT32041,MICROPROCESSORS AND MICROCONTROLLERS,23,34,3
14545A0417,RT32042,DIGITAL SIGNAL PROCESSING,20,14,0
14545A0417,RT32043,DIGITAL COMMUNICATIONS,17,15,0
14545A0417,RT32044,MICROWAVE ENGINEERING,19,15,0
14545A0417,RT32045A,BIO MEDICAL ENGINEERING,18,35,3
14545A0417,RT32046,MICROPROCESSORS AND MICROCONTROLLERS LAB,23,48,2
14545A0417,RT32047,DIGITAL COMMUNICATIONS LAB,21,46,2
14545A0417,RT32048,DIGITAL SIGNAL PROCESSING LAB,23,48,2
14545A0417,RT32049,SEMINAR,48,0,1
14545A0501,RT32051,SOFTWARE ENGINEERING,16,38,3
14545A0501,RT32052,DATA WARE HOUSING AND MINING,16,26,3
14545A0501,RT32053,COMPUTER NETWORKS,16,28,3
14545A0501,RT32054,DESIGN AND ANALYSIS OF ALGORITHMS,17,24,3
14545A0501,RT32055,WEB TECHNOLOGIES,14,41,3
14545A0501,RT32056,IPR AND PATENTS,21,28,2
14545A0501,RT32057,COMPUTER NETWORKS AND NETWORK PROGRAMMING,22,48,2
14545A0501,RT32058,SOFTWARE ENGINEERING LAB,23,46,2
14545A0501,RT32059,WEB TECHNOLOGIES LAB,22,47,2
14545A0502,RT32051,SOFTWARE ENGINEERING,24,40,3
14545A0502,RT32052,DATA WARE HOUSING AND MINING,24,31,3
14545A0502,RT32053,COMPUTER NETWORKS,20,18,0
14545A0502,RT32054,DESIGN AND ANALYSIS OF ALGORITHMS,23,35,3
14545A0502,RT32055,WEB TECHNOLOGIES,21,27,3
14545A0502,RT32056,IPR AND PATENTS,22,24,2
14545A0502,RT32057,COMPUTER NETWORKS AND NETWORK PROGRAMMING,24,49,2
14545A0502,RT32058,SOFTWARE ENGINEERING LAB,25,49,2
14545A0502,RT32059,WEB TECHNOLOGIES LAB,24,49,2
