11541A0339,RT22017,FLUID MECHANICS & HYDRAULIC MACHINERY LAB,14,39,2
11541A0339,RT22031,KINEMATICS OF MACHINERY,16,0,0
11541A0339,RT22032,THERMAL ENGINEERING -I,17,0,0
11541A0339,RT22033,PRODUCTION TECHNOLOGY,12,4,0
11541A0339,RT22034,FLUID MECHANICS & HYDRAULIC MACHINERY,10,6,0
11541A0339,RT22035,MACHINE DRAWING,15,2,0
11541A0339,RT22037,PRODUCTION TECHNOLOGY LAB,16,35,2
11541A0339,RT22038,THERMAL ENGINEERING LAB,23,40,2
11541A0377,RT22017,FLUID MECHANICS & HYDRAULIC MACHINERY LAB,16,42,2
11541A0377,RT22031,KINEMATICS OF MACHINERY,19,0,0
11541A0377,RT22032,THERMAL ENGINEERING -I,18,3,0
11541A0377,RT22033,PRODUCTION TECHNOLOGY,22,28,3
11541A0377,RT22034,FLUID MECHANICS & HYDRAULIC MACHINERY,10,15,0
11541A0377,RT22035,MACHINE DRAWING,23,18,0
11541A0377,RT22037,PRODUCTION TECHNOLOGY LAB,20,40,2
11541A0377,RT22038,THERMAL ENGINEERING LAB,22,45,2
12541A0306,RT22017,FLUID MECHANICS & HYDRAULIC MACHINERY LAB,14,39,2
12541A0306,RT22031,KINEMATICS OF MACHINERY,18,0,0
12541A0306,RT22032,THERMAL ENGINEERING -I,21,9,0
12541A0306,RT22033,PRODUCTION TECHNOLOGY,17,2,0
12541A0306,RT22034,FLUID MECHANICS & HYDRAULIC MACHINERY,12,29,3
12541A0306,RT22035,MACHINE DRAWING,16,8,0
12541A0306,RT22037,PRODUCTION TECHNOLOGY LAB,18,35,2
12541A0306,RT22038,THERMAL ENGINEERING LAB,22,40,2
12541A0406,RT22022,SWITCHING THEORY AND LOGIC DESIGN,25,54,3
12541A0406,RT22041,ELECTRONIC CIRCUIT ANALYSIS,21,34,3
12541A0406,RT22042,RANDOM VARIABLES & STOCHASTIC PROCESSES,25,30,3
12541A0406,RT22043,MANAGEMENT SCIENCE,18,31,3
12541A0406,RT22044,EM WAVES AND TRANSMISSION LINES,24,34,3
12541A0406,RT22045,ANALOG COMMUNICATIONS,21,42,3
12541A0406,RT22046,ELECTRONIC CIRCUIT ANALYSIS LAB,25,50,2
12541A0406,RT22047,ANALOG COMMUNICATIONS LAB,25,50,2
13541A0201,RT22021,ENVIRONMENTAL STUDIES,23,49,3
13541A0201,RT22022,SWITCHING THEORY AND LOGIC DESIGN,23,39,3
13541A0201,RT22023,PULSE & DIGITAL CIRCUITS,20,40,3
13541A0201,RT22024,POWER SYSTEMS-I,21,39,3
13541A0201,RT22025,ELECTRICAL MACHINES-II,22,34,3
13541A0201,RT22026,CONTROL SYSTEMS,24,52,3
13541A0201,RT22027,ELECTRICAL MACHINES -I LAB,23,47,2
13541A0201,RT22028,ELECTRONIC DEVICES & CIRCUITS LAB,23,48,2
13541A0202,RT22021,ENVIRONMENTAL STUDIES,22,41,3
13541A0202,RT22022,SWITCHING THEORY AND LOGIC DESIGN,23,46,3
13541A0202,RT22023,PULSE & DIGITAL CIRCUITS,21,46,3
13541A0202,RT22024,POWER SYSTEMS-I,24,31,3
13541A0202,RT22025,ELECTRICAL MACHINES-II,20,50,3
13541A0202,RT22026,CONTROL SYSTEMS,25,59,3
13541A0202,RT22027,ELECTRICAL MACHINES -I LAB,23,47,2
13541A0202,RT22028,ELECTRONIC DEVICES & CIRCUITS LAB,25,49,2
13541A0203,RT22021,ENVIRONMENTAL STUDIES,23,37,3
13541A0203,RT22022,SWITCHING THEORY AND LOGIC DESIGN,16,11,0
13541A0203,RT22023,PULSE & DIGITAL CIRCUITS,22,10,0
13541A0203,RT22024,POWER SYSTEMS-I,22,38,3
13541A0203,RT22025,ELECTRICAL MACHINES-II,22,30,3
13541A0203,RT22026,CONTROL SYSTEMS,23,28,3
13541A0203,RT22027,ELECTRICAL MACHINES -I LAB,22,46,2
13541A0203,RT22028,ELECTRONIC DEVICES & CIRCUITS LAB,23,46,2
13541A0205,RT22021,ENVIRONMENTAL STUDIES,22,35,3
13541A0205,RT22022,SWITCHING THEORY AND LOGIC DESIGN,16,34,3
13541A0205,RT22023,PULSE & DIGITAL CIRCUITS,18,27,3
13541A0205,RT22024,POWER SYSTEMS-I,22,49,3
13541A0205,RT22025,ELECTRICAL MACHINES-II,20,36,3
13541A0205,RT22026,CONTROL SYSTEMS,24,13,0
13541A0205,RT22027,ELECTRICAL MACHINES -I LAB,23,46,2
13541A0205,RT22028,ELECTRONIC DEVICES & CIRCUITS LAB,24,47,2
13541A0206,RT22021,ENVIRONMENTAL STUDIES,22,43,3
13541A0206,RT22022,SWITCHING THEORY AND LOGIC DESIGN,17,41,3
13541A0206,RT22023,PULSE & DIGITAL CIRCUITS,22,34,3
13541A0206,RT22024,POWER SYSTEMS-I,22,32,3
13541A0206,RT22025,ELECTRICAL MACHINES-II,20,29,3
13541A0206,RT22026,CONTROL SYSTEMS,25,50,3
13541A0206,RT22027,ELECTRICAL MACHINES -I LAB,23,48,2
13541A0206,RT22028,ELECTRONIC DEVICES & CIRCUITS LAB,25,49,2
13541A0301,RT22017,FLUID MECHANICS & HYDRAULIC MACHINERY LAB,20,44,2
13541A0301,RT22031,KINEMATICS OF MACHINERY,24,31,3
13541A0301,RT22032,THERMAL ENGINEERING -I,22,24,3
13541A0301,RT22033,PRODUCTION TECHNOLOGY,21,36,3
13541A0301,RT22034,FLUID MECHANICS & HYDRAULIC MACHINERY,18,29,3
13541A0301,RT22035,MACHINE DRAWING,27,25,3
13541A0301,RT22037,PRODUCTION TECHNOLOGY LAB,23,45,2
13541A0301,RT22038,THERMAL ENGINEERING LAB,20,45,2
13541A0302,RT22017,FLUID MECHANICS & HYDRAULIC MACHINERY LAB,24,49,2
13541A0302,RT22031,KINEMATICS OF MACHINERY,25,56,3
13541A0302,RT22032,THERMAL ENGINEERING -I,23,35,3
13541A0302,RT22033,PRODUCTION TECHNOLOGY,23,27,3
13541A0302,RT22034,FLUID MECHANICS & HYDRAULIC MACHINERY,24,62,3
13541A0302,RT22035,MACHINE DRAWING,22,26,3
13541A0302,RT22037,PRODUCTION TECHNOLOGY LAB,25,49,2
13541A0302,RT22038,THERMAL ENGINEERING LAB,25,50,2
13541A0303,RT22017,FLUID MECHANICS & HYDRAULIC MACHINERY LAB,20,46,2
13541A0303,RT22031,KINEMATICS OF MACHINERY,22,29,3
13541A0303,RT22032,THERMAL ENGINEERING -I,21,41,3
13541A0303,RT22033,PRODUCTION TECHNOLOGY,23,43,3
13541A0303,RT22034,FLUID MECHANICS & HYDRAULIC MACHINERY,19,29,3
13541A0303,RT22035,MACHINE DRAWING,25,30,3
13541A0303,RT22037,PRODUCTION TECHNOLOGY LAB,22,45,2
13541A0303,RT22038,THERMAL ENGINEERING LAB,20,45,2
13541A0304,RT22017,FLUID MECHANICS & HYDRAULIC MACHINERY LAB,19,45,2
13541A0304,RT22031,KINEMATICS OF MACHINERY,19,37,3
13541A0304,RT22032,THERMAL ENGINEERING -I,23,32,3
13541A0304,RT22033,PRODUCTION TECHNOLOGY,25,24,3
13541A0304,RT22034,FLUID MECHANICS & HYDRAULIC MACHINERY,17,25,3
13541A0304,RT22035,MACHINE DRAWING,25,24,3
13541A0304,RT22037,PRODUCTION TECHNOLOGY LAB,22,45,2
13541A0304,RT22038,THERMAL ENGINEERING LAB,20,45,2
13541A0305,RT22017,FLUID MECHANICS & HYDRAULIC MACHINERY LAB,18,44,2
13541A0305,RT22031,KINEMATICS OF MACHINERY,22,24,3
13541A0305,RT22032,THERMAL ENGINEERING -I,23,17,0
13541A0305,RT22033,PRODUCTION TECHNOLOGY,19,40,3
13541A0305,RT22034,FLUID MECHANICS & HYDRAULIC MACHINERY,16,24,3
13541A0305,RT22035,MACHINE DRAWING,20,24,3
13541A0305,RT22037,PRODUCTION TECHNOLOGY LAB,23,46,2
13541A0305,RT22038,THERMAL ENGINEERING LAB,24,46,2
13541A0306,RT22017,FLUID MECHANICS & HYDRAULIC MACHINERY LAB,19,43,2
13541A0306,RT22031,KINEMATICS OF MACHINERY,18,0,0
13541A0306,RT22032,THERMAL ENGINEERING -I,17,24,3
13541A0306,RT22033,PRODUCTION TECHNOLOGY,17,13,0
13541A0306,RT22034,FLUID MECHANICS & HYDRAULIC MACHINERY,13,37,3
13541A0306,RT22035,MACHINE DRAWING,20,25,3
13541A0306,RT22037,PRODUCTION TECHNOLOGY LAB,20,44,2
13541A0306,RT22038,THERMAL ENGINEERING LAB,20,45,2
13541A0307,RT22017,FLUID MECHANICS & HYDRAULIC MACHINERY LAB,19,46,2
13541A0307,RT22031,KINEMATICS OF MACHINERY,21,6,0
13541A0307,RT22032,THERMAL ENGINEERING -I,25,24,3
13541A0307,RT22033,PRODUCTION TECHNOLOGY,23,2,0
13541A0307,RT22034,FLUID MECHANICS & HYDRAULIC MACHINERY,19,24,3
13541A0307,RT22035,MACHINE DRAWING,26,27,3
13541A0307,RT22037,PRODUCTION TECHNOLOGY LAB,22,46,2
13541A0307,RT22038,THERMAL ENGINEERING LAB,19,46,2
13541A0308,RT22017,FLUID MECHANICS & HYDRAULIC MACHINERY LAB,16,44,2
13541A0308,RT22031,KINEMATICS OF MACHINERY,17,7,0
13541A0308,RT22032,THERMAL ENGINEERING -I,17,30,3
13541A0308,RT22033,PRODUCTION TECHNOLOGY,21,10,0
13541A0308,RT22034,FLUID MECHANICS & HYDRAULIC MACHINERY,13,0,0
13541A0308,RT22035,MACHINE DRAWING,17,24,3
13541A0308,RT22037,PRODUCTION TECHNOLOGY LAB,20,42,2
13541A0308,RT22038,THERMAL ENGINEERING LAB,20,45,2
13541A0309,RT22017,FLUID MECHANICS & HYDRAULIC MACHINERY LAB,20,43,2
13541A0309,RT22031,KINEMATICS OF MACHINERY,21,13,0
13541A0309,RT22032,THERMAL ENGINEERING -I,24,24,3
13541A0309,RT22033,PRODUCTION TECHNOLOGY,22,34,3
13541A0309,RT22034,FLUID MECHANICS & HYDRAULIC MACHINERY,12,28,3
13541A0309,RT22035,MACHINE DRAWING,25,25,3
13541A0309,RT22037,PRODUCTION TECHNOLOGY LAB,21,44,2
13541A0309,RT22038,THERMAL ENGINEERING LAB,20,45,2
13541A0310,RT22017,FLUID MECHANICS & HYDRAULIC MACHINERY LAB,15,42,2
13541A0310,RT22031,KINEMATICS OF MACHINERY,17,16,0
13541A0310,RT22032,THERMAL ENGINEERING -I,16,11,0
13541A0310,RT22033,PRODUCTION TECHNOLOGY,16,15,0
13541A0310,RT22034,FLUID MECHANICS & HYDRAULIC MACHINERY,16,2,0
13541A0310,RT22035,MACHINE DRAWING,17,2,0
13541A0310,RT22037,PRODUCTION TECHNOLOGY LAB,18,40,2
13541A0310,RT22038,THERMAL ENGINEERING LAB,20,45,2
13541A0311,RT22017,FLUID MECHANICS & HYDRAULIC MACHINERY LAB,16,42,2
13541A0311,RT22031,KINEMATICS OF MACHINERY,18,0,0
13541A0311,RT22032,THERMAL ENGINEERING -I,19,-1,0
13541A0311,RT22033,PRODUCTION TECHNOLOGY,19,-1,0
13541A0311,RT22034,FLUID MECHANICS & HYDRAULIC MACHINERY,17,-1,0
13541A0311,RT22035,MACHINE DRAWING,18,-1,0
13541A0311,RT22037,PRODUCTION TECHNOLOGY LAB,20,42,2
13541A0311,RT22038,THERMAL ENGINEERING LAB,23,45,2
13541A0312,RT22017,FLUID MECHANICS & HYDRAULIC MACHINERY LAB,23,48,2
13541A0312,RT22031,KINEMATICS OF MACHINERY,23,26,3
13541A0312,RT22032,THERMAL ENGINEERING -I,22,33,3
13541A0312,RT22033,PRODUCTION TECHNOLOGY,24,24,3
13541A0312,RT22034,FLUID MECHANICS & HYDRAULIC MACHINERY,14,15,0
13541A0312,RT22035,MACHINE DRAWING,19,2,0
13541A0312,RT22037,PRODUCTION TECHNOLOGY LAB,24,48,2
13541A0312,RT22038,THERMAL ENGINEERING LAB,25,48,2
13541A0313,RT22017,FLUID MECHANICS & HYDRAULIC MACHINERY LAB,18,44,2
13541A0313,RT22031,KINEMATICS OF MACHINERY,21,14,0
13541A0313,RT22032,THERMAL ENGINEERING -I,25,27,3
13541A0313,RT22033,PRODUCTION TECHNOLOGY,21,35,3
13541A0313,RT22034,FLUID MECHANICS & HYDRAULIC MACHINERY,20,27,3
13541A0313,RT22035,MACHINE DRAWING,20,25,3
13541A0313,RT22037,PRODUCTION TECHNOLOGY LAB,23,44,2
13541A0313,RT22038,THERMAL ENGINEERING LAB,21,45,2
13541A0314,RT22017,FLUID MECHANICS & HYDRAULIC MACHINERY LAB,25,47,2
13541A0314,RT22031,KINEMATICS OF MACHINERY,25,32,3
13541A0314,RT22032,THERMAL ENGINEERING -I,24,30,3
13541A0314,RT22033,PRODUCTION TECHNOLOGY,21,16,0
13541A0314,RT22034,FLUID MECHANICS & HYDRAULIC MACHINERY,24,-1,0
13541A0314,RT22035,MACHINE DRAWING,18,17,0
13541A0314,RT22037,PRODUCTION TECHNOLOGY LAB,24,48,2
13541A0314,RT22038,THERMAL ENGINEERING LAB,23,48,2
13541A0315,RT22017,FLUID MECHANICS & HYDRAULIC MACHINERY LAB,20,46,2
13541A0315,RT22031,KINEMATICS OF MACHINERY,20,4,0
13541A0315,RT22032,THERMAL ENGINEERING -I,16,16,0
13541A0315,RT22033,PRODUCTION TECHNOLOGY,21,5,0
13541A0315,RT22034,FLUID MECHANICS & HYDRAULIC MACHINERY,19,10,0
13541A0315,RT22035,MACHINE DRAWING,23,15,0
13541A0315,RT22037,PRODUCTION TECHNOLOGY LAB,23,46,2
13541A0315,RT22038,THERMAL ENGINEERING LAB,21,45,2
13541A0316,RT22017,FLUID MECHANICS & HYDRAULIC MACHINERY LAB,23,48,2
13541A0316,RT22031,KINEMATICS OF MACHINERY,24,24,3
13541A0316,RT22032,THERMAL ENGINEERING -I,26,48,3
13541A0316,RT22033,PRODUCTION TECHNOLOGY,25,44,3
13541A0316,RT22034,FLUID MECHANICS & HYDRAULIC MACHINERY,24,25,3
13541A0316,RT22035,MACHINE DRAWING,28,9,0
13541A0316,RT22037,PRODUCTION TECHNOLOGY LAB,22,44,2
13541A0316,RT22038,THERMAL ENGINEERING LAB,24,45,2
13541A0317,RT22017,FLUID MECHANICS & HYDRAULIC MACHINERY LAB,18,44,2
13541A0317,RT22031,KINEMATICS OF MACHINERY,17,29,3
13541A0317,RT22032,THERMAL ENGINEERING -I,19,16,0
13541A0317,RT22033,PRODUCTION TECHNOLOGY,17,30,3
13541A0317,RT22034,FLUID MECHANICS & HYDRAULIC MACHINERY,17,11,0
13541A0317,RT22035,MACHINE DRAWING,24,15,0
13541A0317,RT22037,PRODUCTION TECHNOLOGY LAB,21,45,2
13541A0317,RT22038,THERMAL ENGINEERING LAB,23,45,2
13541A0318,RT22017,FLUID MECHANICS & HYDRAULIC MACHINERY LAB,21,48,2
13541A0318,RT22031,KINEMATICS OF MACHINERY,23,5,0
13541A0318,RT22032,THERMAL ENGINEERING -I,23,26,3
13541A0318,RT22033,PRODUCTION TECHNOLOGY,21,24,3
13541A0318,RT22034,FLUID MECHANICS & HYDRAULIC MACHINERY,17,33,3
13541A0318,RT22035,MACHINE DRAWING,25,27,3
13541A0318,RT22037,PRODUCTION TECHNOLOGY LAB,23,46,2
13541A0318,RT22038,THERMAL ENGINEERING LAB,23,46,2
13541A0319,RT22017,FLUID MECHANICS & HYDRAULIC MACHINERY LAB,18,46,2
13541A0319,RT22031,KINEMATICS OF MACHINERY,17,5,0
13541A0319,RT22032,THERMAL ENGINEERING -I,22,14,0
13541A0319,RT22033,PRODUCTION TECHNOLOGY,22,10,0
13541A0319,RT22034,FLUID MECHANICS & HYDRAULIC MACHINERY,13,10,0
13541A0319,RT22035,MACHINE DRAWING,25,20,0
13541A0319,RT22037,PRODUCTION TECHNOLOGY LAB,23,46,2
13541A0319,RT22038,THERMAL ENGINEERING LAB,23,45,2
13541A0320,RT22017,FLUID MECHANICS & HYDRAULIC MACHINERY LAB,23,47,2
13541A0320,RT22031,KINEMATICS OF MACHINERY,24,12,0
13541A0320,RT22032,THERMAL ENGINEERING -I,22,35,3
13541A0320,RT22033,PRODUCTION TECHNOLOGY,22,31,3
13541A0320,RT22034,FLUID MECHANICS & HYDRAULIC MACHINERY,21,28,3
13541A0320,RT22035,MACHINE DRAWING,26,4,0
13541A0320,RT22037,PRODUCTION TECHNOLOGY LAB,23,47,2
13541A0320,RT22038,THERMAL ENGINEERING LAB,23,48,2
13541A0321,RT22017,FLUID MECHANICS & HYDRAULIC MACHINERY LAB,18,45,2
13541A0321,RT22031,KINEMATICS OF MACHINERY,19,10,0
13541A0321,RT22032,THERMAL ENGINEERING -I,17,11,0
13541A0321,RT22033,PRODUCTION TECHNOLOGY,21,32,3
13541A0321,RT22034,FLUID MECHANICS & HYDRAULIC MACHINERY,16,10,0
13541A0321,RT22035,MACHINE DRAWING,25,39,3
13541A0321,RT22037,PRODUCTION TECHNOLOGY LAB,22,45,2
13541A0321,RT22038,THERMAL ENGINEERING LAB,22,45,2
13541A0322,RT22017,FLUID MECHANICS & HYDRAULIC MACHINERY LAB,19,45,2
13541A0322,RT22031,KINEMATICS OF MACHINERY,23,10,0
13541A0322,RT22032,THERMAL ENGINEERING -I,22,24,3
13541A0322,RT22033,PRODUCTION TECHNOLOGY,23,9,0
13541A0322,RT22034,FLUID MECHANICS & HYDRAULIC MACHINERY,18,26,3
13541A0322,RT22035,MACHINE DRAWING,25,14,0
13541A0322,RT22037,PRODUCTION TECHNOLOGY LAB,22,45,2
13541A0322,RT22038,THERMAL ENGINEERING LAB,24,45,2
13541A0323,RT22017,FLUID MECHANICS & HYDRAULIC MACHINERY LAB,21,46,2
13541A0323,RT22031,KINEMATICS OF MACHINERY,24,41,3
13541A0323,RT22032,THERMAL ENGINEERING -I,21,51,3
13541A0323,RT22033,PRODUCTION TECHNOLOGY,22,29,3
13541A0323,RT22034,FLUID MECHANICS & HYDRAULIC MACHINERY,19,46,3
13541A0323,RT22035,MACHINE DRAWING,27,39,3
13541A0323,RT22037,PRODUCTION TECHNOLOGY LAB,23,46,2
13541A0323,RT22038,THERMAL ENGINEERING LAB,23,46,2
13541A0324,RT22017,FLUID MECHANICS & HYDRAULIC MACHINERY LAB,23,45,2
13541A0324,RT22031,KINEMATICS OF MACHINERY,22,24,3
13541A0324,RT22032,THERMAL ENGINEERING -I,25,26,3
13541A0324,RT22033,PRODUCTION TECHNOLOGY,21,24,3
13541A0324,RT22034,FLUID MECHANICS & HYDRAULIC MACHINERY,19,25,3
13541A0324,RT22035,MACHINE DRAWING,25,4,0
13541A0324,RT22037,PRODUCTION TECHNOLOGY LAB,23,45,2
13541A0324,RT22038,THERMAL ENGINEERING LAB,23,45,2
13541A0326,RT22017,FLUID MECHANICS & HYDRAULIC MACHINERY LAB,21,42,2
13541A0326,RT22031,KINEMATICS OF MACHINERY,18,27,3
13541A0326,RT22032,THERMAL ENGINEERING -I,24,18,0
13541A0326,RT22033,PRODUCTION TECHNOLOGY,20,41,3
13541A0326,RT22034,FLUID MECHANICS & HYDRAULIC MACHINERY,18,43,3
13541A0326,RT22035,MACHINE DRAWING,27,26,3
13541A0326,RT22037,PRODUCTION TECHNOLOGY LAB,21,40,2
13541A0326,RT22038,THERMAL ENGINEERING LAB,23,45,2
13541A0327,RT22017,FLUID MECHANICS & HYDRAULIC MACHINERY LAB,17,44,2
13541A0327,RT22031,KINEMATICS OF MACHINERY,22,25,3
13541A0327,RT22032,THERMAL ENGINEERING -I,27,16,0
13541A0327,RT22033,PRODUCTION TECHNOLOGY,19,12,0
13541A0327,RT22034,FLUID MECHANICS & HYDRAULIC MACHINERY,17,41,3
13541A0327,RT22035,MACHINE DRAWING,27,24,3
13541A0327,RT22037,PRODUCTION TECHNOLOGY LAB,21,45,2
13541A0327,RT22038,THERMAL ENGINEERING LAB,23,45,2
13541A0328,RT22017,FLUID MECHANICS & HYDRAULIC MACHINERY LAB,19,45,2
13541A0328,RT22031,KINEMATICS OF MACHINERY,21,9,0
13541A0328,RT22032,THERMAL ENGINEERING -I,22,12,0
13541A0328,RT22033,PRODUCTION TECHNOLOGY,22,-1,0
13541A0328,RT22034,FLUID MECHANICS & HYDRAULIC MACHINERY,19,-1,0
13541A0328,RT22035,MACHINE DRAWING,22,-1,0
13541A0328,RT22037,PRODUCTION TECHNOLOGY LAB,22,46,2
13541A0328,RT22038,THERMAL ENGINEERING LAB,23,46,2
13541A0329,RT22017,FLUID MECHANICS & HYDRAULIC MACHINERY LAB,17,42,2
13541A0329,RT22031,KINEMATICS OF MACHINERY,21,1,0
13541A0329,RT22032,THERMAL ENGINEERING -I,16,26,3
13541A0329,RT22033,PRODUCTION TECHNOLOGY,17,0,0
13541A0329,RT22034,FLUID MECHANICS & HYDRAULIC MACHINERY,15,0,0
13541A0329,RT22035,MACHINE DRAWING,22,2,0
13541A0329,RT22037,PRODUCTION TECHNOLOGY LAB,22,42,2
13541A0329,RT22038,THERMAL ENGINEERING LAB,21,45,2
13541A0330,RT22017,FLUID MECHANICS & HYDRAULIC MACHINERY LAB,19,45,2
13541A0330,RT22031,KINEMATICS OF MACHINERY,20,10,0
13541A0330,RT22032,THERMAL ENGINEERING -I,19,27,3
13541A0330,RT22033,PRODUCTION TECHNOLOGY,21,29,3
13541A0330,RT22034,FLUID MECHANICS & HYDRAULIC MACHINERY,18,24,3
13541A0330,RT22035,MACHINE DRAWING,25,0,0
13541A0330,RT22037,PRODUCTION TECHNOLOGY LAB,22,44,2
13541A0330,RT22038,THERMAL ENGINEERING LAB,24,46,2
13541A0331,RT22017,FLUID MECHANICS & HYDRAULIC MACHINERY LAB,21,45,2
13541A0331,RT22031,KINEMATICS OF MACHINERY,22,0,0
13541A0331,RT22032,THERMAL ENGINEERING -I,24,24,3
13541A0331,RT22033,PRODUCTION TECHNOLOGY,21,7,0
13541A0331,RT22034,FLUID MECHANICS & HYDRAULIC MACHINERY,18,56,3
13541A0331,RT22035,MACHINE DRAWING,21,13,0
13541A0331,RT22037,PRODUCTION TECHNOLOGY LAB,22,43,2
13541A0331,RT22038,THERMAL ENGINEERING LAB,24,45,2
13541A0332,RT22017,FLUID MECHANICS & HYDRAULIC MACHINERY LAB,18,44,2
13541A0332,RT22031,KINEMATICS OF MACHINERY,19,0,0
13541A0332,RT22032,THERMAL ENGINEERING -I,20,6,0
13541A0332,RT22033,PRODUCTION TECHNOLOGY,19,6,0
13541A0332,RT22034,FLUID MECHANICS & HYDRAULIC MACHINERY,18,18,0
13541A0332,RT22035,MACHINE DRAWING,25,5,0
13541A0332,RT22037,PRODUCTION TECHNOLOGY LAB,22,43,2
13541A0332,RT22038,THERMAL ENGINEERING LAB,21,45,2
13541A0333,RT22017,FLUID MECHANICS & HYDRAULIC MACHINERY LAB,17,45,2
13541A0333,RT22031,KINEMATICS OF MACHINERY,21,1,0
13541A0333,RT22032,THERMAL ENGINEERING -I,20,9,0
13541A0333,RT22033,PRODUCTION TECHNOLOGY,14,17,0
13541A0333,RT22034,FLUID MECHANICS & HYDRAULIC MACHINERY,14,0,0
13541A0333,RT22035,MACHINE DRAWING,22,4,0
13541A0333,RT22037,PRODUCTION TECHNOLOGY LAB,21,44,2
13541A0333,RT22038,THERMAL ENGINEERING LAB,23,45,2
13541A0334,RT22017,FLUID MECHANICS & HYDRAULIC MACHINERY LAB,17,46,2
13541A0334,RT22031,KINEMATICS OF MACHINERY,19,4,0
13541A0334,RT22032,THERMAL ENGINEERING -I,19,13,0
13541A0334,RT22033,PRODUCTION TECHNOLOGY,21,24,3
13541A0334,RT22034,FLUID MECHANICS & HYDRAULIC MACHINERY,14,3,0
13541A0334,RT22035,MACHINE DRAWING,21,24,3
13541A0334,RT22037,PRODUCTION TECHNOLOGY LAB,23,45,2
13541A0334,RT22038,THERMAL ENGINEERING LAB,20,45,2
13541A0335,RT22017,FLUID MECHANICS & HYDRAULIC MACHINERY LAB,23,48,2
13541A0335,RT22031,KINEMATICS OF MACHINERY,22,3,0
13541A0335,RT22032,THERMAL ENGINEERING -I,23,15,0
13541A0335,RT22033,PRODUCTION TECHNOLOGY,19,11,0
13541A0335,RT22034,FLUID MECHANICS & HYDRAULIC MACHINERY,22,50,3
13541A0335,RT22035,MACHINE DRAWING,27,10,0
13541A0335,RT22037,PRODUCTION TECHNOLOGY LAB,24,47,2
13541A0335,RT22038,THERMAL ENGINEERING LAB,25,48,2
13541A0337,RT22017,FLUID MECHANICS & HYDRAULIC MACHINERY LAB,24,48,2
13541A0337,RT22031,KINEMATICS OF MACHINERY,25,27,3
13541A0337,RT22032,THERMAL ENGINEERING -I,23,39,3
13541A0337,RT22033,PRODUCTION TECHNOLOGY,25,34,3
13541A0337,RT22034,FLUID MECHANICS & HYDRAULIC MACHINERY,25,24,3
13541A0337,RT22035,MACHINE DRAWING,17,42,3
13541A0337,RT22037,PRODUCTION TECHNOLOGY LAB,23,48,2
13541A0337,RT22038,THERMAL ENGINEERING LAB,22,48,2
13541A0338,RT22017,FLUID MECHANICS & HYDRAULIC MACHINERY LAB,22,46,2
13541A0338,RT22031,KINEMATICS OF MACHINERY,19,8,0
13541A0338,RT22032,THERMAL ENGINEERING -I,23,14,0
13541A0338,RT22033,PRODUCTION TECHNOLOGY,20,19,0
13541A0338,RT22034,FLUID MECHANICS & HYDRAULIC MACHINERY,19,5,0
13541A0338,RT22035,MACHINE DRAWING,28,5,0
13541A0338,RT22037,PRODUCTION TECHNOLOGY LAB,22,45,2
13541A0338,RT22038,THERMAL ENGINEERING LAB,22,45,2
13541A0339,RT22017,FLUID MECHANICS & HYDRAULIC MACHINERY LAB,24,45,2
13541A0339,RT22031,KINEMATICS OF MACHINERY,24,16,0
13541A0339,RT22032,THERMAL ENGINEERING -I,24,13,0
13541A0339,RT22033,PRODUCTION TECHNOLOGY,22,45,3
13541A0339,RT22034,FLUID MECHANICS & HYDRAULIC MACHINERY,19,25,3
13541A0339,RT22035,MACHINE DRAWING,27,62,3
13541A0339,RT22037,PRODUCTION TECHNOLOGY LAB,24,48,2
13541A0339,RT22038,THERMAL ENGINEERING LAB,25,50,2
13541A0340,RT22017,FLUID MECHANICS & HYDRAULIC MACHINERY LAB,14,42,2
13541A0340,RT22031,KINEMATICS OF MACHINERY,16,0,0
13541A0340,RT22032,THERMAL ENGINEERING -I,22,17,0
13541A0340,RT22033,PRODUCTION TECHNOLOGY,13,11,0
13541A0340,RT22034,FLUID MECHANICS & HYDRAULIC MACHINERY,16,4,0
13541A0340,RT22035,MACHINE DRAWING,18,16,0
13541A0340,RT22037,PRODUCTION TECHNOLOGY LAB,18,40,2
13541A0340,RT22038,THERMAL ENGINEERING LAB,23,45,2
13541A0401,RT22022,SWITCHING THEORY AND LOGIC DESIGN,0,-1,0
13541A0401,RT22041,ELECTRONIC CIRCUIT ANALYSIS,0,-1,0
13541A0401,RT22042,RANDOM VARIABLES & STOCHASTIC PROCESSES,0,-1,0
13541A0401,RT22043,MANAGEMENT SCIENCE,0,-1,0
13541A0401,RT22044,EM WAVES AND TRANSMISSION LINES,0,-1,0
13541A0401,RT22045,ANALOG COMMUNICATIONS,0,-1,0
13541A0401,RT22046,ELECTRONIC CIRCUIT ANALYSIS LAB,0,-1,0
13541A0401,RT22047,ANALOG COMMUNICATIONS LAB,0,-1,0
13541A0402,RT22022,SWITCHING THEORY AND LOGIC DESIGN,21,27,3
13541A0402,RT22041,ELECTRONIC CIRCUIT ANALYSIS,19,32,3
13541A0402,RT22042,RANDOM VARIABLES & STOCHASTIC PROCESSES,24,26,3
13541A0402,RT22043,MANAGEMENT SCIENCE,21,24,3
13541A0402,RT22044,EM WAVES AND TRANSMISSION LINES,20,43,3
13541A0402,RT22045,ANALOG COMMUNICATIONS,23,43,3
13541A0402,RT22046,ELECTRONIC CIRCUIT ANALYSIS LAB,23,47,2
13541A0402,RT22047,ANALOG COMMUNICATIONS LAB,24,47,2
13541A0403,RT22022,SWITCHING THEORY AND LOGIC DESIGN,18,16,0
13541A0403,RT22041,ELECTRONIC CIRCUIT ANALYSIS,20,17,0
13541A0403,RT22042,RANDOM VARIABLES & STOCHASTIC PROCESSES,23,13,0
13541A0403,RT22043,MANAGEMENT SCIENCE,19,27,3
13541A0403,RT22044,EM WAVES AND TRANSMISSION LINES,16,10,0
13541A0403,RT22045,ANALOG COMMUNICATIONS,21,12,0
13541A0403,RT22046,ELECTRONIC CIRCUIT ANALYSIS LAB,23,45,2
13541A0403,RT22047,ANALOG COMMUNICATIONS LAB,23,46,2
13541A0404,RT22022,SWITCHING THEORY AND LOGIC DESIGN,16,38,3
13541A0404,RT22041,ELECTRONIC CIRCUIT ANALYSIS,17,4,0
13541A0404,RT22042,RANDOM VARIABLES & STOCHASTIC PROCESSES,21,0,0
13541A0404,RT22043,MANAGEMENT SCIENCE,20,35,3
13541A0404,RT22044,EM WAVES AND TRANSMISSION LINES,14,9,0
13541A0404,RT22045,ANALOG COMMUNICATIONS,15,16,0
13541A0404,RT22046,ELECTRONIC CIRCUIT ANALYSIS LAB,23,46,2
13541A0404,RT22047,ANALOG COMMUNICATIONS LAB,23,48,2
13541A0405,RT22022,SWITCHING THEORY AND LOGIC DESIGN,20,45,3
13541A0405,RT22041,ELECTRONIC CIRCUIT ANALYSIS,20,35,3
13541A0405,RT22042,RANDOM VARIABLES & STOCHASTIC PROCESSES,21,36,3
13541A0405,RT22043,MANAGEMENT SCIENCE,20,50,3
13541A0405,RT22044,EM WAVES AND TRANSMISSION LINES,24,49,3
13541A0405,RT22045,ANALOG COMMUNICATIONS,22,49,3
13541A0405,RT22046,ELECTRONIC CIRCUIT ANALYSIS LAB,24,47,2
13541A0405,RT22047,ANALOG COMMUNICATIONS LAB,24,48,2
13541A0406,RT22022,SWITCHING THEORY AND LOGIC DESIGN,23,45,3
13541A0406,RT22041,ELECTRONIC CIRCUIT ANALYSIS,21,36,3
13541A0406,RT22042,RANDOM VARIABLES & STOCHASTIC PROCESSES,22,31,3
13541A0406,RT22043,MANAGEMENT SCIENCE,20,30,3
13541A0406,RT22044,EM WAVES AND TRANSMISSION LINES,26,38,3
13541A0406,RT22045,ANALOG COMMUNICATIONS,22,52,3
13541A0406,RT22046,ELECTRONIC CIRCUIT ANALYSIS LAB,24,48,2
13541A0406,RT22047,ANALOG COMMUNICATIONS LAB,25,48,2
13541A0407,RT22022,SWITCHING THEORY AND LOGIC DESIGN,19,39,3
13541A0407,RT22041,ELECTRONIC CIRCUIT ANALYSIS,21,27,3
13541A0407,RT22042,RANDOM VARIABLES & STOCHASTIC PROCESSES,21,33,3
13541A0407,RT22043,MANAGEMENT SCIENCE,22,39,3
13541A0407,RT22044,EM WAVES AND TRANSMISSION LINES,23,32,3
13541A0407,RT22045,ANALOG COMMUNICATIONS,23,57,3
13541A0407,RT22046,ELECTRONIC CIRCUIT ANALYSIS LAB,24,48,2
13541A0407,RT22047,ANALOG COMMUNICATIONS LAB,23,48,2
13541A0408,RT22022,SWITCHING THEORY AND LOGIC DESIGN,19,69,3
13541A0408,RT22041,ELECTRONIC CIRCUIT ANALYSIS,18,32,3
13541A0408,RT22042,RANDOM VARIABLES & STOCHASTIC PROCESSES,22,11,0
13541A0408,RT22043,MANAGEMENT SCIENCE,18,35,3
13541A0408,RT22044,EM WAVES AND TRANSMISSION LINES,24,40,3
13541A0408,RT22045,ANALOG COMMUNICATIONS,23,31,3
13541A0408,RT22046,ELECTRONIC CIRCUIT ANALYSIS LAB,24,48,2
13541A0408,RT22047,ANALOG COMMUNICATIONS LAB,24,48,2
13541A0409,RT22022,SWITCHING THEORY AND LOGIC DESIGN,19,44,3
13541A0409,RT22041,ELECTRONIC CIRCUIT ANALYSIS,22,24,3
13541A0409,RT22042,RANDOM VARIABLES & STOCHASTIC PROCESSES,22,42,3
13541A0409,RT22043,MANAGEMENT SCIENCE,26,42,3
13541A0409,RT22044,EM WAVES AND TRANSMISSION LINES,26,45,3
13541A0409,RT22045,ANALOG COMMUNICATIONS,24,44,3
13541A0409,RT22046,ELECTRONIC CIRCUIT ANALYSIS LAB,25,49,2
13541A0409,RT22047,ANALOG COMMUNICATIONS LAB,24,48,2
13541A0410,RT22022,SWITCHING THEORY AND LOGIC DESIGN,20,24,3
13541A0410,RT22041,ELECTRONIC CIRCUIT ANALYSIS,17,26,3
13541A0410,RT22042,RANDOM VARIABLES & STOCHASTIC PROCESSES,23,14,0
13541A0410,RT22043,MANAGEMENT SCIENCE,20,30,3
13541A0410,RT22044,EM WAVES AND TRANSMISSION LINES,24,11,0
13541A0410,RT22045,ANALOG COMMUNICATIONS,20,25,3
13541A0410,RT22046,ELECTRONIC CIRCUIT ANALYSIS LAB,23,47,2
13541A0410,RT22047,ANALOG COMMUNICATIONS LAB,23,47,2
13541A0411,RT22022,SWITCHING THEORY AND LOGIC DESIGN,14,7,0
13541A0411,RT22041,ELECTRONIC CIRCUIT ANALYSIS,14,18,0
13541A0411,RT22042,RANDOM VARIABLES & STOCHASTIC PROCESSES,19,24,3
13541A0411,RT22043,MANAGEMENT SCIENCE,15,25,3
13541A0411,RT22044,EM WAVES AND TRANSMISSION LINES,15,13,0
13541A0411,RT22045,ANALOG COMMUNICATIONS,13,14,0
13541A0411,RT22046,ELECTRONIC CIRCUIT ANALYSIS LAB,23,46,2
13541A0411,RT22047,ANALOG COMMUNICATIONS LAB,23,46,2
13541A0412,RT22022,SWITCHING THEORY AND LOGIC DESIGN,22,65,3
13541A0412,RT22041,ELECTRONIC CIRCUIT ANALYSIS,23,34,3
13541A0412,RT22042,RANDOM VARIABLES & STOCHASTIC PROCESSES,25,35,3
13541A0412,RT22043,MANAGEMENT SCIENCE,23,41,3
13541A0412,RT22044,EM WAVES AND TRANSMISSION LINES,22,35,3
13541A0412,RT22045,ANALOG COMMUNICATIONS,23,33,3
13541A0412,RT22046,ELECTRONIC CIRCUIT ANALYSIS LAB,25,50,2
13541A0412,RT22047,ANALOG COMMUNICATIONS LAB,24,49,2
13541A0413,RT22022,SWITCHING THEORY AND LOGIC DESIGN,19,41,3
13541A0413,RT22041,ELECTRONIC CIRCUIT ANALYSIS,17,26,3
13541A0413,RT22042,RANDOM VARIABLES & STOCHASTIC PROCESSES,24,14,0
13541A0413,RT22043,MANAGEMENT SCIENCE,18,42,3
13541A0413,RT22044,EM WAVES AND TRANSMISSION LINES,22,12,0
13541A0413,RT22045,ANALOG COMMUNICATIONS,23,40,3
13541A0413,RT22046,ELECTRONIC CIRCUIT ANALYSIS LAB,24,49,2
13541A0413,RT22047,ANALOG COMMUNICATIONS LAB,24,47,2
13541A0415,RT22022,SWITCHING THEORY AND LOGIC DESIGN,22,8,0
13541A0415,RT22041,ELECTRONIC CIRCUIT ANALYSIS,21,42,3
13541A0415,RT22042,RANDOM VARIABLES & STOCHASTIC PROCESSES,15,32,3
13541A0415,RT22043,MANAGEMENT SCIENCE,23,41,3
13541A0415,RT22044,EM WAVES AND TRANSMISSION LINES,24,16,0
13541A0415,RT22045,ANALOG COMMUNICATIONS,21,49,3
13541A0415,RT22046,ELECTRONIC CIRCUIT ANALYSIS LAB,25,49,2
13541A0415,RT22047,ANALOG COMMUNICATIONS LAB,24,47,2
13541A0416,RT22022,SWITCHING THEORY AND LOGIC DESIGN,22,55,3
13541A0416,RT22041,ELECTRONIC CIRCUIT ANALYSIS,26,27,3
13541A0416,RT22042,RANDOM VARIABLES & STOCHASTIC PROCESSES,23,35,3
13541A0416,RT22043,MANAGEMENT SCIENCE,18,46,3
13541A0416,RT22044,EM WAVES AND TRANSMISSION LINES,23,32,3
13541A0416,RT22045,ANALOG COMMUNICATIONS,24,63,3
13541A0416,RT22046,ELECTRONIC CIRCUIT ANALYSIS LAB,25,50,2
13541A0416,RT22047,ANALOG COMMUNICATIONS LAB,24,49,2
13541A0417,RT22022,SWITCHING THEORY AND LOGIC DESIGN,19,54,3
13541A0417,RT22041,ELECTRONIC CIRCUIT ANALYSIS,23,24,3
13541A0417,RT22042,RANDOM VARIABLES & STOCHASTIC PROCESSES,22,25,3
13541A0417,RT22043,MANAGEMENT SCIENCE,19,37,3
13541A0417,RT22044,EM WAVES AND TRANSMISSION LINES,23,35,3
13541A0417,RT22045,ANALOG COMMUNICATIONS,24,37,3
13541A0417,RT22046,ELECTRONIC CIRCUIT ANALYSIS LAB,24,48,2
13541A0417,RT22047,ANALOG COMMUNICATIONS LAB,24,49,2
13541A0418,RT22022,SWITCHING THEORY AND LOGIC DESIGN,20,45,3
13541A0418,RT22041,ELECTRONIC CIRCUIT ANALYSIS,20,24,3
13541A0418,RT22042,RANDOM VARIABLES & STOCHASTIC PROCESSES,23,24,3
13541A0418,RT22043,MANAGEMENT SCIENCE,18,47,3
13541A0418,RT22044,EM WAVES AND TRANSMISSION LINES,25,25,3
13541A0418,RT22045,ANALOG COMMUNICATIONS,22,47,3
13541A0418,RT22046,ELECTRONIC CIRCUIT ANALYSIS LAB,24,48,2
13541A0418,RT22047,ANALOG COMMUNICATIONS LAB,23,49,2
13541A0419,RT22022,SWITCHING THEORY AND LOGIC DESIGN,8,-1,0
13541A0419,RT22041,ELECTRONIC CIRCUIT ANALYSIS,13,-1,0
13541A0419,RT22042,RANDOM VARIABLES & STOCHASTIC PROCESSES,5,-1,0
13541A0419,RT22043,MANAGEMENT SCIENCE,16,-1,0
13541A0419,RT22044,EM WAVES AND TRANSMISSION LINES,10,-1,0
13541A0419,RT22045,ANALOG COMMUNICATIONS,16,-1,0
13541A0419,RT22046,ELECTRONIC CIRCUIT ANALYSIS LAB,15,-1,0
13541A0419,RT22047,ANALOG COMMUNICATIONS LAB,15,-1,0
13541A0420,RT22022,SWITCHING THEORY AND LOGIC DESIGN,21,31,3
13541A0420,RT22041,ELECTRONIC CIRCUIT ANALYSIS,18,25,3
13541A0420,RT22042,RANDOM VARIABLES & STOCHASTIC PROCESSES,21,27,3
13541A0420,RT22043,MANAGEMENT SCIENCE,18,37,3
13541A0420,RT22044,EM WAVES AND TRANSMISSION LINES,16,11,0
13541A0420,RT22045,ANALOG COMMUNICATIONS,21,24,3
13541A0420,RT22046,ELECTRONIC CIRCUIT ANALYSIS LAB,23,46,2
13541A0420,RT22047,ANALOG COMMUNICATIONS LAB,23,47,2
13541A0421,RT22022,SWITCHING THEORY AND LOGIC DESIGN,15,29,3
13541A0421,RT22041,ELECTRONIC CIRCUIT ANALYSIS,18,5,0
13541A0421,RT22042,RANDOM VARIABLES & STOCHASTIC PROCESSES,23,6,0
13541A0421,RT22043,MANAGEMENT SCIENCE,18,32,3
13541A0421,RT22044,EM WAVES AND TRANSMISSION LINES,13,27,3
13541A0421,RT22045,ANALOG COMMUNICATIONS,15,6,0
13541A0421,RT22046,ELECTRONIC CIRCUIT ANALYSIS LAB,15,46,2
13541A0421,RT22047,ANALOG COMMUNICATIONS LAB,23,42,2
13541A0422,RT22022,SWITCHING THEORY AND LOGIC DESIGN,21,30,3
13541A0422,RT22041,ELECTRONIC CIRCUIT ANALYSIS,21,29,3
13541A0422,RT22042,RANDOM VARIABLES & STOCHASTIC PROCESSES,19,24,3
13541A0422,RT22043,MANAGEMENT SCIENCE,20,53,3
13541A0422,RT22044,EM WAVES AND TRANSMISSION LINES,22,40,3
13541A0422,RT22045,ANALOG COMMUNICATIONS,24,37,3
13541A0422,RT22046,ELECTRONIC CIRCUIT ANALYSIS LAB,24,48,2
13541A0422,RT22047,ANALOG COMMUNICATIONS LAB,23,47,2
13541A0423,RT22022,SWITCHING THEORY AND LOGIC DESIGN,16,34,3
13541A0423,RT22041,ELECTRONIC CIRCUIT ANALYSIS,20,35,3
13541A0423,RT22042,RANDOM VARIABLES & STOCHASTIC PROCESSES,18,26,3
13541A0423,RT22043,MANAGEMENT SCIENCE,18,30,3
13541A0423,RT22044,EM WAVES AND TRANSMISSION LINES,22,16,0
13541A0423,RT22045,ANALOG COMMUNICATIONS,21,27,3
13541A0423,RT22046,ELECTRONIC CIRCUIT ANALYSIS LAB,23,47,2
13541A0423,RT22047,ANALOG COMMUNICATIONS LAB,23,46,2
13541A0424,RT22022,SWITCHING THEORY AND LOGIC DESIGN,19,46,3
13541A0424,RT22041,ELECTRONIC CIRCUIT ANALYSIS,17,27,3
13541A0424,RT22042,RANDOM VARIABLES & STOCHASTIC PROCESSES,23,42,3
13541A0424,RT22043,MANAGEMENT SCIENCE,20,34,3
13541A0424,RT22044,EM WAVES AND TRANSMISSION LINES,23,10,0
13541A0424,RT22045,ANALOG COMMUNICATIONS,19,44,3
13541A0424,RT22046,ELECTRONIC CIRCUIT ANALYSIS LAB,23,47,2
13541A0424,RT22047,ANALOG COMMUNICATIONS LAB,24,47,2
13541A0425,RT22022,SWITCHING THEORY AND LOGIC DESIGN,19,60,3
13541A0425,RT22041,ELECTRONIC CIRCUIT ANALYSIS,20,26,3
13541A0425,RT22042,RANDOM VARIABLES & STOCHASTIC PROCESSES,23,31,3
13541A0425,RT22043,MANAGEMENT SCIENCE,21,31,3
13541A0425,RT22044,EM WAVES AND TRANSMISSION LINES,22,43,3
13541A0425,RT22045,ANALOG COMMUNICATIONS,25,46,3
13541A0425,RT22046,ELECTRONIC CIRCUIT ANALYSIS LAB,23,47,2
13541A0425,RT22047,ANALOG COMMUNICATIONS LAB,24,48,2
13541A0426,RT22022,SWITCHING THEORY AND LOGIC DESIGN,22,36,3
13541A0426,RT22041,ELECTRONIC CIRCUIT ANALYSIS,21,24,3
13541A0426,RT22042,RANDOM VARIABLES & STOCHASTIC PROCESSES,22,24,3
13541A0426,RT22043,MANAGEMENT SCIENCE,21,40,3
13541A0426,RT22044,EM WAVES AND TRANSMISSION LINES,24,35,3
13541A0426,RT22045,ANALOG COMMUNICATIONS,18,43,3
13541A0426,RT22046,ELECTRONIC CIRCUIT ANALYSIS LAB,23,47,2
13541A0426,RT22047,ANALOG COMMUNICATIONS LAB,24,45,2
13541A0427,RT22022,SWITCHING THEORY AND LOGIC DESIGN,23,53,3
13541A0427,RT22041,ELECTRONIC CIRCUIT ANALYSIS,20,31,3
13541A0427,RT22042,RANDOM VARIABLES & STOCHASTIC PROCESSES,21,40,3
13541A0427,RT22043,MANAGEMENT SCIENCE,21,34,3
13541A0427,RT22044,EM WAVES AND TRANSMISSION LINES,24,48,3
13541A0427,RT22045,ANALOG COMMUNICATIONS,22,36,3
13541A0427,RT22046,ELECTRONIC CIRCUIT ANALYSIS LAB,23,48,2
13541A0427,RT22047,ANALOG COMMUNICATIONS LAB,23,46,2
13541A0428,RT22022,SWITCHING THEORY AND LOGIC DESIGN,16,26,3
13541A0428,RT22041,ELECTRONIC CIRCUIT ANALYSIS,20,27,3
13541A0428,RT22042,RANDOM VARIABLES & STOCHASTIC PROCESSES,22,37,3
13541A0428,RT22043,MANAGEMENT SCIENCE,16,26,3
13541A0428,RT22044,EM WAVES AND TRANSMISSION LINES,19,14,0
13541A0428,RT22045,ANALOG COMMUNICATIONS,19,24,3
13541A0428,RT22046,ELECTRONIC CIRCUIT ANALYSIS LAB,23,47,2
13541A0428,RT22047,ANALOG COMMUNICATIONS LAB,23,47,2
13541A0429,RT22022,SWITCHING THEORY AND LOGIC DESIGN,16,30,3
13541A0429,RT22041,ELECTRONIC CIRCUIT ANALYSIS,23,13,0
13541A0429,RT22042,RANDOM VARIABLES & STOCHASTIC PROCESSES,18,10,0
13541A0429,RT22043,MANAGEMENT SCIENCE,19,33,3
13541A0429,RT22044,EM WAVES AND TRANSMISSION LINES,23,31,3
13541A0429,RT22045,ANALOG COMMUNICATIONS,24,29,3
13541A0429,RT22046,ELECTRONIC CIRCUIT ANALYSIS LAB,24,47,2
13541A0429,RT22047,ANALOG COMMUNICATIONS LAB,24,49,2
13541A0430,RT22022,SWITCHING THEORY AND LOGIC DESIGN,21,44,3
13541A0430,RT22041,ELECTRONIC CIRCUIT ANALYSIS,22,26,3
13541A0430,RT22042,RANDOM VARIABLES & STOCHASTIC PROCESSES,22,24,3
13541A0430,RT22043,MANAGEMENT SCIENCE,19,44,3
13541A0430,RT22044,EM WAVES AND TRANSMISSION LINES,20,35,3
13541A0430,RT22045,ANALOG COMMUNICATIONS,20,45,3
13541A0430,RT22046,ELECTRONIC CIRCUIT ANALYSIS LAB,24,48,2
13541A0430,RT22047,ANALOG COMMUNICATIONS LAB,24,48,2
13541A0431,RT22022,SWITCHING THEORY AND LOGIC DESIGN,24,58,3
13541A0431,RT22041,ELECTRONIC CIRCUIT ANALYSIS,25,45,3
13541A0431,RT22042,RANDOM VARIABLES & STOCHASTIC PROCESSES,25,43,3
13541A0431,RT22043,MANAGEMENT SCIENCE,20,34,3
13541A0431,RT22044,EM WAVES AND TRANSMISSION LINES,27,32,3
13541A0431,RT22045,ANALOG COMMUNICATIONS,24,53,3
13541A0431,RT22046,ELECTRONIC CIRCUIT ANALYSIS LAB,25,50,2
13541A0431,RT22047,ANALOG COMMUNICATIONS LAB,25,50,2
13541A0432,RT22022,SWITCHING THEORY AND LOGIC DESIGN,18,33,3
13541A0432,RT22041,ELECTRONIC CIRCUIT ANALYSIS,23,30,3
13541A0432,RT22042,RANDOM VARIABLES & STOCHASTIC PROCESSES,22,43,3
13541A0432,RT22043,MANAGEMENT SCIENCE,20,40,3
13541A0432,RT22044,EM WAVES AND TRANSMISSION LINES,24,33,3
13541A0432,RT22045,ANALOG COMMUNICATIONS,22,69,3
13541A0432,RT22046,ELECTRONIC CIRCUIT ANALYSIS LAB,25,49,2
13541A0432,RT22047,ANALOG COMMUNICATIONS LAB,24,49,2
13541A0433,RT22022,SWITCHING THEORY AND LOGIC DESIGN,19,24,3
13541A0433,RT22041,ELECTRONIC CIRCUIT ANALYSIS,18,9,0
13541A0433,RT22042,RANDOM VARIABLES & STOCHASTIC PROCESSES,18,5,0
13541A0433,RT22043,MANAGEMENT SCIENCE,21,24,3
13541A0433,RT22044,EM WAVES AND TRANSMISSION LINES,17,26,3
13541A0433,RT22045,ANALOG COMMUNICATIONS,18,11,0
13541A0433,RT22046,ELECTRONIC CIRCUIT ANALYSIS LAB,24,48,2
13541A0433,RT22047,ANALOG COMMUNICATIONS LAB,24,49,2
13541A0434,RT22022,SWITCHING THEORY AND LOGIC DESIGN,22,49,3
13541A0434,RT22041,ELECTRONIC CIRCUIT ANALYSIS,18,35,3
13541A0434,RT22042,RANDOM VARIABLES & STOCHASTIC PROCESSES,24,27,3
13541A0434,RT22043,MANAGEMENT SCIENCE,19,46,3
13541A0434,RT22044,EM WAVES AND TRANSMISSION LINES,22,52,3
13541A0434,RT22045,ANALOG COMMUNICATIONS,22,53,3
13541A0434,RT22046,ELECTRONIC CIRCUIT ANALYSIS LAB,23,48,2
13541A0434,RT22047,ANALOG COMMUNICATIONS LAB,24,48,2
13541A0435,RT22022,SWITCHING THEORY AND LOGIC DESIGN,20,60,3
13541A0435,RT22041,ELECTRONIC CIRCUIT ANALYSIS,25,35,3
13541A0435,RT22042,RANDOM VARIABLES & STOCHASTIC PROCESSES,23,40,3
13541A0435,RT22043,MANAGEMENT SCIENCE,23,30,3
13541A0435,RT22044,EM WAVES AND TRANSMISSION LINES,27,35,3
13541A0435,RT22045,ANALOG COMMUNICATIONS,23,42,3
13541A0435,RT22046,ELECTRONIC CIRCUIT ANALYSIS LAB,24,48,2
13541A0435,RT22047,ANALOG COMMUNICATIONS LAB,23,46,2
13541A0436,RT22022,SWITCHING THEORY AND LOGIC DESIGN,20,13,0
13541A0436,RT22041,ELECTRONIC CIRCUIT ANALYSIS,21,30,3
13541A0436,RT22042,RANDOM VARIABLES & STOCHASTIC PROCESSES,22,17,0
13541A0436,RT22043,MANAGEMENT SCIENCE,17,38,3
13541A0436,RT22044,EM WAVES AND TRANSMISSION LINES,24,24,3
13541A0436,RT22045,ANALOG COMMUNICATIONS,27,31,3
13541A0436,RT22046,ELECTRONIC CIRCUIT ANALYSIS LAB,25,49,2
13541A0436,RT22047,ANALOG COMMUNICATIONS LAB,24,47,2
13541A0437,RT22022,SWITCHING THEORY AND LOGIC DESIGN,23,54,3
13541A0437,RT22041,ELECTRONIC CIRCUIT ANALYSIS,20,26,3
13541A0437,RT22042,RANDOM VARIABLES & STOCHASTIC PROCESSES,22,24,3
13541A0437,RT22043,MANAGEMENT SCIENCE,19,42,3
13541A0437,RT22044,EM WAVES AND TRANSMISSION LINES,21,44,3
13541A0437,RT22045,ANALOG COMMUNICATIONS,23,46,3
13541A0437,RT22046,ELECTRONIC CIRCUIT ANALYSIS LAB,24,49,2
13541A0437,RT22047,ANALOG COMMUNICATIONS LAB,23,49,2
13541A0501,RT22051,PROBABILITY AND STATISTICS,17,10,0
13541A0501,RT22052,JAVA PROGRAMMING,22,34,3
13541A0501,RT22053,ADVANCED DATA STRUCTURES,25,28,3
13541A0501,RT22054,COMPUTER ORGANIZATION,23,6,0
13541A0501,RT22055,FORMAL LANGUAGES AND AUTOMATA THEORY,23,38,3
13541A0501,RT22056,ADVANCED DATA STRUCTURES LAB,23,47,2
13541A0501,RT22057,JAVA PROGRAMMING LAB,23,47,2
13541A0501,RT22058,FREE OPEN SOURCE SOFTWARE(FOSS) LAB,22,47,2
13541A0502,RT22051,PROBABILITY AND STATISTICS,19,2,0
13541A0502,RT22052,JAVA PROGRAMMING,19,1,0
13541A0502,RT22053,ADVANCED DATA STRUCTURES,20,13,0
13541A0502,RT22054,COMPUTER ORGANIZATION,20,4,0
13541A0502,RT22055,FORMAL LANGUAGES AND AUTOMATA THEORY,17,8,0
13541A0502,RT22056,ADVANCED DATA STRUCTURES LAB,21,47,2
13541A0502,RT22057,JAVA PROGRAMMING LAB,21,46,2
13541A0502,RT22058,FREE OPEN SOURCE SOFTWARE(FOSS) LAB,21,46,2
13541A0503,RT22051,PROBABILITY AND STATISTICS,19,9,0
13541A0503,RT22052,JAVA PROGRAMMING,21,31,3
13541A0503,RT22053,ADVANCED DATA STRUCTURES,21,31,3
13541A0503,RT22054,COMPUTER ORGANIZATION,20,25,3
13541A0503,RT22055,FORMAL LANGUAGES AND AUTOMATA THEORY,15,25,3
13541A0503,RT22056,ADVANCED DATA STRUCTURES LAB,24,49,2
13541A0503,RT22057,JAVA PROGRAMMING LAB,24,47,2
13541A0503,RT22058,FREE OPEN SOURCE SOFTWARE(FOSS) LAB,24,47,2
13541A0504,RT22051,PROBABILITY AND STATISTICS,20,16,0
13541A0504,RT22052,JAVA PROGRAMMING,18,24,3
13541A0504,RT22053,ADVANCED DATA STRUCTURES,19,24,3
13541A0504,RT22054,COMPUTER ORGANIZATION,17,13,0
13541A0504,RT22055,FORMAL LANGUAGES AND AUTOMATA THEORY,20,33,3
13541A0504,RT22056,ADVANCED DATA STRUCTURES LAB,23,48,2
13541A0504,RT22057,JAVA PROGRAMMING LAB,23,47,2
13541A0504,RT22058,FREE OPEN SOURCE SOFTWARE(FOSS) LAB,22,47,2
13541A0505,RT22051,PROBABILITY AND STATISTICS,22,25,3
13541A0505,RT22052,JAVA PROGRAMMING,25,34,3
13541A0505,RT22053,ADVANCED DATA STRUCTURES,25,36,3
13541A0505,RT22054,COMPUTER ORGANIZATION,25,29,3
13541A0505,RT22055,FORMAL LANGUAGES AND AUTOMATA THEORY,24,35,3
13541A0505,RT22056,ADVANCED DATA STRUCTURES LAB,24,49,2
13541A0505,RT22057,JAVA PROGRAMMING LAB,25,49,2
13541A0505,RT22058,FREE OPEN SOURCE SOFTWARE(FOSS) LAB,24,49,2
13541A0506,RT22051,PROBABILITY AND STATISTICS,21,28,3
13541A0506,RT22052,JAVA PROGRAMMING,22,10,0
13541A0506,RT22053,ADVANCED DATA STRUCTURES,25,44,3
13541A0506,RT22054,COMPUTER ORGANIZATION,21,27,3
13541A0506,RT22055,FORMAL LANGUAGES AND AUTOMATA THEORY,24,50,3
13541A0506,RT22056,ADVANCED DATA STRUCTURES LAB,24,48,2
13541A0506,RT22057,JAVA PROGRAMMING LAB,24,48,2
13541A0506,RT22058,FREE OPEN SOURCE SOFTWARE(FOSS) LAB,23,48,2
13541A0507,RT22051,PROBABILITY AND STATISTICS,19,10,0
13541A0507,RT22052,JAVA PROGRAMMING,21,39,3
13541A0507,RT22053,ADVANCED DATA STRUCTURES,25,27,3
13541A0507,RT22054,COMPUTER ORGANIZATION,22,9,0
13541A0507,RT22055,FORMAL LANGUAGES AND AUTOMATA THEORY,23,27,3
13541A0507,RT22056,ADVANCED DATA STRUCTURES LAB,23,47,2
13541A0507,RT22057,JAVA PROGRAMMING LAB,24,47,2
13541A0507,RT22058,FREE OPEN SOURCE SOFTWARE(FOSS) LAB,22,47,2
13541A0508,RT22051,PROBABILITY AND STATISTICS,21,26,3
13541A0508,RT22052,JAVA PROGRAMMING,19,15,0
13541A0508,RT22053,ADVANCED DATA STRUCTURES,22,24,3
13541A0508,RT22054,COMPUTER ORGANIZATION,18,25,3
13541A0508,RT22055,FORMAL LANGUAGES AND AUTOMATA THEORY,22,46,3
13541A0508,RT22056,ADVANCED DATA STRUCTURES LAB,24,49,2
13541A0508,RT22057,JAVA PROGRAMMING LAB,23,48,2
13541A0508,RT22058,FREE OPEN SOURCE SOFTWARE(FOSS) LAB,23,46,2
14545A0201,RT22021,ENVIRONMENTAL STUDIES,16,49,3
14545A0201,RT22022,SWITCHING THEORY AND LOGIC DESIGN,19,37,3
14545A0201,RT22023,PULSE & DIGITAL CIRCUITS,12,28,3
14545A0201,RT22024,POWER SYSTEMS-I,17,27,3
14545A0201,RT22025,ELECTRICAL MACHINES-II,20,10,0
14545A0201,RT22026,CONTROL SYSTEMS,21,3,0
14545A0201,RT22027,ELECTRICAL MACHINES -I LAB,18,46,2
14545A0201,RT22028,ELECTRONIC DEVICES & CIRCUITS LAB,21,46,2
14545A0202,RT22021,ENVIRONMENTAL STUDIES,21,26,3
14545A0202,RT22022,SWITCHING THEORY AND LOGIC DESIGN,18,0,0
14545A0202,RT22023,PULSE & DIGITAL CIRCUITS,9,1,0
14545A0202,RT22024,POWER SYSTEMS-I,18,-1,0
14545A0202,RT22025,ELECTRICAL MACHINES-II,18,-1,0
14545A0202,RT22026,CONTROL SYSTEMS,19,-1,0
14545A0202,RT22027,ELECTRICAL MACHINES -I LAB,18,-1,0
14545A0202,RT22028,ELECTRONIC DEVICES & CIRCUITS LAB,21,-1,0
14545A0203,RT22021,ENVIRONMENTAL STUDIES,9,-1,0
14545A0203,RT22022,SWITCHING THEORY AND LOGIC DESIGN,9,-1,0
14545A0203,RT22023,PULSE & DIGITAL CIRCUITS,10,-1,0
14545A0203,RT22024,POWER SYSTEMS-I,8,-1,0
14545A0203,RT22025,ELECTRICAL MACHINES-II,7,-1,0
14545A0203,RT22026,CONTROL SYSTEMS,9,-1,0
14545A0203,RT22027,ELECTRICAL MACHINES -I LAB,18,-1,0
14545A0203,RT22028,ELECTRONIC DEVICES & CIRCUITS LAB,21,-1,0
14545A0204,RT22021,ENVIRONMENTAL STUDIES,16,28,3
14545A0204,RT22022,SWITCHING THEORY AND LOGIC DESIGN,16,26,3
14545A0204,RT22023,PULSE & DIGITAL CIRCUITS,9,1,0
14545A0204,RT22024,POWER SYSTEMS-I,21,24,3
14545A0204,RT22025,ELECTRICAL MACHINES-II,17,8,0
14545A0204,RT22026,CONTROL SYSTEMS,20,0,0
14545A0204,RT22027,ELECTRICAL MACHINES -I LAB,18,-1,0
14545A0204,RT22028,ELECTRONIC DEVICES & CIRCUITS LAB,21,-1,0
14545A0205,RT22021,ENVIRONMENTAL STUDIES,21,29,3
14545A0205,RT22022,SWITCHING THEORY AND LOGIC DESIGN,18,28,3
14545A0205,RT22023,PULSE & DIGITAL CIRCUITS,20,25,3
14545A0205,RT22024,POWER SYSTEMS-I,19,37,3
14545A0205,RT22025,ELECTRICAL MACHINES-II,20,53,3
14545A0205,RT22026,CONTROL SYSTEMS,23,26,3
14545A0205,RT22027,ELECTRICAL MACHINES -I LAB,18,46,2
14545A0205,RT22028,ELECTRONIC DEVICES & CIRCUITS LAB,21,45,2
14545A0206,RT22021,ENVIRONMENTAL STUDIES,22,51,3
14545A0206,RT22022,SWITCHING THEORY AND LOGIC DESIGN,25,51,3
14545A0206,RT22023,PULSE & DIGITAL CIRCUITS,25,24,3
14545A0206,RT22024,POWER SYSTEMS-I,25,59,3
14545A0206,RT22025,ELECTRICAL MACHINES-II,21,69,3
14545A0206,RT22026,CONTROL SYSTEMS,23,44,3
14545A0206,RT22027,ELECTRICAL MACHINES -I LAB,24,46,2
14545A0206,RT22028,ELECTRONIC DEVICES & CIRCUITS LAB,25,50,2
14545A0207,RT22021,ENVIRONMENTAL STUDIES,8,10,0
14545A0207,RT22022,SWITCHING THEORY AND LOGIC DESIGN,9,9,0
14545A0207,RT22023,PULSE & DIGITAL CIRCUITS,7,3,0
14545A0207,RT22024,POWER SYSTEMS-I,8,18,0
14545A0207,RT22025,ELECTRICAL MACHINES-II,8,-1,0
14545A0207,RT22026,CONTROL SYSTEMS,8,-1,0
14545A0207,RT22027,ELECTRICAL MACHINES -I LAB,18,-1,0
14545A0207,RT22028,ELECTRONIC DEVICES & CIRCUITS LAB,21,-1,0
14545A0208,RT22021,ENVIRONMENTAL STUDIES,21,46,3
14545A0208,RT22022,SWITCHING THEORY AND LOGIC DESIGN,18,39,3
14545A0208,RT22023,PULSE & DIGITAL CIRCUITS,18,34,3
14545A0208,RT22024,POWER SYSTEMS-I,23,48,3
14545A0208,RT22025,ELECTRICAL MACHINES-II,24,28,3
14545A0208,RT22026,CONTROL SYSTEMS,24,45,3
14545A0208,RT22027,ELECTRICAL MACHINES -I LAB,23,45,2
14545A0208,RT22028,ELECTRONIC DEVICES & CIRCUITS LAB,23,47,2
14545A0209,RT22021,ENVIRONMENTAL STUDIES,19,39,3
14545A0209,RT22022,SWITCHING THEORY AND LOGIC DESIGN,11,15,0
14545A0209,RT22023,PULSE & DIGITAL CIRCUITS,12,12,0
14545A0209,RT22024,POWER SYSTEMS-I,20,51,3
14545A0209,RT22025,ELECTRICAL MACHINES-II,17,28,3
14545A0209,RT22026,CONTROL SYSTEMS,22,24,3
14545A0209,RT22027,ELECTRICAL MACHINES -I LAB,18,46,2
14545A0209,RT22028,ELECTRONIC DEVICES & CIRCUITS LAB,23,48,2
14545A0210,RT22021,ENVIRONMENTAL STUDIES,17,32,3
14545A0210,RT22022,SWITCHING THEORY AND LOGIC DESIGN,14,31,3
14545A0210,RT22023,PULSE & DIGITAL CIRCUITS,9,6,0
14545A0210,RT22024,POWER SYSTEMS-I,20,17,0
14545A0210,RT22025,ELECTRICAL MACHINES-II,15,6,0
14545A0210,RT22026,CONTROL SYSTEMS,23,24,3
14545A0210,RT22027,ELECTRICAL MACHINES -I LAB,18,45,2
14545A0210,RT22028,ELECTRONIC DEVICES & CIRCUITS LAB,22,45,2
14545A0211,RT22021,ENVIRONMENTAL STUDIES,20,28,3
14545A0211,RT22022,SWITCHING THEORY AND LOGIC DESIGN,15,46,3
14545A0211,RT22023,PULSE & DIGITAL CIRCUITS,10,14,0
14545A0211,RT22024,POWER SYSTEMS-I,19,45,3
14545A0211,RT22025,ELECTRICAL MACHINES-II,19,12,0
14545A0211,RT22026,CONTROL SYSTEMS,18,0,0
14545A0211,RT22027,ELECTRICAL MACHINES -I LAB,18,-1,0
14545A0211,RT22028,ELECTRONIC DEVICES & CIRCUITS LAB,21,-1,0
14545A0212,RT22021,ENVIRONMENTAL STUDIES,23,48,3
14545A0212,RT22022,SWITCHING THEORY AND LOGIC DESIGN,18,24,3
14545A0212,RT22023,PULSE & DIGITAL CIRCUITS,23,37,3
14545A0212,RT22024,POWER SYSTEMS-I,21,44,3
14545A0212,RT22025,ELECTRICAL MACHINES-II,7,24,0
14545A0212,RT22026,CONTROL SYSTEMS,24,32,3
14545A0212,RT22027,ELECTRICAL MACHINES -I LAB,20,47,2
14545A0212,RT22028,ELECTRONIC DEVICES & CIRCUITS LAB,23,46,2
14545A0213,RT22021,ENVIRONMENTAL STUDIES,17,63,3
14545A0213,RT22022,SWITCHING THEORY AND LOGIC DESIGN,17,26,3
14545A0213,RT22023,PULSE & DIGITAL CIRCUITS,24,37,3
14545A0213,RT22024,POWER SYSTEMS-I,25,55,3
14545A0213,RT22025,ELECTRICAL MACHINES-II,24,51,3
14545A0213,RT22026,CONTROL SYSTEMS,24,60,3
14545A0213,RT22027,ELECTRICAL MACHINES -I LAB,23,48,2
14545A0213,RT22028,ELECTRONIC DEVICES & CIRCUITS LAB,24,48,2
14545A0214,RT22021,ENVIRONMENTAL STUDIES,21,51,3
14545A0214,RT22022,SWITCHING THEORY AND LOGIC DESIGN,9,50,3
14545A0214,RT22023,PULSE & DIGITAL CIRCUITS,25,29,3
14545A0214,RT22024,POWER SYSTEMS-I,27,55,3
14545A0214,RT22025,ELECTRICAL MACHINES-II,24,70,3
14545A0214,RT22026,CONTROL SYSTEMS,25,48,3
14545A0214,RT22027,ELECTRICAL MACHINES -I LAB,25,49,2
14545A0214,RT22028,ELECTRONIC DEVICES & CIRCUITS LAB,25,48,2
14545A0215,RT22021,ENVIRONMENTAL STUDIES,18,26,3
14545A0215,RT22022,SWITCHING THEORY AND LOGIC DESIGN,14,56,3
14545A0215,RT22023,PULSE & DIGITAL CIRCUITS,9,17,0
14545A0215,RT22024,POWER SYSTEMS-I,18,40,3
14545A0215,RT22025,ELECTRICAL MACHINES-II,11,35,3
14545A0215,RT22026,CONTROL SYSTEMS,22,9,0
14545A0215,RT22027,ELECTRICAL MACHINES -I LAB,18,45,2
14545A0215,RT22028,ELECTRONIC DEVICES & CIRCUITS LAB,22,45,2
14545A0216,RT22021,ENVIRONMENTAL STUDIES,21,39,3
14545A0216,RT22022,SWITCHING THEORY AND LOGIC DESIGN,11,41,3
14545A0216,RT22023,PULSE & DIGITAL CIRCUITS,19,35,3
14545A0216,RT22024,POWER SYSTEMS-I,21,36,3
14545A0216,RT22025,ELECTRICAL MACHINES-II,20,27,3
14545A0216,RT22026,CONTROL SYSTEMS,17,35,3
14545A0216,RT22027,ELECTRICAL MACHINES -I LAB,20,47,2
14545A0216,RT22028,ELECTRONIC DEVICES & CIRCUITS LAB,22,45,2
14545A0217,RT22021,ENVIRONMENTAL STUDIES,8,0,0
14545A0217,RT22022,SWITCHING THEORY AND LOGIC DESIGN,8,2,0
14545A0217,RT22023,PULSE & DIGITAL CIRCUITS,10,17,0
14545A0217,RT22024,POWER SYSTEMS-I,10,31,3
14545A0217,RT22025,ELECTRICAL MACHINES-II,7,0,0
14545A0217,RT22026,CONTROL SYSTEMS,9,10,0
14545A0217,RT22027,ELECTRICAL MACHINES -I LAB,18,-1,0
14545A0217,RT22028,ELECTRONIC DEVICES & CIRCUITS LAB,21,-1,0
14545A0301,RT22017,FLUID MECHANICS & HYDRAULIC MACHINERY LAB,23,48,2
14545A0301,RT22031,KINEMATICS OF MACHINERY,23,24,3
14545A0301,RT22032,THERMAL ENGINEERING -I,21,44,3
14545A0301,RT22033,PRODUCTION TECHNOLOGY,19,30,3
14545A0301,RT22034,FLUID MECHANICS & HYDRAULIC MACHINERY,23,39,3
14545A0301,RT22035,MACHINE DRAWING,26,53,3
14545A0301,RT22037,PRODUCTION TECHNOLOGY LAB,24,47,2
14545A0301,RT22038,THERMAL ENGINEERING LAB,25,49,2
14545A0302,RT22017,FLUID MECHANICS & HYDRAULIC MACHINERY LAB,25,48,2
14545A0302,RT22031,KINEMATICS OF MACHINERY,26,24,3
14545A0302,RT22032,THERMAL ENGINEERING -I,25,37,3
14545A0302,RT22033,PRODUCTION TECHNOLOGY,26,27,3
14545A0302,RT22034,FLUID MECHANICS & HYDRAULIC MACHINERY,21,34,3
14545A0302,RT22035,MACHINE DRAWING,28,38,3
14545A0302,RT22037,PRODUCTION TECHNOLOGY LAB,24,48,2
14545A0302,RT22038,THERMAL ENGINEERING LAB,25,48,2
14545A0303,RT22017,FLUID MECHANICS & HYDRAULIC MACHINERY LAB,25,46,2
14545A0303,RT22031,KINEMATICS OF MACHINERY,26,53,3
14545A0303,RT22032,THERMAL ENGINEERING -I,24,31,3
14545A0303,RT22033,PRODUCTION TECHNOLOGY,26,52,3
14545A0303,RT22034,FLUID MECHANICS & HYDRAULIC MACHINERY,21,65,3
14545A0303,RT22035,MACHINE DRAWING,29,57,3
14545A0303,RT22037,PRODUCTION TECHNOLOGY LAB,24,49,2
14545A0303,RT22038,THERMAL ENGINEERING LAB,25,50,2
14545A0304,RT22017,FLUID MECHANICS & HYDRAULIC MACHINERY LAB,16,45,2
14545A0304,RT22031,KINEMATICS OF MACHINERY,18,14,0
14545A0304,RT22032,THERMAL ENGINEERING -I,23,6,0
14545A0304,RT22033,PRODUCTION TECHNOLOGY,17,0,0
14545A0304,RT22034,FLUID MECHANICS & HYDRAULIC MACHINERY,17,29,3
14545A0304,RT22035,MACHINE DRAWING,17,24,3
14545A0304,RT22037,PRODUCTION TECHNOLOGY LAB,21,46,2
14545A0304,RT22038,THERMAL ENGINEERING LAB,23,47,2
14545A0305,RT22017,FLUID MECHANICS & HYDRAULIC MACHINERY LAB,24,44,2
14545A0305,RT22031,KINEMATICS OF MACHINERY,23,9,0
14545A0305,RT22032,THERMAL ENGINEERING -I,23,2,0
14545A0305,RT22033,PRODUCTION TECHNOLOGY,21,31,3
14545A0305,RT22034,FLUID MECHANICS & HYDRAULIC MACHINERY,16,13,0
14545A0305,RT22035,MACHINE DRAWING,24,43,3
14545A0305,RT22037,PRODUCTION TECHNOLOGY LAB,21,47,2
14545A0305,RT22038,THERMAL ENGINEERING LAB,23,48,2
14545A0306,RT22017,FLUID MECHANICS & HYDRAULIC MACHINERY LAB,22,43,2
14545A0306,RT22031,KINEMATICS OF MACHINERY,24,8,0
14545A0306,RT22032,THERMAL ENGINEERING -I,24,50,3
14545A0306,RT22033,PRODUCTION TECHNOLOGY,22,30,3
14545A0306,RT22034,FLUID MECHANICS & HYDRAULIC MACHINERY,19,0,0
14545A0306,RT22035,MACHINE DRAWING,23,9,0
14545A0306,RT22037,PRODUCTION TECHNOLOGY LAB,22,46,2
14545A0306,RT22038,THERMAL ENGINEERING LAB,24,47,2
14545A0307,RT22017,FLUID MECHANICS & HYDRAULIC MACHINERY LAB,21,48,2
14545A0307,RT22031,KINEMATICS OF MACHINERY,21,8,0
14545A0307,RT22032,THERMAL ENGINEERING -I,22,18,0
14545A0307,RT22033,PRODUCTION TECHNOLOGY,22,37,3
14545A0307,RT22034,FLUID MECHANICS & HYDRAULIC MACHINERY,17,15,0
14545A0307,RT22035,MACHINE DRAWING,21,67,3
14545A0307,RT22037,PRODUCTION TECHNOLOGY LAB,24,47,2
14545A0307,RT22038,THERMAL ENGINEERING LAB,24,48,2
14545A0308,RT22017,FLUID MECHANICS & HYDRAULIC MACHINERY LAB,25,44,2
14545A0308,RT22031,KINEMATICS OF MACHINERY,23,39,3
14545A0308,RT22032,THERMAL ENGINEERING -I,23,38,3
14545A0308,RT22033,PRODUCTION TECHNOLOGY,23,27,3
14545A0308,RT22034,FLUID MECHANICS & HYDRAULIC MACHINERY,22,65,3
14545A0308,RT22035,MACHINE DRAWING,26,27,3
14545A0308,RT22037,PRODUCTION TECHNOLOGY LAB,24,47,2
14545A0308,RT22038,THERMAL ENGINEERING LAB,24,48,2
14545A0309,RT22017,FLUID MECHANICS & HYDRAULIC MACHINERY LAB,24,47,2
14545A0309,RT22031,KINEMATICS OF MACHINERY,26,3,0
14545A0309,RT22032,THERMAL ENGINEERING -I,23,5,0
14545A0309,RT22033,PRODUCTION TECHNOLOGY,25,7,0
14545A0309,RT22034,FLUID MECHANICS & HYDRAULIC MACHINERY,23,5,0
14545A0309,RT22035,MACHINE DRAWING,29,63,3
14545A0309,RT22037,PRODUCTION TECHNOLOGY LAB,24,48,2
14545A0309,RT22038,THERMAL ENGINEERING LAB,25,50,2
14545A0401,RT22022,SWITCHING THEORY AND LOGIC DESIGN,16,51,3
14545A0401,RT22041,ELECTRONIC CIRCUIT ANALYSIS,17,17,0
14545A0401,RT22042,RANDOM VARIABLES & STOCHASTIC PROCESSES,19,7,0
14545A0401,RT22043,MANAGEMENT SCIENCE,20,42,3
14545A0401,RT22044,EM WAVES AND TRANSMISSION LINES,17,10,0
14545A0401,RT22045,ANALOG COMMUNICATIONS,21,41,3
14545A0401,RT22046,ELECTRONIC CIRCUIT ANALYSIS LAB,23,47,2
14545A0401,RT22047,ANALOG COMMUNICATIONS LAB,23,47,2
14545A0402,RT22022,SWITCHING THEORY AND LOGIC DESIGN,16,2,0
14545A0402,RT22041,ELECTRONIC CIRCUIT ANALYSIS,23,2,0
14545A0402,RT22042,RANDOM VARIABLES & STOCHASTIC PROCESSES,20,-1,0
14545A0402,RT22043,MANAGEMENT SCIENCE,18,-1,0
14545A0402,RT22044,EM WAVES AND TRANSMISSION LINES,16,-1,0
14545A0402,RT22045,ANALOG COMMUNICATIONS,18,24,3
14545A0402,RT22046,ELECTRONIC CIRCUIT ANALYSIS LAB,21,36,2
14545A0402,RT22047,ANALOG COMMUNICATIONS LAB,23,35,2
14545A0403,RT22022,SWITCHING THEORY AND LOGIC DESIGN,19,-1,0
14545A0403,RT22041,ELECTRONIC CIRCUIT ANALYSIS,22,-1,0
14545A0403,RT22042,RANDOM VARIABLES & STOCHASTIC PROCESSES,19,-1,0
14545A0403,RT22043,MANAGEMENT SCIENCE,19,-1,0
14545A0403,RT22044,EM WAVES AND TRANSMISSION LINES,18,-1,0
14545A0403,RT22045,ANALOG COMMUNICATIONS,19,-1,0
14545A0403,RT22046,ELECTRONIC CIRCUIT ANALYSIS LAB,21,36,2
14545A0403,RT22047,ANALOG COMMUNICATIONS LAB,23,35,2
14545A0404,RT22022,SWITCHING THEORY AND LOGIC DESIGN,17,10,0
14545A0404,RT22041,ELECTRONIC CIRCUIT ANALYSIS,23,5,0
14545A0404,RT22042,RANDOM VARIABLES & STOCHASTIC PROCESSES,18,5,0
14545A0404,RT22043,MANAGEMENT SCIENCE,18,25,3
14545A0404,RT22044,EM WAVES AND TRANSMISSION LINES,18,12,0
14545A0404,RT22045,ANALOG COMMUNICATIONS,18,15,0
14545A0404,RT22046,ELECTRONIC CIRCUIT ANALYSIS LAB,21,40,2
14545A0404,RT22047,ANALOG COMMUNICATIONS LAB,23,40,2
14545A0405,RT22022,SWITCHING THEORY AND LOGIC DESIGN,20,51,3
14545A0405,RT22041,ELECTRONIC CIRCUIT ANALYSIS,23,26,3
14545A0405,RT22042,RANDOM VARIABLES & STOCHASTIC PROCESSES,24,26,3
14545A0405,RT22043,MANAGEMENT SCIENCE,21,45,3
14545A0405,RT22044,EM WAVES AND TRANSMISSION LINES,25,37,3
14545A0405,RT22045,ANALOG COMMUNICATIONS,24,46,3
14545A0405,RT22046,ELECTRONIC CIRCUIT ANALYSIS LAB,25,50,2
14545A0405,RT22047,ANALOG COMMUNICATIONS LAB,25,49,2
14545A0406,RT22022,SWITCHING THEORY AND LOGIC DESIGN,12,0,0
14545A0406,RT22041,ELECTRONIC CIRCUIT ANALYSIS,10,30,3
14545A0406,RT22042,RANDOM VARIABLES & STOCHASTIC PROCESSES,20,2,0
14545A0406,RT22043,MANAGEMENT SCIENCE,17,18,0
14545A0406,RT22044,EM WAVES AND TRANSMISSION LINES,14,2,0
14545A0406,RT22045,ANALOG COMMUNICATIONS,15,25,3
14545A0406,RT22046,ELECTRONIC CIRCUIT ANALYSIS LAB,23,46,2
14545A0406,RT22047,ANALOG COMMUNICATIONS LAB,23,46,2
14545A0407,RT22022,SWITCHING THEORY AND LOGIC DESIGN,14,11,0
14545A0407,RT22041,ELECTRONIC CIRCUIT ANALYSIS,12,9,0
14545A0407,RT22042,RANDOM VARIABLES & STOCHASTIC PROCESSES,14,4,0
14545A0407,RT22043,MANAGEMENT SCIENCE,18,27,3
14545A0407,RT22044,EM WAVES AND TRANSMISSION LINES,15,2,0
14545A0407,RT22045,ANALOG COMMUNICATIONS,16,26,3
14545A0407,RT22046,ELECTRONIC CIRCUIT ANALYSIS LAB,23,48,2
14545A0407,RT22047,ANALOG COMMUNICATIONS LAB,23,47,2
14545A0408,RT22022,SWITCHING THEORY AND LOGIC DESIGN,19,34,3
14545A0408,RT22041,ELECTRONIC CIRCUIT ANALYSIS,19,27,3
14545A0408,RT22042,RANDOM VARIABLES & STOCHASTIC PROCESSES,15,11,0
14545A0408,RT22043,MANAGEMENT SCIENCE,21,35,3
14545A0408,RT22044,EM WAVES AND TRANSMISSION LINES,23,35,3
14545A0408,RT22045,ANALOG COMMUNICATIONS,22,48,3
14545A0408,RT22046,ELECTRONIC CIRCUIT ANALYSIS LAB,23,48,2
14545A0408,RT22047,ANALOG COMMUNICATIONS LAB,24,48,2
14545A0409,RT22022,SWITCHING THEORY AND LOGIC DESIGN,17,27,3
14545A0409,RT22041,ELECTRONIC CIRCUIT ANALYSIS,18,2,0
14545A0409,RT22042,RANDOM VARIABLES & STOCHASTIC PROCESSES,20,7,0
14545A0409,RT22043,MANAGEMENT SCIENCE,19,32,3
14545A0409,RT22044,EM WAVES AND TRANSMISSION LINES,17,6,0
14545A0409,RT22045,ANALOG COMMUNICATIONS,18,6,0
14545A0409,RT22046,ELECTRONIC CIRCUIT ANALYSIS LAB,21,40,2
14545A0409,RT22047,ANALOG COMMUNICATIONS LAB,23,36,2
14545A0410,RT22022,SWITCHING THEORY AND LOGIC DESIGN,18,32,3
14545A0410,RT22041,ELECTRONIC CIRCUIT ANALYSIS,15,33,3
14545A0410,RT22042,RANDOM VARIABLES & STOCHASTIC PROCESSES,16,24,3
14545A0410,RT22043,MANAGEMENT SCIENCE,21,24,3
14545A0410,RT22044,EM WAVES AND TRANSMISSION LINES,20,12,0
14545A0410,RT22045,ANALOG COMMUNICATIONS,22,25,3
14545A0410,RT22046,ELECTRONIC CIRCUIT ANALYSIS LAB,23,46,2
14545A0410,RT22047,ANALOG COMMUNICATIONS LAB,23,45,2
14545A0411,RT22022,SWITCHING THEORY AND LOGIC DESIGN,21,57,3
14545A0411,RT22041,ELECTRONIC CIRCUIT ANALYSIS,24,42,3
14545A0411,RT22042,RANDOM VARIABLES & STOCHASTIC PROCESSES,23,37,3
14545A0411,RT22043,MANAGEMENT SCIENCE,21,45,3
14545A0411,RT22044,EM WAVES AND TRANSMISSION LINES,25,33,3
14545A0411,RT22045,ANALOG COMMUNICATIONS,23,66,3
14545A0411,RT22046,ELECTRONIC CIRCUIT ANALYSIS LAB,25,50,2
14545A0411,RT22047,ANALOG COMMUNICATIONS LAB,25,48,2
14545A0412,RT22022,SWITCHING THEORY AND LOGIC DESIGN,17,0,0
14545A0412,RT22041,ELECTRONIC CIRCUIT ANALYSIS,19,1,0
14545A0412,RT22042,RANDOM VARIABLES & STOCHASTIC PROCESSES,19,0,0
14545A0412,RT22043,MANAGEMENT SCIENCE,19,38,3
14545A0412,RT22044,EM WAVES AND TRANSMISSION LINES,16,5,0
14545A0412,RT22045,ANALOG COMMUNICATIONS,18,12,0
14545A0412,RT22046,ELECTRONIC CIRCUIT ANALYSIS LAB,21,40,2
14545A0412,RT22047,ANALOG COMMUNICATIONS LAB,23,37,2
14545A0413,RT22022,SWITCHING THEORY AND LOGIC DESIGN,18,45,3
14545A0413,RT22041,ELECTRONIC CIRCUIT ANALYSIS,25,27,3
14545A0413,RT22042,RANDOM VARIABLES & STOCHASTIC PROCESSES,22,16,0
14545A0413,RT22043,MANAGEMENT SCIENCE,20,46,3
14545A0413,RT22044,EM WAVES AND TRANSMISSION LINES,21,26,3
14545A0413,RT22045,ANALOG COMMUNICATIONS,25,47,3
14545A0413,RT22046,ELECTRONIC CIRCUIT ANALYSIS LAB,25,50,2
14545A0413,RT22047,ANALOG COMMUNICATIONS LAB,25,47,2
14545A0414,RT22022,SWITCHING THEORY AND LOGIC DESIGN,14,27,3
14545A0414,RT22041,ELECTRONIC CIRCUIT ANALYSIS,16,36,3
14545A0414,RT22042,RANDOM VARIABLES & STOCHASTIC PROCESSES,20,33,3
14545A0414,RT22043,MANAGEMENT SCIENCE,20,24,3
14545A0414,RT22044,EM WAVES AND TRANSMISSION LINES,22,10,0
14545A0414,RT22045,ANALOG COMMUNICATIONS,21,32,3
14545A0414,RT22046,ELECTRONIC CIRCUIT ANALYSIS LAB,23,47,2
14545A0414,RT22047,ANALOG COMMUNICATIONS LAB,23,45,2
14545A0415,RT22022,SWITCHING THEORY AND LOGIC DESIGN,18,3,0
14545A0415,RT22041,ELECTRONIC CIRCUIT ANALYSIS,19,-1,0
14545A0415,RT22042,RANDOM VARIABLES & STOCHASTIC PROCESSES,19,-1,0
14545A0415,RT22043,MANAGEMENT SCIENCE,17,-1,0
14545A0415,RT22044,EM WAVES AND TRANSMISSION LINES,20,-1,0
14545A0415,RT22045,ANALOG COMMUNICATIONS,16,-1,0
14545A0415,RT22046,ELECTRONIC CIRCUIT ANALYSIS LAB,21,36,2
14545A0415,RT22047,ANALOG COMMUNICATIONS LAB,23,37,2
14545A0416,RT22022,SWITCHING THEORY AND LOGIC DESIGN,17,2,0
14545A0416,RT22041,ELECTRONIC CIRCUIT ANALYSIS,22,0,0
14545A0416,RT22042,RANDOM VARIABLES & STOCHASTIC PROCESSES,18,11,0
14545A0416,RT22043,MANAGEMENT SCIENCE,18,35,3
14545A0416,RT22044,EM WAVES AND TRANSMISSION LINES,18,24,3
14545A0416,RT22045,ANALOG COMMUNICATIONS,16,11,0
14545A0416,RT22046,ELECTRONIC CIRCUIT ANALYSIS LAB,21,40,2
14545A0416,RT22047,ANALOG COMMUNICATIONS LAB,23,36,2
14545A0417,RT22022,SWITCHING THEORY AND LOGIC DESIGN,16,29,3
14545A0417,RT22041,ELECTRONIC CIRCUIT ANALYSIS,18,24,3
14545A0417,RT22042,RANDOM VARIABLES & STOCHASTIC PROCESSES,16,9,0
14545A0417,RT22043,MANAGEMENT SCIENCE,15,41,3
14545A0417,RT22044,EM WAVES AND TRANSMISSION LINES,19,7,0
14545A0417,RT22045,ANALOG COMMUNICATIONS,18,33,3
14545A0417,RT22046,ELECTRONIC CIRCUIT ANALYSIS LAB,23,48,2
14545A0417,RT22047,ANALOG COMMUNICATIONS LAB,23,46,2
14545A0501,RT22051,PROBABILITY AND STATISTICS,20,7,0
14545A0501,RT22052,JAVA PROGRAMMING,20,24,3
14545A0501,RT22053,ADVANCED DATA STRUCTURES,19,8,0
14545A0501,RT22054,COMPUTER ORGANIZATION,22,5,0
14545A0501,RT22055,FORMAL LANGUAGES AND AUTOMATA THEORY,16,26,3
14545A0501,RT22056,ADVANCED DATA STRUCTURES LAB,22,47,2
14545A0501,RT22057,JAVA PROGRAMMING LAB,22,46,2
14545A0501,RT22058,FREE OPEN SOURCE SOFTWARE(FOSS) LAB,21,46,2
14545A0502,RT22051,PROBABILITY AND STATISTICS,18,27,3
14545A0502,RT22052,JAVA PROGRAMMING,23,14,0
14545A0502,RT22053,ADVANCED DATA STRUCTURES,23,48,3
14545A0502,RT22054,COMPUTER ORGANIZATION,23,30,3
14545A0502,RT22055,FORMAL LANGUAGES AND AUTOMATA THEORY,25,45,3
14545A0502,RT22056,ADVANCED DATA STRUCTURES LAB,24,49,2
14545A0502,RT22057,JAVA PROGRAMMING LAB,23,49,2
14545A0502,RT22058,FREE OPEN SOURCE SOFTWARE(FOSS) LAB,24,49,2
